Table,Column,Data type,Definition,Source type,Source/reference,Raw/derived/synthetic,Generation logic,Business purpose
acquisition_scenario,scenario_id,smallint,scoring acquisition_scenario field: scenario id.,ASSUMED,scoring scenario configuration in python/analysis/scoring_engine.py,Assumed,Explicit sensitivity/scoring assumption; versioned as data.,Explainable acquisition prioritisation and BD drill-down.
acquisition_scenario,scenario_code,text,scoring acquisition_scenario field: scenario code.,ASSUMED,scoring scenario configuration in python/analysis/scoring_engine.py,Assumed,Explicit sensitivity/scoring assumption; versioned as data.,Explainable acquisition prioritisation and BD drill-down.
acquisition_scenario,scenario_group,text,scoring acquisition_scenario field: scenario group.,ASSUMED,scoring scenario configuration in python/analysis/scoring_engine.py,Assumed,Explicit sensitivity/scoring assumption; versioned as data.,Explainable acquisition prioritisation and BD drill-down.
acquisition_scenario,description,text,scoring acquisition_scenario field: description.,ASSUMED,scoring scenario configuration in python/analysis/scoring_engine.py,Assumed,Explicit sensitivity/scoring assumption; versioned as data.,Explainable acquisition prioritisation and BD drill-down.
acquisition_scenario,weight_set_id,smallint,scoring acquisition_scenario field: weight set id.,ASSUMED,scoring scenario configuration in python/analysis/scoring_engine.py,Assumed,Explicit sensitivity/scoring assumption; versioned as data.,Explainable acquisition prioritisation and BD drill-down.
acquisition_scenario,demand_multiplier,numeric,scoring acquisition_scenario field: demand multiplier.,ASSUMED,scoring scenario configuration in python/analysis/scoring_engine.py,Assumed,Explicit sensitivity/scoring assumption; versioned as data.,Explainable acquisition prioritisation and BD drill-down.
acquisition_scenario,commission_multiplier,numeric,scoring acquisition_scenario field: commission multiplier.,ASSUMED,scoring scenario configuration in python/analysis/scoring_engine.py,Assumed,Explicit sensitivity/scoring assumption; versioned as data.,Explainable acquisition prioritisation and BD drill-down.
acquisition_scenario,booking_share_multiplier,numeric,scoring acquisition_scenario field: booking share multiplier.,ASSUMED,scoring scenario configuration in python/analysis/scoring_engine.py,Assumed,Explicit sensitivity/scoring assumption; versioned as data.,Explainable acquisition prioritisation and BD drill-down.
acquisition_scenario,dwell_multiplier,numeric,scoring acquisition_scenario field: dwell multiplier.,ASSUMED,scoring scenario configuration in python/analysis/scoring_engine.py,Assumed,Explicit sensitivity/scoring assumption; versioned as data.,Explainable acquisition prioritisation and BD drill-down.
acquisition_scenario,onboarding_cost_multiplier,numeric,scoring acquisition_scenario field: onboarding cost multiplier.,ASSUMED,scoring scenario configuration in python/analysis/scoring_engine.py,Assumed,Explicit sensitivity/scoring assumption; versioned as data.,Explainable acquisition prioritisation and BD drill-down.
acquisition_scenario,network_variant,text,scoring acquisition_scenario field: network variant.,ASSUMED,scoring scenario configuration in python/analysis/scoring_engine.py,Assumed,Explicit sensitivity/scoring assumption; versioned as data.,Explainable acquisition prioritisation and BD drill-down.
acquisition_scenario,include_in_stability,boolean,scoring acquisition_scenario field: include in stability.,ASSUMED,scoring scenario configuration in python/analysis/scoring_engine.py,Assumed,Explicit sensitivity/scoring assumption; versioned as data.,Explainable acquisition prioritisation and BD drill-down.
acquisition_scenario,methodology_note,text,scoring acquisition_scenario field: methodology note.,ASSUMED,scoring scenario configuration in python/analysis/scoring_engine.py,Assumed,Explicit sensitivity/scoring assumption; versioned as data.,Explainable acquisition prioritisation and BD drill-down.
bd_acquisition_targets,bd_priority_rank,integer,scoring bd_acquisition_targets field: bd priority rank.,DERIVED,sql/analysis/component_scores.sql and python/analysis/scoring_engine.py,Derived,Computed by the scoring analytical layer; see scoring_methodology.md.,Explainable acquisition prioritisation and BD drill-down.
bd_acquisition_targets,acquisition_rank,integer,scoring bd_acquisition_targets field: acquisition rank.,DERIVED,sql/analysis/component_scores.sql and python/analysis/scoring_engine.py,Derived,Computed by the scoring analytical layer; see scoring_methodology.md.,Explainable acquisition prioritisation and BD drill-down.
bd_acquisition_targets,parking_id,integer,scoring bd_acquisition_targets field: parking id.,CONFIG,baseline schema/seed and source ETL keys,Config,Stable join key or scenario identifier; not an observed business measure.,Explainable acquisition prioritisation and BD drill-down.
bd_acquisition_targets,parking_name,text,scoring bd_acquisition_targets field: parking name.,DERIVED,sql/analysis/component_scores.sql and python/analysis/scoring_engine.py,Derived,Computed by the scoring analytical layer; see scoring_methodology.md.,Explainable acquisition prioritisation and BD drill-down.
bd_acquisition_targets,locality_name,text,scoring bd_acquisition_targets field: locality name.,DERIVED,Cached OpenStreetMap snapshot + source cleaning/geo derivation,Derived,Calculated from public coordinates/features; sparse coverage is not proof of absence.,Explainable acquisition prioritisation and BD drill-down.
bd_acquisition_targets,acquisition_score,numeric,Weighted 0-100 composite under the identified scenario.,DERIVED,sql/analysis/component_scores.sql and python/analysis/scoring_engine.py,Derived,Computed by the scoring analytical layer; see scoring_methodology.md.,Explainable acquisition prioritisation and BD drill-down.
bd_acquisition_targets,demand_score,numeric,0-100 Demand Potential pillar score.,DERIVED,sql/analysis/component_scores.sql and python/analysis/scoring_engine.py,Derived,Computed by the scoring analytical layer; see scoring_methodology.md.,Explainable acquisition prioritisation and BD drill-down.
bd_acquisition_targets,revenue_score,numeric,0-100 Revenue Potential pillar score.,DERIVED,sql/analysis/component_scores.sql and python/analysis/scoring_engine.py,Derived,Computed by the scoring analytical layer; see scoring_methodology.md.,Explainable acquisition prioritisation and BD drill-down.
bd_acquisition_targets,competition_score,numeric,0-100 Competition Opportunity pillar score.,DERIVED,sql/analysis/component_scores.sql and python/analysis/scoring_engine.py,Derived,Computed by the scoring analytical layer; see scoring_methodology.md.,Explainable acquisition prioritisation and BD drill-down.
bd_acquisition_targets,strategic_fit_score,numeric,0-100 Strategic Fit pillar score.,DERIVED,sql/analysis/component_scores.sql and python/analysis/scoring_engine.py,Derived,Computed by the scoring analytical layer; see scoring_methodology.md.,Explainable acquisition prioritisation and BD drill-down.
bd_acquisition_targets,feasibility_score,numeric,0-100 Acquisition Feasibility pillar score.,DERIVED,sql/analysis/component_scores.sql and python/analysis/scoring_engine.py,Derived,Computed by the scoring analytical layer; see scoring_methodology.md.,Explainable acquisition prioritisation and BD drill-down.
bd_acquisition_targets,priority_segment,text,scoring bd_acquisition_targets field: priority segment.,DERIVED,sql/analysis/component_scores.sql and python/analysis/scoring_engine.py,Derived,Computed by the scoring analytical layer; see scoring_methodology.md.,Explainable acquisition prioritisation and BD drill-down.
bd_acquisition_targets,expected_monthly_platform_revenue_inr,numeric,"Illustrative synthetic monthly platform contribution; ordering input, not a forecast.",DERIVED,sql/analysis/component_scores.sql and python/analysis/scoring_engine.py,Derived,Computed by the scoring analytical layer; see scoring_methodology.md.,Explainable acquisition prioritisation and BD drill-down.
bd_acquisition_targets,estimated_onboarding_cost_inr,numeric,scoring bd_acquisition_targets field: estimated onboarding cost inr.,SYNTHETIC,python/etl/synthetic_generation.py and source data_generation.md,Synthetic,Relationship-aware deterministic simulation with the documented fixed seed.,Explainable acquisition prioritisation and BD drill-down.
bd_acquisition_targets,willingness_to_digitize,smallint,scoring bd_acquisition_targets field: willingness to digitize.,SYNTHETIC,python/etl/synthetic_generation.py and source data_generation.md,Synthetic,Relationship-aware deterministic simulation with the documented fixed seed.,Explainable acquisition prioritisation and BD drill-down.
bd_acquisition_targets,nearest_network_distance_km,double precision,scoring bd_acquisition_targets field: nearest network distance km.,DERIVED,sql/analysis/component_scores.sql and python/analysis/scoring_engine.py,Derived,Computed by the scoring analytical layer; see scoring_methodology.md.,Explainable acquisition prioritisation and BD drill-down.
bd_acquisition_targets,positive_reason_flags,ARRAY,scoring bd_acquisition_targets field: positive reason flags.,DERIVED,sql/analysis/component_scores.sql and python/analysis/scoring_engine.py,Derived,Computed by the scoring analytical layer; see scoring_methodology.md.,Explainable acquisition prioritisation and BD drill-down.
bd_acquisition_targets,constraint_reason_flags,ARRAY,scoring bd_acquisition_targets field: constraint reason flags.,DERIVED,sql/analysis/component_scores.sql and python/analysis/scoring_engine.py,Derived,Computed by the scoring analytical layer; see scoring_methodology.md.,Explainable acquisition prioritisation and BD drill-down.
bd_acquisition_targets,recommendation,text,scoring bd_acquisition_targets field: recommendation.,DERIVED,sql/analysis/component_scores.sql and python/analysis/scoring_engine.py,Derived,Computed by the scoring analytical layer; see scoring_methodology.md.,Explainable acquisition prioritisation and BD drill-down.
bd_acquisition_targets,is_top_10,boolean,scoring bd_acquisition_targets field: is top 10.,DERIVED,sql/analysis/component_scores.sql and python/analysis/scoring_engine.py,Derived,Computed by the scoring analytical layer; see scoring_methodology.md.,Explainable acquisition prioritisation and BD drill-down.
bd_acquisition_targets,is_top_20,boolean,scoring bd_acquisition_targets field: is top 20.,DERIVED,sql/analysis/component_scores.sql and python/analysis/scoring_engine.py,Derived,Computed by the scoring analytical layer; see scoring_methodology.md.,Explainable acquisition prioritisation and BD drill-down.
bd_acquisition_targets,is_top_50,boolean,scoring bd_acquisition_targets field: is top 50.,DERIVED,sql/analysis/component_scores.sql and python/analysis/scoring_engine.py,Derived,Computed by the scoring analytical layer; see scoring_methodology.md.,Explainable acquisition prioritisation and BD drill-down.
locality_acquisition_summary,locality_id,smallint,scoring locality_acquisition_summary field: locality id.,CONFIG,baseline schema/seed and source ETL keys,Config,Stable join key or scenario identifier; not an observed business measure.,Explainable acquisition prioritisation and BD drill-down.
locality_acquisition_summary,locality_name,text,scoring locality_acquisition_summary field: locality name.,DERIVED,Cached OpenStreetMap snapshot + source cleaning/geo derivation,Derived,Calculated from public coordinates/features; sparse coverage is not proof of absence.,Explainable acquisition prioritisation and BD drill-down.
locality_acquisition_summary,city_name,text,scoring locality_acquisition_summary field: city name.,CONFIG,baseline schema/seed and source ETL keys,Config,Stable join key or scenario identifier; not an observed business measure.,Explainable acquisition prioritisation and BD drill-down.
locality_acquisition_summary,micro_market_type,text,scoring locality_acquisition_summary field: micro market type.,ASSUMED,the data pipeline documented assumptions and market classification,Assumed,Analyst-defined prior or fallback classification; not presented as observed fact.,Explainable acquisition prioritisation and BD drill-down.
locality_acquisition_summary,opportunity_count,integer,scoring locality_acquisition_summary field: opportunity count.,DERIVED,sql/analysis/component_scores.sql and python/analysis/scoring_engine.py,Derived,Computed by the scoring analytical layer; see scoring_methodology.md.,Explainable acquisition prioritisation and BD drill-down.
locality_acquisition_summary,total_candidate_capacity_cars,integer,scoring locality_acquisition_summary field: total candidate capacity cars.,DERIVED,sql/analysis/component_scores.sql and python/analysis/scoring_engine.py,Derived,Computed by the scoring analytical layer; see scoring_methodology.md.,Explainable acquisition prioritisation and BD drill-down.
locality_acquisition_summary,average_demand_score,numeric,scoring locality_acquisition_summary field: average demand score.,DERIVED,sql/analysis/component_scores.sql and python/analysis/scoring_engine.py,Derived,Computed by the scoring analytical layer; see scoring_methodology.md.,Explainable acquisition prioritisation and BD drill-down.
locality_acquisition_summary,average_revenue_score,numeric,scoring locality_acquisition_summary field: average revenue score.,DERIVED,sql/analysis/component_scores.sql and python/analysis/scoring_engine.py,Derived,Computed by the scoring analytical layer; see scoring_methodology.md.,Explainable acquisition prioritisation and BD drill-down.
locality_acquisition_summary,average_competition_score,numeric,scoring locality_acquisition_summary field: average competition score.,DERIVED,sql/analysis/component_scores.sql and python/analysis/scoring_engine.py,Derived,Computed by the scoring analytical layer; see scoring_methodology.md.,Explainable acquisition prioritisation and BD drill-down.
locality_acquisition_summary,average_strategic_fit_score,numeric,scoring locality_acquisition_summary field: average strategic fit score.,DERIVED,sql/analysis/component_scores.sql and python/analysis/scoring_engine.py,Derived,Computed by the scoring analytical layer; see scoring_methodology.md.,Explainable acquisition prioritisation and BD drill-down.
locality_acquisition_summary,average_feasibility_score,numeric,scoring locality_acquisition_summary field: average feasibility score.,DERIVED,sql/analysis/component_scores.sql and python/analysis/scoring_engine.py,Derived,Computed by the scoring analytical layer; see scoring_methodology.md.,Explainable acquisition prioritisation and BD drill-down.
locality_acquisition_summary,average_acquisition_score,numeric,scoring locality_acquisition_summary field: average acquisition score.,DERIVED,sql/analysis/component_scores.sql and python/analysis/scoring_engine.py,Derived,Computed by the scoring analytical layer; see scoring_methodology.md.,Explainable acquisition prioritisation and BD drill-down.
locality_acquisition_summary,expected_monthly_platform_revenue_inr,numeric,"Illustrative synthetic monthly platform contribution; ordering input, not a forecast.",DERIVED,sql/analysis/component_scores.sql and python/analysis/scoring_engine.py,Derived,Computed by the scoring analytical layer; see scoring_methodology.md.,Explainable acquisition prioritisation and BD drill-down.
locality_acquisition_summary,live_network_site_count,integer,scoring locality_acquisition_summary field: live network site count.,DERIVED,sql/analysis/component_scores.sql and python/analysis/scoring_engine.py,Derived,Computed by the scoring analytical layer; see scoring_methodology.md.,Explainable acquisition prioritisation and BD drill-down.
locality_acquisition_summary,live_network_capacity_cars,integer,scoring locality_acquisition_summary field: live network capacity cars.,DERIVED,sql/analysis/component_scores.sql and python/analysis/scoring_engine.py,Derived,Computed by the scoring analytical layer; see scoring_methodology.md.,Explainable acquisition prioritisation and BD drill-down.
locality_acquisition_summary,market_whitespace_score,numeric,0-100 location-demand strength adjusted for hypothetical local network coverage.,DERIVED,sql/analysis/component_scores.sql and python/analysis/scoring_engine.py,Derived,Computed by the scoring analytical layer; see scoring_methodology.md.,Explainable acquisition prioritisation and BD drill-down.
locality_acquisition_summary,high_priority_opportunity_count,integer,scoring locality_acquisition_summary field: high priority opportunity count.,DERIVED,sql/analysis/component_scores.sql and python/analysis/scoring_engine.py,Derived,Computed by the scoring analytical layer; see scoring_methodology.md.,Explainable acquisition prioritisation and BD drill-down.
locality_acquisition_summary,generated_at,timestamp with time zone,scoring locality_acquisition_summary field: generated at.,DERIVED,sql/analysis/component_scores.sql and python/analysis/scoring_engine.py,Derived,Computed by the scoring analytical layer; see scoring_methodology.md.,Explainable acquisition prioritisation and BD drill-down.
lot_dimension_score,parking_id,integer,scoring lot_dimension_score field: parking id.,CONFIG,baseline schema/seed and source ETL keys,Config,Stable join key or scenario identifier; not an observed business measure.,Explainable acquisition prioritisation and BD drill-down.
lot_dimension_score,weight_set_id,smallint,scoring lot_dimension_score field: weight set id.,CONFIG,baseline schema/seed and source ETL keys,Config,Stable join key or scenario identifier; not an observed business measure.,Explainable acquisition prioritisation and BD drill-down.
lot_dimension_score,dimension_code,text,scoring lot_dimension_score field: dimension code.,DERIVED,sql/analysis/component_scores.sql and python/analysis/scoring_engine.py,Derived,Computed by the scoring analytical layer; see scoring_methodology.md.,Explainable acquisition prioritisation and BD drill-down.
lot_dimension_score,subscore,numeric,scoring lot_dimension_score field: subscore.,DERIVED,sql/analysis/component_scores.sql and python/analysis/scoring_engine.py,Derived,Computed by the scoring analytical layer; see scoring_methodology.md.,Explainable acquisition prioritisation and BD drill-down.
lot_dimension_score,weight_applied,numeric,Weight applied to this pillar under the selected weight set.,DERIVED,sql/analysis/component_scores.sql and python/analysis/scoring_engine.py,Derived,Computed by the scoring analytical layer; see scoring_methodology.md.,Explainable acquisition prioritisation and BD drill-down.
lot_dimension_score,weighted_contribution,numeric,Pillar score multiplied by the selected weight set weight.,DERIVED,sql/analysis/component_scores.sql and python/analysis/scoring_engine.py,Derived,Computed by the scoring analytical layer; see scoring_methodology.md.,Explainable acquisition prioritisation and BD drill-down.
lot_rank_stability,parking_id,integer,scoring lot_rank_stability field: parking id.,CONFIG,baseline schema/seed and source ETL keys,Config,Stable join key or scenario identifier; not an observed business measure.,Explainable acquisition prioritisation and BD drill-down.
lot_rank_stability,scenarios_evaluated,smallint,scoring lot_rank_stability field: scenarios evaluated.,DERIVED,sql/analysis/component_scores.sql and python/analysis/scoring_engine.py,Derived,Computed by the scoring analytical layer; see scoring_methodology.md.,Explainable acquisition prioritisation and BD drill-down.
lot_rank_stability,top_10_scenario_count,smallint,scoring lot_rank_stability field: top 10 scenario count.,DERIVED,sql/analysis/component_scores.sql and python/analysis/scoring_engine.py,Derived,Computed by the scoring analytical layer; see scoring_methodology.md.,Explainable acquisition prioritisation and BD drill-down.
lot_rank_stability,rank_stability_pct,numeric,Share of primary scenarios where the lot appears in the Top 10.,DERIVED,sql/analysis/component_scores.sql and python/analysis/scoring_engine.py,Derived,Computed by the scoring analytical layer; see scoring_methodology.md.,Explainable acquisition prioritisation and BD drill-down.
lot_rank_stability,stability_class,text,scoring lot_rank_stability field: stability class.,DERIVED,sql/analysis/component_scores.sql and python/analysis/scoring_engine.py,Derived,Computed by the scoring analytical layer; see scoring_methodology.md.,Explainable acquisition prioritisation and BD drill-down.
lot_rank_stability,median_rank,numeric,scoring lot_rank_stability field: median rank.,DERIVED,sql/analysis/component_scores.sql and python/analysis/scoring_engine.py,Derived,Computed by the scoring analytical layer; see scoring_methodology.md.,Explainable acquisition prioritisation and BD drill-down.
lot_rank_stability,min_rank,integer,scoring lot_rank_stability field: min rank.,DERIVED,sql/analysis/component_scores.sql and python/analysis/scoring_engine.py,Derived,Computed by the scoring analytical layer; see scoring_methodology.md.,Explainable acquisition prioritisation and BD drill-down.
lot_rank_stability,max_rank,integer,scoring lot_rank_stability field: max rank.,DERIVED,sql/analysis/component_scores.sql and python/analysis/scoring_engine.py,Derived,Computed by the scoring analytical layer; see scoring_methodology.md.,Explainable acquisition prioritisation and BD drill-down.
lot_rank_stability,generated_at,timestamp with time zone,scoring lot_rank_stability field: generated at.,DERIVED,sql/analysis/component_scores.sql and python/analysis/scoring_engine.py,Derived,Computed by the scoring analytical layer; see scoring_methodology.md.,Explainable acquisition prioritisation and BD drill-down.
lot_scenario_score,parking_id,integer,scoring lot_scenario_score field: parking id.,CONFIG,baseline schema/seed and source ETL keys,Config,Stable join key or scenario identifier; not an observed business measure.,Explainable acquisition prioritisation and BD drill-down.
lot_scenario_score,scenario_id,smallint,scoring lot_scenario_score field: scenario id.,CONFIG,baseline schema/seed and source ETL keys,Config,Stable join key or scenario identifier; not an observed business measure.,Explainable acquisition prioritisation and BD drill-down.
lot_scenario_score,demand_score,numeric,0-100 Demand Potential pillar score.,DERIVED,sql/analysis/component_scores.sql and python/analysis/scoring_engine.py,Derived,Computed by the scoring analytical layer; see scoring_methodology.md.,Explainable acquisition prioritisation and BD drill-down.
lot_scenario_score,revenue_score,numeric,0-100 Revenue Potential pillar score.,DERIVED,sql/analysis/component_scores.sql and python/analysis/scoring_engine.py,Derived,Computed by the scoring analytical layer; see scoring_methodology.md.,Explainable acquisition prioritisation and BD drill-down.
lot_scenario_score,competition_score,numeric,0-100 Competition Opportunity pillar score.,DERIVED,sql/analysis/component_scores.sql and python/analysis/scoring_engine.py,Derived,Computed by the scoring analytical layer; see scoring_methodology.md.,Explainable acquisition prioritisation and BD drill-down.
lot_scenario_score,strategic_fit_score,numeric,0-100 Strategic Fit pillar score.,DERIVED,sql/analysis/component_scores.sql and python/analysis/scoring_engine.py,Derived,Computed by the scoring analytical layer; see scoring_methodology.md.,Explainable acquisition prioritisation and BD drill-down.
lot_scenario_score,feasibility_score,numeric,0-100 Acquisition Feasibility pillar score.,DERIVED,sql/analysis/component_scores.sql and python/analysis/scoring_engine.py,Derived,Computed by the scoring analytical layer; see scoring_methodology.md.,Explainable acquisition prioritisation and BD drill-down.
lot_scenario_score,achievable_utilization,numeric,scoring lot_scenario_score field: achievable utilization.,DERIVED,sql/analysis/component_scores.sql and python/analysis/scoring_engine.py,Derived,Computed by the scoring analytical layer; see scoring_methodology.md.,Explainable acquisition prioritisation and BD drill-down.
lot_scenario_score,expected_monthly_platform_revenue_inr,numeric,"Illustrative synthetic monthly platform contribution; ordering input, not a forecast.",DERIVED,sql/analysis/component_scores.sql and python/analysis/scoring_engine.py,Derived,Computed by the scoring analytical layer; see scoring_methodology.md.,Explainable acquisition prioritisation and BD drill-down.
lot_scenario_score,expected_revenue_per_space_inr,numeric,scoring lot_scenario_score field: expected revenue per space inr.,DERIVED,sql/analysis/component_scores.sql and python/analysis/scoring_engine.py,Derived,Computed by the scoring analytical layer; see scoring_methodology.md.,Explainable acquisition prioritisation and BD drill-down.
lot_scenario_score,adjusted_onboarding_cost_inr,numeric,scoring lot_scenario_score field: adjusted onboarding cost inr.,DERIVED,sql/analysis/component_scores.sql and python/analysis/scoring_engine.py,Derived,Computed by the scoring analytical layer; see scoring_methodology.md.,Explainable acquisition prioritisation and BD drill-down.
lot_scenario_score,attractiveness_score,numeric,"Weighted blend of non-feasibility pillars, re-normalised to 0-100.",DERIVED,sql/analysis/component_scores.sql and python/analysis/scoring_engine.py,Derived,Computed by the scoring analytical layer; see scoring_methodology.md.,Explainable acquisition prioritisation and BD drill-down.
lot_scenario_score,acquisition_score,numeric,Weighted 0-100 composite under the identified scenario.,DERIVED,sql/analysis/component_scores.sql and python/analysis/scoring_engine.py,Derived,Computed by the scoring analytical layer; see scoring_methodology.md.,Explainable acquisition prioritisation and BD drill-down.
lot_scenario_score,segment_code,text,Business action segment derived from attractiveness and feasibility thresholds.,DERIVED,sql/analysis/component_scores.sql and python/analysis/scoring_engine.py,Derived,Computed by the scoring analytical layer; see scoring_methodology.md.,Explainable acquisition prioritisation and BD drill-down.
lot_scenario_score,rank_overall,integer,Unique descending rank within a scenario.,DERIVED,sql/analysis/component_scores.sql and python/analysis/scoring_engine.py,Derived,Computed by the scoring analytical layer; see scoring_methodology.md.,Explainable acquisition prioritisation and BD drill-down.
lot_scenario_score,scored_at,timestamp with time zone,scoring lot_scenario_score field: scored at.,DERIVED,sql/analysis/component_scores.sql and python/analysis/scoring_engine.py,Derived,Computed by the scoring analytical layer; see scoring_methodology.md.,Explainable acquisition prioritisation and BD drill-down.
lot_score,parking_id,integer,scoring lot_score field: parking id.,CONFIG,baseline schema/seed and source ETL keys,Config,Stable join key or scenario identifier; not an observed business measure.,Explainable acquisition prioritisation and BD drill-down.
lot_score,weight_set_id,smallint,scoring lot_score field: weight set id.,CONFIG,baseline schema/seed and source ETL keys,Config,Stable join key or scenario identifier; not an observed business measure.,Explainable acquisition prioritisation and BD drill-down.
lot_score,attractiveness_score,numeric,"Weighted blend of non-feasibility pillars, re-normalised to 0-100.",DERIVED,sql/analysis/component_scores.sql and python/analysis/scoring_engine.py,Derived,Computed by the scoring analytical layer; see scoring_methodology.md.,Explainable acquisition prioritisation and BD drill-down.
lot_score,feasibility_score,numeric,0-100 Acquisition Feasibility pillar score.,DERIVED,sql/analysis/component_scores.sql and python/analysis/scoring_engine.py,Derived,Computed by the scoring analytical layer; see scoring_methodology.md.,Explainable acquisition prioritisation and BD drill-down.
lot_score,acquisition_score,numeric,Weighted 0-100 composite under the identified scenario.,DERIVED,sql/analysis/component_scores.sql and python/analysis/scoring_engine.py,Derived,Computed by the scoring analytical layer; see scoring_methodology.md.,Explainable acquisition prioritisation and BD drill-down.
lot_score,segment_code,text,Business action segment derived from attractiveness and feasibility thresholds.,DERIVED,sql/analysis/component_scores.sql and python/analysis/scoring_engine.py,Derived,Computed by the scoring analytical layer; see scoring_methodology.md.,Explainable acquisition prioritisation and BD drill-down.
lot_score,rank_overall,integer,Unique descending rank within a scenario.,DERIVED,sql/analysis/component_scores.sql and python/analysis/scoring_engine.py,Derived,Computed by the scoring analytical layer; see scoring_methodology.md.,Explainable acquisition prioritisation and BD drill-down.
lot_score,scored_at,timestamp with time zone,scoring lot_score field: scored at.,DERIVED,sql/analysis/component_scores.sql and python/analysis/scoring_engine.py,Derived,Computed by the scoring analytical layer; see scoring_methodology.md.,Explainable acquisition prioritisation and BD drill-down.
parking_acquisition_features,parking_id,integer,scoring parking_acquisition_features field: parking id.,CONFIG,baseline schema/seed and source ETL keys,Config,Stable join key or scenario identifier; not an observed business measure.,Explainable acquisition prioritisation and BD drill-down.
parking_acquisition_features,lot_code,text,scoring parking_acquisition_features field: lot code.,CONFIG,baseline schema/seed and source ETL keys,Config,Stable join key or scenario identifier; not an observed business measure.,Explainable acquisition prioritisation and BD drill-down.
parking_acquisition_features,lot_name,text,scoring parking_acquisition_features field: lot name.,DERIVED,Cached OpenStreetMap snapshot + source cleaning/geo derivation,Derived,Calculated from public coordinates/features; sparse coverage is not proof of absence.,Explainable acquisition prioritisation and BD drill-down.
parking_acquisition_features,locality_id,smallint,scoring parking_acquisition_features field: locality id.,CONFIG,baseline schema/seed and source ETL keys,Config,Stable join key or scenario identifier; not an observed business measure.,Explainable acquisition prioritisation and BD drill-down.
parking_acquisition_features,locality_name,text,scoring parking_acquisition_features field: locality name.,DERIVED,Cached OpenStreetMap snapshot + source cleaning/geo derivation,Derived,Calculated from public coordinates/features; sparse coverage is not proof of absence.,Explainable acquisition prioritisation and BD drill-down.
parking_acquisition_features,city_name,text,scoring parking_acquisition_features field: city name.,CONFIG,baseline schema/seed and source ETL keys,Config,Stable join key or scenario identifier; not an observed business measure.,Explainable acquisition prioritisation and BD drill-down.
parking_acquisition_features,micro_market_type,text,scoring parking_acquisition_features field: micro market type.,ASSUMED,the data pipeline documented assumptions and market classification,Assumed,Analyst-defined prior or fallback classification; not presented as observed fact.,Explainable acquisition prioritisation and BD drill-down.
parking_acquisition_features,population_density_band,text,scoring parking_acquisition_features field: population density band.,ASSUMED,the data pipeline documented assumptions and market classification,Assumed,Analyst-defined prior or fallback classification; not presented as observed fact.,Explainable acquisition prioritisation and BD drill-down.
parking_acquisition_features,owner_id,integer,scoring parking_acquisition_features field: owner id.,SYNTHETIC,python/etl/synthetic_generation.py and source data_generation.md,Synthetic,Relationship-aware deterministic simulation with the documented fixed seed.,Explainable acquisition prioritisation and BD drill-down.
parking_acquisition_features,owner_type,text,scoring parking_acquisition_features field: owner type.,SYNTHETIC,python/etl/synthetic_generation.py and source data_generation.md,Synthetic,Relationship-aware deterministic simulation with the documented fixed seed.,Explainable acquisition prioritisation and BD drill-down.
parking_acquisition_features,latitude,numeric,scoring parking_acquisition_features field: latitude.,PUBLIC,Cached OpenStreetMap snapshot and element references,Public,Copied from the cached public source; no runtime API call is required.,Explainable acquisition prioritisation and BD drill-down.
parking_acquisition_features,longitude,numeric,scoring parking_acquisition_features field: longitude.,PUBLIC,Cached OpenStreetMap snapshot and element references,Public,Copied from the cached public source; no runtime API call is required.,Explainable acquisition prioritisation and BD drill-down.
parking_acquisition_features,parking_type,text,scoring parking_acquisition_features field: parking type.,ASSUMED,the data pipeline documented assumptions and market classification,Assumed,Analyst-defined prior or fallback classification; not presented as observed fact.,Explainable acquisition prioritisation and BD drill-down.
parking_acquisition_features,capacity_cars,smallint,scoring parking_acquisition_features field: capacity cars.,SYNTHETIC,python/etl/synthetic_generation.py and source data_generation.md,Synthetic,Relationship-aware deterministic simulation with the documented fixed seed.,Explainable acquisition prioritisation and BD drill-down.
parking_acquisition_features,hourly_rate_inr,numeric,scoring parking_acquisition_features field: hourly rate inr.,SYNTHETIC,python/etl/synthetic_generation.py and source data_generation.md,Synthetic,Relationship-aware deterministic simulation with the documented fixed seed.,Explainable acquisition prioritisation and BD drill-down.
parking_acquisition_features,is_24x7,boolean,scoring parking_acquisition_features field: is 24x7.,SYNTHETIC,python/etl/synthetic_generation.py and source data_generation.md,Synthetic,Relationship-aware deterministic simulation with the documented fixed seed.,Explainable acquisition prioritisation and BD drill-down.
parking_acquisition_features,operating_hours,numeric,scoring parking_acquisition_features field: operating hours.,DERIVED,sql/analysis/component_scores.sql and python/analysis/scoring_engine.py,Derived,Computed by the scoring analytical layer; see scoring_methodology.md.,Explainable acquisition prioritisation and BD drill-down.
parking_acquisition_features,record_source,text,scoring parking_acquisition_features field: record source.,CONFIG,baseline schema/seed and source ETL keys,Config,Stable join key or scenario identifier; not an observed business measure.,Explainable acquisition prioritisation and BD drill-down.
parking_acquisition_features,source_name,text,scoring parking_acquisition_features field: source name.,PUBLIC,Cached OpenStreetMap snapshot and element references,Public,Copied from the cached public source; no runtime API call is required.,Explainable acquisition prioritisation and BD drill-down.
parking_acquisition_features,source_reference,text,scoring parking_acquisition_features field: source reference.,PUBLIC,Cached OpenStreetMap snapshot and element references,Public,Copied from the cached public source; no runtime API call is required.,Explainable acquisition prioritisation and BD drill-down.
parking_acquisition_features,data_quality_flag,text,scoring parking_acquisition_features field: data quality flag.,DERIVED,sql/analysis/component_scores.sql and python/analysis/scoring_engine.py,Derived,Computed by the scoring analytical layer; see scoring_methodology.md.,Explainable acquisition prioritisation and BD drill-down.
parking_acquisition_features,metro_distance_m,integer,scoring parking_acquisition_features field: metro distance m.,DERIVED,Cached OpenStreetMap snapshot + source cleaning/geo derivation,Derived,Calculated from public coordinates/features; sparse coverage is not proof of absence.,Explainable acquisition prioritisation and BD drill-down.
parking_acquisition_features,nearest_metro_station,text,scoring parking_acquisition_features field: nearest metro station.,DERIVED,Cached OpenStreetMap snapshot + source cleaning/geo derivation,Derived,Calculated from public coordinates/features; sparse coverage is not proof of absence.,Explainable acquisition prioritisation and BD drill-down.
parking_acquisition_features,mall_distance_m,integer,scoring parking_acquisition_features field: mall distance m.,DERIVED,Cached OpenStreetMap snapshot + source cleaning/geo derivation,Derived,Calculated from public coordinates/features; sparse coverage is not proof of absence.,Explainable acquisition prioritisation and BD drill-down.
parking_acquisition_features,office_count_500m,smallint,scoring parking_acquisition_features field: office count 500m.,DERIVED,Cached OpenStreetMap snapshot + source cleaning/geo derivation,Derived,Calculated from public coordinates/features; sparse coverage is not proof of absence.,Explainable acquisition prioritisation and BD drill-down.
parking_acquisition_features,retail_count_500m,smallint,scoring parking_acquisition_features field: retail count 500m.,DERIVED,Cached OpenStreetMap snapshot + source cleaning/geo derivation,Derived,Calculated from public coordinates/features; sparse coverage is not proof of absence.,Explainable acquisition prioritisation and BD drill-down.
parking_acquisition_features,restaurant_count_500m,smallint,scoring parking_acquisition_features field: restaurant count 500m.,DERIVED,Cached OpenStreetMap snapshot + source cleaning/geo derivation,Derived,Calculated from public coordinates/features; sparse coverage is not proof of absence.,Explainable acquisition prioritisation and BD drill-down.
parking_acquisition_features,hospital_count_1km,smallint,scoring parking_acquisition_features field: hospital count 1km.,DERIVED,Cached OpenStreetMap snapshot + source cleaning/geo derivation,Derived,Calculated from public coordinates/features; sparse coverage is not proof of absence.,Explainable acquisition prioritisation and BD drill-down.
parking_acquisition_features,education_count_1km,smallint,scoring parking_acquisition_features field: education count 1km.,DERIVED,Cached OpenStreetMap snapshot + source cleaning/geo derivation,Derived,Calculated from public coordinates/features; sparse coverage is not proof of absence.,Explainable acquisition prioritisation and BD drill-down.
parking_acquisition_features,transit_stop_count_500m,smallint,scoring parking_acquisition_features field: transit stop count 500m.,DERIVED,Cached OpenStreetMap snapshot + source cleaning/geo derivation,Derived,Calculated from public coordinates/features; sparse coverage is not proof of absence.,Explainable acquisition prioritisation and BD drill-down.
parking_acquisition_features,competitor_count_500m,smallint,scoring parking_acquisition_features field: competitor count 500m.,DERIVED,Cached OpenStreetMap snapshot + source cleaning/geo derivation,Derived,Calculated from public coordinates/features; sparse coverage is not proof of absence.,Explainable acquisition prioritisation and BD drill-down.
parking_acquisition_features,competitor_count_1km,smallint,scoring parking_acquisition_features field: competitor count 1km.,DERIVED,Cached OpenStreetMap snapshot + source cleaning/geo derivation,Derived,Calculated from public coordinates/features; sparse coverage is not proof of absence.,Explainable acquisition prioritisation and BD drill-down.
parking_acquisition_features,nearest_competitor_distance_m,integer,scoring parking_acquisition_features field: nearest competitor distance m.,DERIVED,Cached OpenStreetMap snapshot + source cleaning/geo derivation,Derived,Calculated from public coordinates/features; sparse coverage is not proof of absence.,Explainable acquisition prioritisation and BD drill-down.
parking_acquisition_features,competitor_avg_hourly_rate_inr,numeric,scoring parking_acquisition_features field: competitor avg hourly rate inr.,SYNTHETIC,python/etl/synthetic_generation.py and source data_generation.md,Synthetic,Relationship-aware deterministic simulation with the documented fixed seed.,Explainable acquisition prioritisation and BD drill-down.
parking_acquisition_features,aggregator_listed_count_1km,smallint,scoring parking_acquisition_features field: aggregator listed count 1km.,SYNTHETIC,python/etl/synthetic_generation.py and source data_generation.md,Synthetic,Relationship-aware deterministic simulation with the documented fixed seed.,Explainable acquisition prioritisation and BD drill-down.
parking_acquisition_features,aggregator_penetration_rate,numeric,scoring parking_acquisition_features field: aggregator penetration rate.,DERIVED,sql/analysis/component_scores.sql and python/analysis/scoring_engine.py,Derived,Computed by the scoring analytical layer; see scoring_methodology.md.,Explainable acquisition prioritisation and BD drill-down.
parking_acquisition_features,competitor_distance_proxy_m,numeric,scoring parking_acquisition_features field: competitor distance proxy m.,DERIVED,Cached OpenStreetMap snapshot + source cleaning/geo derivation,Derived,Calculated from public coordinates/features; sparse coverage is not proof of absence.,Explainable acquisition prioritisation and BD drill-down.
parking_acquisition_features,competitor_price_ratio,numeric,scoring parking_acquisition_features field: competitor price ratio.,DERIVED,sql/analysis/component_scores.sql and python/analysis/scoring_engine.py,Derived,Computed by the scoring analytical layer; see scoring_methodology.md.,Explainable acquisition prioritisation and BD drill-down.
parking_acquisition_features,expected_commission_pct,numeric,scoring parking_acquisition_features field: expected commission pct.,SYNTHETIC,python/etl/synthetic_generation.py and source data_generation.md,Synthetic,Relationship-aware deterministic simulation with the documented fixed seed.,Explainable acquisition prioritisation and BD drill-down.
parking_acquisition_features,estimated_onboarding_cost_inr,numeric,scoring parking_acquisition_features field: estimated onboarding cost inr.,SYNTHETIC,python/etl/synthetic_generation.py and source data_generation.md,Synthetic,Relationship-aware deterministic simulation with the documented fixed seed.,Explainable acquisition prioritisation and BD drill-down.
parking_acquisition_features,documentation_readiness,smallint,scoring parking_acquisition_features field: documentation readiness.,SYNTHETIC,python/etl/synthetic_generation.py and source data_generation.md,Synthetic,Relationship-aware deterministic simulation with the documented fixed seed.,Explainable acquisition prioritisation and BD drill-down.
parking_acquisition_features,operational_complexity,smallint,scoring parking_acquisition_features field: operational complexity.,SYNTHETIC,python/etl/synthetic_generation.py and source data_generation.md,Synthetic,Relationship-aware deterministic simulation with the documented fixed seed.,Explainable acquisition prioritisation and BD drill-down.
parking_acquisition_features,exclusivity_possible,boolean,scoring parking_acquisition_features field: exclusivity possible.,SYNTHETIC,python/etl/synthetic_generation.py and source data_generation.md,Synthetic,Relationship-aware deterministic simulation with the documented fixed seed.,Explainable acquisition prioritisation and BD drill-down.
parking_acquisition_features,requires_capex,boolean,scoring parking_acquisition_features field: requires capex.,SYNTHETIC,python/etl/synthetic_generation.py and source data_generation.md,Synthetic,Relationship-aware deterministic simulation with the documented fixed seed.,Explainable acquisition prioritisation and BD drill-down.
parking_acquisition_features,estimated_setup_days,smallint,scoring parking_acquisition_features field: estimated setup days.,SYNTHETIC,python/etl/synthetic_generation.py and source data_generation.md,Synthetic,Relationship-aware deterministic simulation with the documented fixed seed.,Explainable acquisition prioritisation and BD drill-down.
parking_acquisition_features,years_operating,smallint,scoring parking_acquisition_features field: years operating.,SYNTHETIC,python/etl/synthetic_generation.py and source data_generation.md,Synthetic,Relationship-aware deterministic simulation with the documented fixed seed.,Explainable acquisition prioritisation and BD drill-down.
parking_acquisition_features,digital_payment_enabled,boolean,scoring parking_acquisition_features field: digital payment enabled.,SYNTHETIC,python/etl/synthetic_generation.py and source data_generation.md,Synthetic,Relationship-aware deterministic simulation with the documented fixed seed.,Explainable acquisition prioritisation and BD drill-down.
parking_acquisition_features,management_system,text,scoring parking_acquisition_features field: management system.,SYNTHETIC,python/etl/synthetic_generation.py and source data_generation.md,Synthetic,Relationship-aware deterministic simulation with the documented fixed seed.,Explainable acquisition prioritisation and BD drill-down.
parking_acquisition_features,willingness_to_digitize,smallint,scoring parking_acquisition_features field: willingness to digitize.,SYNTHETIC,python/etl/synthetic_generation.py and source data_generation.md,Synthetic,Relationship-aware deterministic simulation with the documented fixed seed.,Explainable acquisition prioritisation and BD drill-down.
parking_acquisition_features,contract_flexibility,smallint,scoring parking_acquisition_features field: contract flexibility.,SYNTHETIC,python/etl/synthetic_generation.py and source data_generation.md,Synthetic,Relationship-aware deterministic simulation with the documented fixed seed.,Explainable acquisition prioritisation and BD drill-down.
parking_acquisition_features,decision_maker_accessible,boolean,scoring parking_acquisition_features field: decision maker accessible.,SYNTHETIC,python/etl/synthetic_generation.py and source data_generation.md,Synthetic,Relationship-aware deterministic simulation with the documented fixed seed.,Explainable acquisition prioritisation and BD drill-down.
parking_acquisition_features,avg_occupancy_rate,numeric,scoring parking_acquisition_features field: avg occupancy rate.,SYNTHETIC,python/etl/synthetic_generation.py and source data_generation.md,Synthetic,Relationship-aware deterministic simulation with the documented fixed seed.,Explainable acquisition prioritisation and BD drill-down.
parking_acquisition_features,p90_peak_occupancy_rate,double precision,scoring parking_acquisition_features field: p90 peak occupancy rate.,SYNTHETIC,python/etl/synthetic_generation.py and source data_generation.md,Synthetic,Relationship-aware deterministic simulation with the documented fixed seed.,Explainable acquisition prioritisation and BD drill-down.
parking_acquisition_features,weekday_occupancy_rate,numeric,scoring parking_acquisition_features field: weekday occupancy rate.,SYNTHETIC,python/etl/synthetic_generation.py and source data_generation.md,Synthetic,Relationship-aware deterministic simulation with the documented fixed seed.,Explainable acquisition prioritisation and BD drill-down.
parking_acquisition_features,weekend_occupancy_rate,numeric,scoring parking_acquisition_features field: weekend occupancy rate.,SYNTHETIC,python/etl/synthetic_generation.py and source data_generation.md,Synthetic,Relationship-aware deterministic simulation with the documented fixed seed.,Explainable acquisition prioritisation and BD drill-down.
parking_acquisition_features,avg_daily_entries,numeric,scoring parking_acquisition_features field: avg daily entries.,SYNTHETIC,python/etl/synthetic_generation.py and source data_generation.md,Synthetic,Relationship-aware deterministic simulation with the documented fixed seed.,Explainable acquisition prioritisation and BD drill-down.
parking_acquisition_features,avg_daily_platform_bookings,numeric,scoring parking_acquisition_features field: avg daily platform bookings.,SYNTHETIC,python/etl/synthetic_generation.py and source data_generation.md,Synthetic,Relationship-aware deterministic simulation with the documented fixed seed.,Explainable acquisition prioritisation and BD drill-down.
parking_acquisition_features,avg_daily_cancellations,numeric,scoring parking_acquisition_features field: avg daily cancellations.,SYNTHETIC,python/etl/synthetic_generation.py and source data_generation.md,Synthetic,Relationship-aware deterministic simulation with the documented fixed seed.,Explainable acquisition prioritisation and BD drill-down.
parking_acquisition_features,platform_booking_share,numeric,scoring parking_acquisition_features field: platform booking share.,SYNTHETIC,python/etl/synthetic_generation.py and source data_generation.md,Synthetic,Relationship-aware deterministic simulation with the documented fixed seed.,Explainable acquisition prioritisation and BD drill-down.
parking_acquisition_features,cancellation_rate,numeric,scoring parking_acquisition_features field: cancellation rate.,SYNTHETIC,python/etl/synthetic_generation.py and source data_generation.md,Synthetic,Relationship-aware deterministic simulation with the documented fixed seed.,Explainable acquisition prioritisation and BD drill-down.
parking_acquisition_features,avg_daily_gross_revenue_inr,numeric,scoring parking_acquisition_features field: avg daily gross revenue inr.,SYNTHETIC,python/etl/synthetic_generation.py and source data_generation.md,Synthetic,Relationship-aware deterministic simulation with the documented fixed seed.,Explainable acquisition prioritisation and BD drill-down.
parking_acquisition_features,observation_gross_revenue_inr,numeric,scoring parking_acquisition_features field: observation gross revenue inr.,SYNTHETIC,python/etl/synthetic_generation.py and source data_generation.md,Synthetic,Relationship-aware deterministic simulation with the documented fixed seed.,Explainable acquisition prioritisation and BD drill-down.
parking_acquisition_features,avg_park_duration_hours,numeric,scoring parking_acquisition_features field: avg park duration hours.,SYNTHETIC,python/etl/synthetic_generation.py and source data_generation.md,Synthetic,Relationship-aware deterministic simulation with the documented fixed seed.,Explainable acquisition prioritisation and BD drill-down.
parking_acquisition_features,weekday_hourly_peak_occupancy_rate,numeric,scoring parking_acquisition_features field: weekday hourly peak occupancy rate.,SYNTHETIC,python/etl/synthetic_generation.py and source data_generation.md,Synthetic,Relationship-aware deterministic simulation with the documented fixed seed.,Explainable acquisition prioritisation and BD drill-down.
parking_acquisition_features,weekend_hourly_peak_occupancy_rate,numeric,scoring parking_acquisition_features field: weekend hourly peak occupancy rate.,SYNTHETIC,python/etl/synthetic_generation.py and source data_generation.md,Synthetic,Relationship-aware deterministic simulation with the documented fixed seed.,Explainable acquisition prioritisation and BD drill-down.
parking_acquisition_features,weekday_busy_hour_share,numeric,scoring parking_acquisition_features field: weekday busy hour share.,SYNTHETIC,python/etl/synthetic_generation.py and source data_generation.md,Synthetic,Relationship-aware deterministic simulation with the documented fixed seed.,Explainable acquisition prioritisation and BD drill-down.
parking_acquisition_features,weekend_busy_hour_share,numeric,scoring parking_acquisition_features field: weekend busy hour share.,SYNTHETIC,python/etl/synthetic_generation.py and source data_generation.md,Synthetic,Relationship-aware deterministic simulation with the documented fixed seed.,Explainable acquisition prioritisation and BD drill-down.
parking_acquisition_features,nearest_network_distance_km,double precision,scoring parking_acquisition_features field: nearest network distance km.,DERIVED,sql/analysis/component_scores.sql and python/analysis/scoring_engine.py,Derived,Computed by the scoring analytical layer; see scoring_methodology.md.,Explainable acquisition prioritisation and BD drill-down.
parking_acquisition_features,nearest_live_network_distance_km,double precision,scoring parking_acquisition_features field: nearest live network distance km.,DERIVED,sql/analysis/component_scores.sql and python/analysis/scoring_engine.py,Derived,Computed by the scoring analytical layer; see scoring_methodology.md.,Explainable acquisition prioritisation and BD drill-down.
parking_acquisition_features,nearest_any_network_distance_km,double precision,scoring parking_acquisition_features field: nearest any network distance km.,DERIVED,sql/analysis/component_scores.sql and python/analysis/scoring_engine.py,Derived,Computed by the scoring analytical layer; see scoring_methodology.md.,Explainable acquisition prioritisation and BD drill-down.
parking_acquisition_features,nearest_mature_network_distance_km,double precision,scoring parking_acquisition_features field: nearest mature network distance km.,DERIVED,sql/analysis/component_scores.sql and python/analysis/scoring_engine.py,Derived,Computed by the scoring analytical layer; see scoring_methodology.md.,Explainable acquisition prioritisation and BD drill-down.
parking_acquisition_features,live_network_site_count,bigint,scoring parking_acquisition_features field: live network site count.,DERIVED,sql/analysis/component_scores.sql and python/analysis/scoring_engine.py,Derived,Computed by the scoring analytical layer; see scoring_methodology.md.,Explainable acquisition prioritisation and BD drill-down.
parking_acquisition_features,live_network_capacity_cars,bigint,scoring parking_acquisition_features field: live network capacity cars.,DERIVED,sql/analysis/component_scores.sql and python/analysis/scoring_engine.py,Derived,Computed by the scoring analytical layer; see scoring_methodology.md.,Explainable acquisition prioritisation and BD drill-down.
parking_acquisition_features,all_network_site_count,bigint,scoring parking_acquisition_features field: all network site count.,DERIVED,sql/analysis/component_scores.sql and python/analysis/scoring_engine.py,Derived,Computed by the scoring analytical layer; see scoring_methodology.md.,Explainable acquisition prioritisation and BD drill-down.
parking_acquisition_features,metro_access_raw,numeric,scoring parking_acquisition_features field: metro access raw.,DERIVED,sql/analysis/component_scores.sql and python/analysis/scoring_engine.py,Derived,Computed by the scoring analytical layer; see scoring_methodology.md.,Explainable acquisition prioritisation and BD drill-down.
parking_acquisition_features,poi_activity_raw,double precision,scoring parking_acquisition_features field: poi activity raw.,DERIVED,sql/analysis/component_scores.sql and python/analysis/scoring_engine.py,Derived,Computed by the scoring analytical layer; see scoring_methodology.md.,Explainable acquisition prioritisation and BD drill-down.
parking_acquisition_features,transit_access_raw,double precision,scoring parking_acquisition_features field: transit access raw.,DERIVED,sql/analysis/component_scores.sql and python/analysis/scoring_engine.py,Derived,Computed by the scoring analytical layer; see scoring_methodology.md.,Explainable acquisition prioritisation and BD drill-down.
parking_acquisition_features,market_demand_prior,numeric,scoring parking_acquisition_features field: market demand prior.,ASSUMED,the data pipeline documented assumptions and market classification,Assumed,Analyst-defined prior or fallback classification; not presented as observed fact.,Explainable acquisition prioritisation and BD drill-down.
parking_acquisition_features,management_maturity_score,numeric,scoring parking_acquisition_features field: management maturity score.,DERIVED,sql/analysis/component_scores.sql and python/analysis/scoring_engine.py,Derived,Computed by the scoring analytical layer; see scoring_methodology.md.,Explainable acquisition prioritisation and BD drill-down.
parking_acquisition_features,locality_lot_count,bigint,scoring parking_acquisition_features field: locality lot count.,DERIVED,sql/analysis/component_scores.sql and python/analysis/scoring_engine.py,Derived,Computed by the scoring analytical layer; see scoring_methodology.md.,Explainable acquisition prioritisation and BD drill-down.
parking_acquisition_features,locality_candidate_capacity_cars,bigint,scoring parking_acquisition_features field: locality candidate capacity cars.,DERIVED,sql/analysis/component_scores.sql and python/analysis/scoring_engine.py,Derived,Computed by the scoring analytical layer; see scoring_methodology.md.,Explainable acquisition prioritisation and BD drill-down.
parking_acquisition_features,locality_market_demand_prior,numeric,scoring parking_acquisition_features field: locality market demand prior.,DERIVED,sql/analysis/component_scores.sql and python/analysis/scoring_engine.py,Derived,Computed by the scoring analytical layer; see scoring_methodology.md.,Explainable acquisition prioritisation and BD drill-down.
parking_acquisition_features,locality_metro_access_raw,numeric,scoring parking_acquisition_features field: locality metro access raw.,DERIVED,sql/analysis/component_scores.sql and python/analysis/scoring_engine.py,Derived,Computed by the scoring analytical layer; see scoring_methodology.md.,Explainable acquisition prioritisation and BD drill-down.
parking_acquisition_features,competitor_supply_pressure_raw,numeric,scoring parking_acquisition_features field: competitor supply pressure raw.,DERIVED,sql/analysis/component_scores.sql and python/analysis/scoring_engine.py,Derived,Computed by the scoring analytical layer; see scoring_methodology.md.,Explainable acquisition prioritisation and BD drill-down.
parking_acquisition_features,latent_demand_headroom_raw,numeric,scoring parking_acquisition_features field: latent demand headroom raw.,DERIVED,sql/analysis/component_scores.sql and python/analysis/scoring_engine.py,Derived,Computed by the scoring analytical layer; see scoring_methodology.md.,Explainable acquisition prioritisation and BD drill-down.
parking_acquisition_score,parking_id,integer,scoring parking_acquisition_score field: parking id.,CONFIG,baseline schema/seed and source ETL keys,Config,Stable join key or scenario identifier; not an observed business measure.,Explainable acquisition prioritisation and BD drill-down.
parking_acquisition_score,lot_code,text,scoring parking_acquisition_score field: lot code.,CONFIG,baseline schema/seed and source ETL keys,Config,Stable join key or scenario identifier; not an observed business measure.,Explainable acquisition prioritisation and BD drill-down.
parking_acquisition_score,lot_name,text,scoring parking_acquisition_score field: lot name.,DERIVED,Cached OpenStreetMap snapshot + source cleaning/geo derivation,Derived,Calculated from public coordinates/features; sparse coverage is not proof of absence.,Explainable acquisition prioritisation and BD drill-down.
parking_acquisition_score,locality_id,smallint,scoring parking_acquisition_score field: locality id.,CONFIG,baseline schema/seed and source ETL keys,Config,Stable join key or scenario identifier; not an observed business measure.,Explainable acquisition prioritisation and BD drill-down.
parking_acquisition_score,locality_name,text,scoring parking_acquisition_score field: locality name.,DERIVED,Cached OpenStreetMap snapshot + source cleaning/geo derivation,Derived,Calculated from public coordinates/features; sparse coverage is not proof of absence.,Explainable acquisition prioritisation and BD drill-down.
parking_acquisition_score,city_name,text,scoring parking_acquisition_score field: city name.,CONFIG,baseline schema/seed and source ETL keys,Config,Stable join key or scenario identifier; not an observed business measure.,Explainable acquisition prioritisation and BD drill-down.
parking_acquisition_score,micro_market_type,text,scoring parking_acquisition_score field: micro market type.,ASSUMED,the data pipeline documented assumptions and market classification,Assumed,Analyst-defined prior or fallback classification; not presented as observed fact.,Explainable acquisition prioritisation and BD drill-down.
parking_acquisition_score,population_density_band,text,scoring parking_acquisition_score field: population density band.,ASSUMED,the data pipeline documented assumptions and market classification,Assumed,Analyst-defined prior or fallback classification; not presented as observed fact.,Explainable acquisition prioritisation and BD drill-down.
parking_acquisition_score,owner_id,integer,scoring parking_acquisition_score field: owner id.,SYNTHETIC,python/etl/synthetic_generation.py and source data_generation.md,Synthetic,Relationship-aware deterministic simulation with the documented fixed seed.,Explainable acquisition prioritisation and BD drill-down.
parking_acquisition_score,owner_type,text,scoring parking_acquisition_score field: owner type.,SYNTHETIC,python/etl/synthetic_generation.py and source data_generation.md,Synthetic,Relationship-aware deterministic simulation with the documented fixed seed.,Explainable acquisition prioritisation and BD drill-down.
parking_acquisition_score,latitude,numeric,scoring parking_acquisition_score field: latitude.,PUBLIC,Cached OpenStreetMap snapshot and element references,Public,Copied from the cached public source; no runtime API call is required.,Explainable acquisition prioritisation and BD drill-down.
parking_acquisition_score,longitude,numeric,scoring parking_acquisition_score field: longitude.,PUBLIC,Cached OpenStreetMap snapshot and element references,Public,Copied from the cached public source; no runtime API call is required.,Explainable acquisition prioritisation and BD drill-down.
parking_acquisition_score,parking_type,text,scoring parking_acquisition_score field: parking type.,ASSUMED,the data pipeline documented assumptions and market classification,Assumed,Analyst-defined prior or fallback classification; not presented as observed fact.,Explainable acquisition prioritisation and BD drill-down.
parking_acquisition_score,capacity_cars,smallint,scoring parking_acquisition_score field: capacity cars.,SYNTHETIC,python/etl/synthetic_generation.py and source data_generation.md,Synthetic,Relationship-aware deterministic simulation with the documented fixed seed.,Explainable acquisition prioritisation and BD drill-down.
parking_acquisition_score,hourly_rate_inr,numeric,scoring parking_acquisition_score field: hourly rate inr.,SYNTHETIC,python/etl/synthetic_generation.py and source data_generation.md,Synthetic,Relationship-aware deterministic simulation with the documented fixed seed.,Explainable acquisition prioritisation and BD drill-down.
parking_acquisition_score,is_24x7,boolean,scoring parking_acquisition_score field: is 24x7.,SYNTHETIC,python/etl/synthetic_generation.py and source data_generation.md,Synthetic,Relationship-aware deterministic simulation with the documented fixed seed.,Explainable acquisition prioritisation and BD drill-down.
parking_acquisition_score,operating_hours,numeric,scoring parking_acquisition_score field: operating hours.,DERIVED,sql/analysis/component_scores.sql and python/analysis/scoring_engine.py,Derived,Computed by the scoring analytical layer; see scoring_methodology.md.,Explainable acquisition prioritisation and BD drill-down.
parking_acquisition_score,record_source,text,scoring parking_acquisition_score field: record source.,CONFIG,baseline schema/seed and source ETL keys,Config,Stable join key or scenario identifier; not an observed business measure.,Explainable acquisition prioritisation and BD drill-down.
parking_acquisition_score,source_name,text,scoring parking_acquisition_score field: source name.,PUBLIC,Cached OpenStreetMap snapshot and element references,Public,Copied from the cached public source; no runtime API call is required.,Explainable acquisition prioritisation and BD drill-down.
parking_acquisition_score,source_reference,text,scoring parking_acquisition_score field: source reference.,PUBLIC,Cached OpenStreetMap snapshot and element references,Public,Copied from the cached public source; no runtime API call is required.,Explainable acquisition prioritisation and BD drill-down.
parking_acquisition_score,data_quality_flag,text,scoring parking_acquisition_score field: data quality flag.,DERIVED,sql/analysis/component_scores.sql and python/analysis/scoring_engine.py,Derived,Computed by the scoring analytical layer; see scoring_methodology.md.,Explainable acquisition prioritisation and BD drill-down.
parking_acquisition_score,metro_distance_m,integer,scoring parking_acquisition_score field: metro distance m.,DERIVED,Cached OpenStreetMap snapshot + source cleaning/geo derivation,Derived,Calculated from public coordinates/features; sparse coverage is not proof of absence.,Explainable acquisition prioritisation and BD drill-down.
parking_acquisition_score,nearest_metro_station,text,scoring parking_acquisition_score field: nearest metro station.,DERIVED,Cached OpenStreetMap snapshot + source cleaning/geo derivation,Derived,Calculated from public coordinates/features; sparse coverage is not proof of absence.,Explainable acquisition prioritisation and BD drill-down.
parking_acquisition_score,mall_distance_m,integer,scoring parking_acquisition_score field: mall distance m.,DERIVED,Cached OpenStreetMap snapshot + source cleaning/geo derivation,Derived,Calculated from public coordinates/features; sparse coverage is not proof of absence.,Explainable acquisition prioritisation and BD drill-down.
parking_acquisition_score,office_count_500m,smallint,scoring parking_acquisition_score field: office count 500m.,DERIVED,Cached OpenStreetMap snapshot + source cleaning/geo derivation,Derived,Calculated from public coordinates/features; sparse coverage is not proof of absence.,Explainable acquisition prioritisation and BD drill-down.
parking_acquisition_score,retail_count_500m,smallint,scoring parking_acquisition_score field: retail count 500m.,DERIVED,Cached OpenStreetMap snapshot + source cleaning/geo derivation,Derived,Calculated from public coordinates/features; sparse coverage is not proof of absence.,Explainable acquisition prioritisation and BD drill-down.
parking_acquisition_score,restaurant_count_500m,smallint,scoring parking_acquisition_score field: restaurant count 500m.,DERIVED,Cached OpenStreetMap snapshot + source cleaning/geo derivation,Derived,Calculated from public coordinates/features; sparse coverage is not proof of absence.,Explainable acquisition prioritisation and BD drill-down.
parking_acquisition_score,hospital_count_1km,smallint,scoring parking_acquisition_score field: hospital count 1km.,DERIVED,Cached OpenStreetMap snapshot + source cleaning/geo derivation,Derived,Calculated from public coordinates/features; sparse coverage is not proof of absence.,Explainable acquisition prioritisation and BD drill-down.
parking_acquisition_score,education_count_1km,smallint,scoring parking_acquisition_score field: education count 1km.,DERIVED,Cached OpenStreetMap snapshot + source cleaning/geo derivation,Derived,Calculated from public coordinates/features; sparse coverage is not proof of absence.,Explainable acquisition prioritisation and BD drill-down.
parking_acquisition_score,transit_stop_count_500m,smallint,scoring parking_acquisition_score field: transit stop count 500m.,DERIVED,Cached OpenStreetMap snapshot + source cleaning/geo derivation,Derived,Calculated from public coordinates/features; sparse coverage is not proof of absence.,Explainable acquisition prioritisation and BD drill-down.
parking_acquisition_score,competitor_count_500m,smallint,scoring parking_acquisition_score field: competitor count 500m.,DERIVED,Cached OpenStreetMap snapshot + source cleaning/geo derivation,Derived,Calculated from public coordinates/features; sparse coverage is not proof of absence.,Explainable acquisition prioritisation and BD drill-down.
parking_acquisition_score,competitor_count_1km,smallint,scoring parking_acquisition_score field: competitor count 1km.,DERIVED,Cached OpenStreetMap snapshot + source cleaning/geo derivation,Derived,Calculated from public coordinates/features; sparse coverage is not proof of absence.,Explainable acquisition prioritisation and BD drill-down.
parking_acquisition_score,nearest_competitor_distance_m,integer,scoring parking_acquisition_score field: nearest competitor distance m.,DERIVED,Cached OpenStreetMap snapshot + source cleaning/geo derivation,Derived,Calculated from public coordinates/features; sparse coverage is not proof of absence.,Explainable acquisition prioritisation and BD drill-down.
parking_acquisition_score,competitor_avg_hourly_rate_inr,numeric,scoring parking_acquisition_score field: competitor avg hourly rate inr.,SYNTHETIC,python/etl/synthetic_generation.py and source data_generation.md,Synthetic,Relationship-aware deterministic simulation with the documented fixed seed.,Explainable acquisition prioritisation and BD drill-down.
parking_acquisition_score,aggregator_listed_count_1km,smallint,scoring parking_acquisition_score field: aggregator listed count 1km.,SYNTHETIC,python/etl/synthetic_generation.py and source data_generation.md,Synthetic,Relationship-aware deterministic simulation with the documented fixed seed.,Explainable acquisition prioritisation and BD drill-down.
parking_acquisition_score,aggregator_penetration_rate,numeric,scoring parking_acquisition_score field: aggregator penetration rate.,DERIVED,sql/analysis/component_scores.sql and python/analysis/scoring_engine.py,Derived,Computed by the scoring analytical layer; see scoring_methodology.md.,Explainable acquisition prioritisation and BD drill-down.
parking_acquisition_score,competitor_distance_proxy_m,numeric,scoring parking_acquisition_score field: competitor distance proxy m.,DERIVED,Cached OpenStreetMap snapshot + source cleaning/geo derivation,Derived,Calculated from public coordinates/features; sparse coverage is not proof of absence.,Explainable acquisition prioritisation and BD drill-down.
parking_acquisition_score,competitor_price_ratio,numeric,scoring parking_acquisition_score field: competitor price ratio.,DERIVED,sql/analysis/component_scores.sql and python/analysis/scoring_engine.py,Derived,Computed by the scoring analytical layer; see scoring_methodology.md.,Explainable acquisition prioritisation and BD drill-down.
parking_acquisition_score,expected_commission_pct,numeric,scoring parking_acquisition_score field: expected commission pct.,SYNTHETIC,python/etl/synthetic_generation.py and source data_generation.md,Synthetic,Relationship-aware deterministic simulation with the documented fixed seed.,Explainable acquisition prioritisation and BD drill-down.
parking_acquisition_score,estimated_onboarding_cost_inr,numeric,scoring parking_acquisition_score field: estimated onboarding cost inr.,SYNTHETIC,python/etl/synthetic_generation.py and source data_generation.md,Synthetic,Relationship-aware deterministic simulation with the documented fixed seed.,Explainable acquisition prioritisation and BD drill-down.
parking_acquisition_score,documentation_readiness,smallint,scoring parking_acquisition_score field: documentation readiness.,SYNTHETIC,python/etl/synthetic_generation.py and source data_generation.md,Synthetic,Relationship-aware deterministic simulation with the documented fixed seed.,Explainable acquisition prioritisation and BD drill-down.
parking_acquisition_score,operational_complexity,smallint,scoring parking_acquisition_score field: operational complexity.,SYNTHETIC,python/etl/synthetic_generation.py and source data_generation.md,Synthetic,Relationship-aware deterministic simulation with the documented fixed seed.,Explainable acquisition prioritisation and BD drill-down.
parking_acquisition_score,exclusivity_possible,boolean,scoring parking_acquisition_score field: exclusivity possible.,SYNTHETIC,python/etl/synthetic_generation.py and source data_generation.md,Synthetic,Relationship-aware deterministic simulation with the documented fixed seed.,Explainable acquisition prioritisation and BD drill-down.
parking_acquisition_score,requires_capex,boolean,scoring parking_acquisition_score field: requires capex.,SYNTHETIC,python/etl/synthetic_generation.py and source data_generation.md,Synthetic,Relationship-aware deterministic simulation with the documented fixed seed.,Explainable acquisition prioritisation and BD drill-down.
parking_acquisition_score,estimated_setup_days,smallint,scoring parking_acquisition_score field: estimated setup days.,SYNTHETIC,python/etl/synthetic_generation.py and source data_generation.md,Synthetic,Relationship-aware deterministic simulation with the documented fixed seed.,Explainable acquisition prioritisation and BD drill-down.
parking_acquisition_score,years_operating,smallint,scoring parking_acquisition_score field: years operating.,SYNTHETIC,python/etl/synthetic_generation.py and source data_generation.md,Synthetic,Relationship-aware deterministic simulation with the documented fixed seed.,Explainable acquisition prioritisation and BD drill-down.
parking_acquisition_score,digital_payment_enabled,boolean,scoring parking_acquisition_score field: digital payment enabled.,SYNTHETIC,python/etl/synthetic_generation.py and source data_generation.md,Synthetic,Relationship-aware deterministic simulation with the documented fixed seed.,Explainable acquisition prioritisation and BD drill-down.
parking_acquisition_score,management_system,text,scoring parking_acquisition_score field: management system.,SYNTHETIC,python/etl/synthetic_generation.py and source data_generation.md,Synthetic,Relationship-aware deterministic simulation with the documented fixed seed.,Explainable acquisition prioritisation and BD drill-down.
parking_acquisition_score,willingness_to_digitize,smallint,scoring parking_acquisition_score field: willingness to digitize.,SYNTHETIC,python/etl/synthetic_generation.py and source data_generation.md,Synthetic,Relationship-aware deterministic simulation with the documented fixed seed.,Explainable acquisition prioritisation and BD drill-down.
parking_acquisition_score,contract_flexibility,smallint,scoring parking_acquisition_score field: contract flexibility.,SYNTHETIC,python/etl/synthetic_generation.py and source data_generation.md,Synthetic,Relationship-aware deterministic simulation with the documented fixed seed.,Explainable acquisition prioritisation and BD drill-down.
parking_acquisition_score,decision_maker_accessible,boolean,scoring parking_acquisition_score field: decision maker accessible.,SYNTHETIC,python/etl/synthetic_generation.py and source data_generation.md,Synthetic,Relationship-aware deterministic simulation with the documented fixed seed.,Explainable acquisition prioritisation and BD drill-down.
parking_acquisition_score,avg_occupancy_rate,numeric,scoring parking_acquisition_score field: avg occupancy rate.,SYNTHETIC,python/etl/synthetic_generation.py and source data_generation.md,Synthetic,Relationship-aware deterministic simulation with the documented fixed seed.,Explainable acquisition prioritisation and BD drill-down.
parking_acquisition_score,p90_peak_occupancy_rate,double precision,scoring parking_acquisition_score field: p90 peak occupancy rate.,SYNTHETIC,python/etl/synthetic_generation.py and source data_generation.md,Synthetic,Relationship-aware deterministic simulation with the documented fixed seed.,Explainable acquisition prioritisation and BD drill-down.
parking_acquisition_score,weekday_occupancy_rate,numeric,scoring parking_acquisition_score field: weekday occupancy rate.,SYNTHETIC,python/etl/synthetic_generation.py and source data_generation.md,Synthetic,Relationship-aware deterministic simulation with the documented fixed seed.,Explainable acquisition prioritisation and BD drill-down.
parking_acquisition_score,weekend_occupancy_rate,numeric,scoring parking_acquisition_score field: weekend occupancy rate.,SYNTHETIC,python/etl/synthetic_generation.py and source data_generation.md,Synthetic,Relationship-aware deterministic simulation with the documented fixed seed.,Explainable acquisition prioritisation and BD drill-down.
parking_acquisition_score,avg_daily_entries,numeric,scoring parking_acquisition_score field: avg daily entries.,SYNTHETIC,python/etl/synthetic_generation.py and source data_generation.md,Synthetic,Relationship-aware deterministic simulation with the documented fixed seed.,Explainable acquisition prioritisation and BD drill-down.
parking_acquisition_score,avg_daily_platform_bookings,numeric,scoring parking_acquisition_score field: avg daily platform bookings.,SYNTHETIC,python/etl/synthetic_generation.py and source data_generation.md,Synthetic,Relationship-aware deterministic simulation with the documented fixed seed.,Explainable acquisition prioritisation and BD drill-down.
parking_acquisition_score,avg_daily_cancellations,numeric,scoring parking_acquisition_score field: avg daily cancellations.,SYNTHETIC,python/etl/synthetic_generation.py and source data_generation.md,Synthetic,Relationship-aware deterministic simulation with the documented fixed seed.,Explainable acquisition prioritisation and BD drill-down.
parking_acquisition_score,platform_booking_share,numeric,scoring parking_acquisition_score field: platform booking share.,SYNTHETIC,python/etl/synthetic_generation.py and source data_generation.md,Synthetic,Relationship-aware deterministic simulation with the documented fixed seed.,Explainable acquisition prioritisation and BD drill-down.
parking_acquisition_score,cancellation_rate,numeric,scoring parking_acquisition_score field: cancellation rate.,SYNTHETIC,python/etl/synthetic_generation.py and source data_generation.md,Synthetic,Relationship-aware deterministic simulation with the documented fixed seed.,Explainable acquisition prioritisation and BD drill-down.
parking_acquisition_score,avg_daily_gross_revenue_inr,numeric,scoring parking_acquisition_score field: avg daily gross revenue inr.,SYNTHETIC,python/etl/synthetic_generation.py and source data_generation.md,Synthetic,Relationship-aware deterministic simulation with the documented fixed seed.,Explainable acquisition prioritisation and BD drill-down.
parking_acquisition_score,observation_gross_revenue_inr,numeric,scoring parking_acquisition_score field: observation gross revenue inr.,SYNTHETIC,python/etl/synthetic_generation.py and source data_generation.md,Synthetic,Relationship-aware deterministic simulation with the documented fixed seed.,Explainable acquisition prioritisation and BD drill-down.
parking_acquisition_score,avg_park_duration_hours,numeric,scoring parking_acquisition_score field: avg park duration hours.,SYNTHETIC,python/etl/synthetic_generation.py and source data_generation.md,Synthetic,Relationship-aware deterministic simulation with the documented fixed seed.,Explainable acquisition prioritisation and BD drill-down.
parking_acquisition_score,weekday_hourly_peak_occupancy_rate,numeric,scoring parking_acquisition_score field: weekday hourly peak occupancy rate.,SYNTHETIC,python/etl/synthetic_generation.py and source data_generation.md,Synthetic,Relationship-aware deterministic simulation with the documented fixed seed.,Explainable acquisition prioritisation and BD drill-down.
parking_acquisition_score,weekend_hourly_peak_occupancy_rate,numeric,scoring parking_acquisition_score field: weekend hourly peak occupancy rate.,SYNTHETIC,python/etl/synthetic_generation.py and source data_generation.md,Synthetic,Relationship-aware deterministic simulation with the documented fixed seed.,Explainable acquisition prioritisation and BD drill-down.
parking_acquisition_score,weekday_busy_hour_share,numeric,scoring parking_acquisition_score field: weekday busy hour share.,SYNTHETIC,python/etl/synthetic_generation.py and source data_generation.md,Synthetic,Relationship-aware deterministic simulation with the documented fixed seed.,Explainable acquisition prioritisation and BD drill-down.
parking_acquisition_score,weekend_busy_hour_share,numeric,scoring parking_acquisition_score field: weekend busy hour share.,SYNTHETIC,python/etl/synthetic_generation.py and source data_generation.md,Synthetic,Relationship-aware deterministic simulation with the documented fixed seed.,Explainable acquisition prioritisation and BD drill-down.
parking_acquisition_score,nearest_network_distance_km,double precision,scoring parking_acquisition_score field: nearest network distance km.,DERIVED,sql/analysis/component_scores.sql and python/analysis/scoring_engine.py,Derived,Computed by the scoring analytical layer; see scoring_methodology.md.,Explainable acquisition prioritisation and BD drill-down.
parking_acquisition_score,nearest_live_network_distance_km,double precision,scoring parking_acquisition_score field: nearest live network distance km.,DERIVED,sql/analysis/component_scores.sql and python/analysis/scoring_engine.py,Derived,Computed by the scoring analytical layer; see scoring_methodology.md.,Explainable acquisition prioritisation and BD drill-down.
parking_acquisition_score,nearest_any_network_distance_km,double precision,scoring parking_acquisition_score field: nearest any network distance km.,DERIVED,sql/analysis/component_scores.sql and python/analysis/scoring_engine.py,Derived,Computed by the scoring analytical layer; see scoring_methodology.md.,Explainable acquisition prioritisation and BD drill-down.
parking_acquisition_score,nearest_mature_network_distance_km,double precision,scoring parking_acquisition_score field: nearest mature network distance km.,DERIVED,sql/analysis/component_scores.sql and python/analysis/scoring_engine.py,Derived,Computed by the scoring analytical layer; see scoring_methodology.md.,Explainable acquisition prioritisation and BD drill-down.
parking_acquisition_score,live_network_site_count,bigint,scoring parking_acquisition_score field: live network site count.,DERIVED,sql/analysis/component_scores.sql and python/analysis/scoring_engine.py,Derived,Computed by the scoring analytical layer; see scoring_methodology.md.,Explainable acquisition prioritisation and BD drill-down.
parking_acquisition_score,live_network_capacity_cars,bigint,scoring parking_acquisition_score field: live network capacity cars.,DERIVED,sql/analysis/component_scores.sql and python/analysis/scoring_engine.py,Derived,Computed by the scoring analytical layer; see scoring_methodology.md.,Explainable acquisition prioritisation and BD drill-down.
parking_acquisition_score,all_network_site_count,bigint,scoring parking_acquisition_score field: all network site count.,DERIVED,sql/analysis/component_scores.sql and python/analysis/scoring_engine.py,Derived,Computed by the scoring analytical layer; see scoring_methodology.md.,Explainable acquisition prioritisation and BD drill-down.
parking_acquisition_score,metro_access_raw,numeric,scoring parking_acquisition_score field: metro access raw.,DERIVED,sql/analysis/component_scores.sql and python/analysis/scoring_engine.py,Derived,Computed by the scoring analytical layer; see scoring_methodology.md.,Explainable acquisition prioritisation and BD drill-down.
parking_acquisition_score,poi_activity_raw,double precision,scoring parking_acquisition_score field: poi activity raw.,DERIVED,sql/analysis/component_scores.sql and python/analysis/scoring_engine.py,Derived,Computed by the scoring analytical layer; see scoring_methodology.md.,Explainable acquisition prioritisation and BD drill-down.
parking_acquisition_score,transit_access_raw,double precision,scoring parking_acquisition_score field: transit access raw.,DERIVED,sql/analysis/component_scores.sql and python/analysis/scoring_engine.py,Derived,Computed by the scoring analytical layer; see scoring_methodology.md.,Explainable acquisition prioritisation and BD drill-down.
parking_acquisition_score,market_demand_prior,numeric,scoring parking_acquisition_score field: market demand prior.,ASSUMED,the data pipeline documented assumptions and market classification,Assumed,Analyst-defined prior or fallback classification; not presented as observed fact.,Explainable acquisition prioritisation and BD drill-down.
parking_acquisition_score,management_maturity_score,numeric,scoring parking_acquisition_score field: management maturity score.,DERIVED,sql/analysis/component_scores.sql and python/analysis/scoring_engine.py,Derived,Computed by the scoring analytical layer; see scoring_methodology.md.,Explainable acquisition prioritisation and BD drill-down.
parking_acquisition_score,locality_lot_count,bigint,scoring parking_acquisition_score field: locality lot count.,DERIVED,sql/analysis/component_scores.sql and python/analysis/scoring_engine.py,Derived,Computed by the scoring analytical layer; see scoring_methodology.md.,Explainable acquisition prioritisation and BD drill-down.
parking_acquisition_score,locality_candidate_capacity_cars,bigint,scoring parking_acquisition_score field: locality candidate capacity cars.,DERIVED,sql/analysis/component_scores.sql and python/analysis/scoring_engine.py,Derived,Computed by the scoring analytical layer; see scoring_methodology.md.,Explainable acquisition prioritisation and BD drill-down.
parking_acquisition_score,locality_market_demand_prior,numeric,scoring parking_acquisition_score field: locality market demand prior.,DERIVED,sql/analysis/component_scores.sql and python/analysis/scoring_engine.py,Derived,Computed by the scoring analytical layer; see scoring_methodology.md.,Explainable acquisition prioritisation and BD drill-down.
parking_acquisition_score,locality_metro_access_raw,numeric,scoring parking_acquisition_score field: locality metro access raw.,DERIVED,sql/analysis/component_scores.sql and python/analysis/scoring_engine.py,Derived,Computed by the scoring analytical layer; see scoring_methodology.md.,Explainable acquisition prioritisation and BD drill-down.
parking_acquisition_score,competitor_supply_pressure_raw,numeric,scoring parking_acquisition_score field: competitor supply pressure raw.,DERIVED,sql/analysis/component_scores.sql and python/analysis/scoring_engine.py,Derived,Computed by the scoring analytical layer; see scoring_methodology.md.,Explainable acquisition prioritisation and BD drill-down.
parking_acquisition_score,latent_demand_headroom_raw,numeric,scoring parking_acquisition_score field: latent demand headroom raw.,DERIVED,sql/analysis/component_scores.sql and python/analysis/scoring_engine.py,Derived,Computed by the scoring analytical layer; see scoring_methodology.md.,Explainable acquisition prioritisation and BD drill-down.
parking_acquisition_score,scenario_id,smallint,scoring parking_acquisition_score field: scenario id.,CONFIG,baseline schema/seed and source ETL keys,Config,Stable join key or scenario identifier; not an observed business measure.,Explainable acquisition prioritisation and BD drill-down.
parking_acquisition_score,demand_score,numeric,0-100 Demand Potential pillar score.,DERIVED,sql/analysis/component_scores.sql and python/analysis/scoring_engine.py,Derived,Computed by the scoring analytical layer; see scoring_methodology.md.,Explainable acquisition prioritisation and BD drill-down.
parking_acquisition_score,revenue_score,numeric,0-100 Revenue Potential pillar score.,DERIVED,sql/analysis/component_scores.sql and python/analysis/scoring_engine.py,Derived,Computed by the scoring analytical layer; see scoring_methodology.md.,Explainable acquisition prioritisation and BD drill-down.
parking_acquisition_score,competition_score,numeric,0-100 Competition Opportunity pillar score.,DERIVED,sql/analysis/component_scores.sql and python/analysis/scoring_engine.py,Derived,Computed by the scoring analytical layer; see scoring_methodology.md.,Explainable acquisition prioritisation and BD drill-down.
parking_acquisition_score,strategic_fit_score,numeric,0-100 Strategic Fit pillar score.,DERIVED,sql/analysis/component_scores.sql and python/analysis/scoring_engine.py,Derived,Computed by the scoring analytical layer; see scoring_methodology.md.,Explainable acquisition prioritisation and BD drill-down.
parking_acquisition_score,feasibility_score,numeric,0-100 Acquisition Feasibility pillar score.,DERIVED,sql/analysis/component_scores.sql and python/analysis/scoring_engine.py,Derived,Computed by the scoring analytical layer; see scoring_methodology.md.,Explainable acquisition prioritisation and BD drill-down.
parking_acquisition_score,achievable_utilization,numeric,scoring parking_acquisition_score field: achievable utilization.,DERIVED,sql/analysis/component_scores.sql and python/analysis/scoring_engine.py,Derived,Computed by the scoring analytical layer; see scoring_methodology.md.,Explainable acquisition prioritisation and BD drill-down.
parking_acquisition_score,expected_monthly_platform_revenue_inr,numeric,"Illustrative synthetic monthly platform contribution; ordering input, not a forecast.",DERIVED,sql/analysis/component_scores.sql and python/analysis/scoring_engine.py,Derived,Computed by the scoring analytical layer; see scoring_methodology.md.,Explainable acquisition prioritisation and BD drill-down.
parking_acquisition_score,expected_revenue_per_space_inr,numeric,scoring parking_acquisition_score field: expected revenue per space inr.,DERIVED,sql/analysis/component_scores.sql and python/analysis/scoring_engine.py,Derived,Computed by the scoring analytical layer; see scoring_methodology.md.,Explainable acquisition prioritisation and BD drill-down.
parking_acquisition_score,adjusted_onboarding_cost_inr,numeric,scoring parking_acquisition_score field: adjusted onboarding cost inr.,DERIVED,sql/analysis/component_scores.sql and python/analysis/scoring_engine.py,Derived,Computed by the scoring analytical layer; see scoring_methodology.md.,Explainable acquisition prioritisation and BD drill-down.
parking_acquisition_score,attractiveness_score,numeric,"Weighted blend of non-feasibility pillars, re-normalised to 0-100.",DERIVED,sql/analysis/component_scores.sql and python/analysis/scoring_engine.py,Derived,Computed by the scoring analytical layer; see scoring_methodology.md.,Explainable acquisition prioritisation and BD drill-down.
parking_acquisition_score,acquisition_score,numeric,Weighted 0-100 composite under the identified scenario.,DERIVED,sql/analysis/component_scores.sql and python/analysis/scoring_engine.py,Derived,Computed by the scoring analytical layer; see scoring_methodology.md.,Explainable acquisition prioritisation and BD drill-down.
parking_acquisition_score,priority_segment,text,scoring parking_acquisition_score field: priority segment.,DERIVED,sql/analysis/component_scores.sql and python/analysis/scoring_engine.py,Derived,Computed by the scoring analytical layer; see scoring_methodology.md.,Explainable acquisition prioritisation and BD drill-down.
parking_acquisition_score,acquisition_rank,integer,scoring parking_acquisition_score field: acquisition rank.,DERIVED,sql/analysis/component_scores.sql and python/analysis/scoring_engine.py,Derived,Computed by the scoring analytical layer; see scoring_methodology.md.,Explainable acquisition prioritisation and BD drill-down.
parking_acquisition_score,rank_stability_pct,numeric,Share of primary scenarios where the lot appears in the Top 10.,DERIVED,sql/analysis/component_scores.sql and python/analysis/scoring_engine.py,Derived,Computed by the scoring analytical layer; see scoring_methodology.md.,Explainable acquisition prioritisation and BD drill-down.
parking_acquisition_score,stability_class,text,scoring parking_acquisition_score field: stability class.,DERIVED,sql/analysis/component_scores.sql and python/analysis/scoring_engine.py,Derived,Computed by the scoring analytical layer; see scoring_methodology.md.,Explainable acquisition prioritisation and BD drill-down.
parking_acquisition_score,positive_reason_flags,ARRAY,scoring parking_acquisition_score field: positive reason flags.,DERIVED,sql/analysis/component_scores.sql and python/analysis/scoring_engine.py,Derived,Computed by the scoring analytical layer; see scoring_methodology.md.,Explainable acquisition prioritisation and BD drill-down.
parking_acquisition_score,constraint_reason_flags,ARRAY,scoring parking_acquisition_score field: constraint reason flags.,DERIVED,sql/analysis/component_scores.sql and python/analysis/scoring_engine.py,Derived,Computed by the scoring analytical layer; see scoring_methodology.md.,Explainable acquisition prioritisation and BD drill-down.
parking_acquisition_score,recommendation,text,scoring parking_acquisition_score field: recommendation.,DERIVED,sql/analysis/component_scores.sql and python/analysis/scoring_engine.py,Derived,Computed by the scoring analytical layer; see scoring_methodology.md.,Explainable acquisition prioritisation and BD drill-down.
parking_component_scores,parking_id,integer,scoring parking_component_scores field: parking id.,CONFIG,baseline schema/seed and source ETL keys,Config,Stable join key or scenario identifier; not an observed business measure.,Explainable acquisition prioritisation and BD drill-down.
parking_component_scores,lot_code,text,scoring parking_component_scores field: lot code.,CONFIG,baseline schema/seed and source ETL keys,Config,Stable join key or scenario identifier; not an observed business measure.,Explainable acquisition prioritisation and BD drill-down.
parking_component_scores,lot_name,text,scoring parking_component_scores field: lot name.,DERIVED,Cached OpenStreetMap snapshot + source cleaning/geo derivation,Derived,Calculated from public coordinates/features; sparse coverage is not proof of absence.,Explainable acquisition prioritisation and BD drill-down.
parking_component_scores,locality_id,smallint,scoring parking_component_scores field: locality id.,CONFIG,baseline schema/seed and source ETL keys,Config,Stable join key or scenario identifier; not an observed business measure.,Explainable acquisition prioritisation and BD drill-down.
parking_component_scores,locality_name,text,scoring parking_component_scores field: locality name.,DERIVED,Cached OpenStreetMap snapshot + source cleaning/geo derivation,Derived,Calculated from public coordinates/features; sparse coverage is not proof of absence.,Explainable acquisition prioritisation and BD drill-down.
parking_component_scores,city_name,text,scoring parking_component_scores field: city name.,CONFIG,baseline schema/seed and source ETL keys,Config,Stable join key or scenario identifier; not an observed business measure.,Explainable acquisition prioritisation and BD drill-down.
parking_component_scores,micro_market_type,text,scoring parking_component_scores field: micro market type.,ASSUMED,the data pipeline documented assumptions and market classification,Assumed,Analyst-defined prior or fallback classification; not presented as observed fact.,Explainable acquisition prioritisation and BD drill-down.
parking_component_scores,population_density_band,text,scoring parking_component_scores field: population density band.,ASSUMED,the data pipeline documented assumptions and market classification,Assumed,Analyst-defined prior or fallback classification; not presented as observed fact.,Explainable acquisition prioritisation and BD drill-down.
parking_component_scores,owner_id,integer,scoring parking_component_scores field: owner id.,SYNTHETIC,python/etl/synthetic_generation.py and source data_generation.md,Synthetic,Relationship-aware deterministic simulation with the documented fixed seed.,Explainable acquisition prioritisation and BD drill-down.
parking_component_scores,owner_type,text,scoring parking_component_scores field: owner type.,SYNTHETIC,python/etl/synthetic_generation.py and source data_generation.md,Synthetic,Relationship-aware deterministic simulation with the documented fixed seed.,Explainable acquisition prioritisation and BD drill-down.
parking_component_scores,latitude,numeric,scoring parking_component_scores field: latitude.,PUBLIC,Cached OpenStreetMap snapshot and element references,Public,Copied from the cached public source; no runtime API call is required.,Explainable acquisition prioritisation and BD drill-down.
parking_component_scores,longitude,numeric,scoring parking_component_scores field: longitude.,PUBLIC,Cached OpenStreetMap snapshot and element references,Public,Copied from the cached public source; no runtime API call is required.,Explainable acquisition prioritisation and BD drill-down.
parking_component_scores,parking_type,text,scoring parking_component_scores field: parking type.,ASSUMED,the data pipeline documented assumptions and market classification,Assumed,Analyst-defined prior or fallback classification; not presented as observed fact.,Explainable acquisition prioritisation and BD drill-down.
parking_component_scores,capacity_cars,smallint,scoring parking_component_scores field: capacity cars.,SYNTHETIC,python/etl/synthetic_generation.py and source data_generation.md,Synthetic,Relationship-aware deterministic simulation with the documented fixed seed.,Explainable acquisition prioritisation and BD drill-down.
parking_component_scores,hourly_rate_inr,numeric,scoring parking_component_scores field: hourly rate inr.,SYNTHETIC,python/etl/synthetic_generation.py and source data_generation.md,Synthetic,Relationship-aware deterministic simulation with the documented fixed seed.,Explainable acquisition prioritisation and BD drill-down.
parking_component_scores,is_24x7,boolean,scoring parking_component_scores field: is 24x7.,SYNTHETIC,python/etl/synthetic_generation.py and source data_generation.md,Synthetic,Relationship-aware deterministic simulation with the documented fixed seed.,Explainable acquisition prioritisation and BD drill-down.
parking_component_scores,operating_hours,numeric,scoring parking_component_scores field: operating hours.,DERIVED,sql/analysis/component_scores.sql and python/analysis/scoring_engine.py,Derived,Computed by the scoring analytical layer; see scoring_methodology.md.,Explainable acquisition prioritisation and BD drill-down.
parking_component_scores,record_source,text,scoring parking_component_scores field: record source.,CONFIG,baseline schema/seed and source ETL keys,Config,Stable join key or scenario identifier; not an observed business measure.,Explainable acquisition prioritisation and BD drill-down.
parking_component_scores,source_name,text,scoring parking_component_scores field: source name.,PUBLIC,Cached OpenStreetMap snapshot and element references,Public,Copied from the cached public source; no runtime API call is required.,Explainable acquisition prioritisation and BD drill-down.
parking_component_scores,source_reference,text,scoring parking_component_scores field: source reference.,PUBLIC,Cached OpenStreetMap snapshot and element references,Public,Copied from the cached public source; no runtime API call is required.,Explainable acquisition prioritisation and BD drill-down.
parking_component_scores,data_quality_flag,text,scoring parking_component_scores field: data quality flag.,DERIVED,sql/analysis/component_scores.sql and python/analysis/scoring_engine.py,Derived,Computed by the scoring analytical layer; see scoring_methodology.md.,Explainable acquisition prioritisation and BD drill-down.
parking_component_scores,metro_distance_m,integer,scoring parking_component_scores field: metro distance m.,DERIVED,Cached OpenStreetMap snapshot + source cleaning/geo derivation,Derived,Calculated from public coordinates/features; sparse coverage is not proof of absence.,Explainable acquisition prioritisation and BD drill-down.
parking_component_scores,nearest_metro_station,text,scoring parking_component_scores field: nearest metro station.,DERIVED,Cached OpenStreetMap snapshot + source cleaning/geo derivation,Derived,Calculated from public coordinates/features; sparse coverage is not proof of absence.,Explainable acquisition prioritisation and BD drill-down.
parking_component_scores,mall_distance_m,integer,scoring parking_component_scores field: mall distance m.,DERIVED,Cached OpenStreetMap snapshot + source cleaning/geo derivation,Derived,Calculated from public coordinates/features; sparse coverage is not proof of absence.,Explainable acquisition prioritisation and BD drill-down.
parking_component_scores,office_count_500m,smallint,scoring parking_component_scores field: office count 500m.,DERIVED,Cached OpenStreetMap snapshot + source cleaning/geo derivation,Derived,Calculated from public coordinates/features; sparse coverage is not proof of absence.,Explainable acquisition prioritisation and BD drill-down.
parking_component_scores,retail_count_500m,smallint,scoring parking_component_scores field: retail count 500m.,DERIVED,Cached OpenStreetMap snapshot + source cleaning/geo derivation,Derived,Calculated from public coordinates/features; sparse coverage is not proof of absence.,Explainable acquisition prioritisation and BD drill-down.
parking_component_scores,restaurant_count_500m,smallint,scoring parking_component_scores field: restaurant count 500m.,DERIVED,Cached OpenStreetMap snapshot + source cleaning/geo derivation,Derived,Calculated from public coordinates/features; sparse coverage is not proof of absence.,Explainable acquisition prioritisation and BD drill-down.
parking_component_scores,hospital_count_1km,smallint,scoring parking_component_scores field: hospital count 1km.,DERIVED,Cached OpenStreetMap snapshot + source cleaning/geo derivation,Derived,Calculated from public coordinates/features; sparse coverage is not proof of absence.,Explainable acquisition prioritisation and BD drill-down.
parking_component_scores,education_count_1km,smallint,scoring parking_component_scores field: education count 1km.,DERIVED,Cached OpenStreetMap snapshot + source cleaning/geo derivation,Derived,Calculated from public coordinates/features; sparse coverage is not proof of absence.,Explainable acquisition prioritisation and BD drill-down.
parking_component_scores,transit_stop_count_500m,smallint,scoring parking_component_scores field: transit stop count 500m.,DERIVED,Cached OpenStreetMap snapshot + source cleaning/geo derivation,Derived,Calculated from public coordinates/features; sparse coverage is not proof of absence.,Explainable acquisition prioritisation and BD drill-down.
parking_component_scores,competitor_count_500m,smallint,scoring parking_component_scores field: competitor count 500m.,DERIVED,Cached OpenStreetMap snapshot + source cleaning/geo derivation,Derived,Calculated from public coordinates/features; sparse coverage is not proof of absence.,Explainable acquisition prioritisation and BD drill-down.
parking_component_scores,competitor_count_1km,smallint,scoring parking_component_scores field: competitor count 1km.,DERIVED,Cached OpenStreetMap snapshot + source cleaning/geo derivation,Derived,Calculated from public coordinates/features; sparse coverage is not proof of absence.,Explainable acquisition prioritisation and BD drill-down.
parking_component_scores,nearest_competitor_distance_m,integer,scoring parking_component_scores field: nearest competitor distance m.,DERIVED,Cached OpenStreetMap snapshot + source cleaning/geo derivation,Derived,Calculated from public coordinates/features; sparse coverage is not proof of absence.,Explainable acquisition prioritisation and BD drill-down.
parking_component_scores,competitor_avg_hourly_rate_inr,numeric,scoring parking_component_scores field: competitor avg hourly rate inr.,SYNTHETIC,python/etl/synthetic_generation.py and source data_generation.md,Synthetic,Relationship-aware deterministic simulation with the documented fixed seed.,Explainable acquisition prioritisation and BD drill-down.
parking_component_scores,aggregator_listed_count_1km,smallint,scoring parking_component_scores field: aggregator listed count 1km.,SYNTHETIC,python/etl/synthetic_generation.py and source data_generation.md,Synthetic,Relationship-aware deterministic simulation with the documented fixed seed.,Explainable acquisition prioritisation and BD drill-down.
parking_component_scores,aggregator_penetration_rate,numeric,scoring parking_component_scores field: aggregator penetration rate.,DERIVED,sql/analysis/component_scores.sql and python/analysis/scoring_engine.py,Derived,Computed by the scoring analytical layer; see scoring_methodology.md.,Explainable acquisition prioritisation and BD drill-down.
parking_component_scores,competitor_distance_proxy_m,numeric,scoring parking_component_scores field: competitor distance proxy m.,DERIVED,Cached OpenStreetMap snapshot + source cleaning/geo derivation,Derived,Calculated from public coordinates/features; sparse coverage is not proof of absence.,Explainable acquisition prioritisation and BD drill-down.
parking_component_scores,competitor_price_ratio,numeric,scoring parking_component_scores field: competitor price ratio.,DERIVED,sql/analysis/component_scores.sql and python/analysis/scoring_engine.py,Derived,Computed by the scoring analytical layer; see scoring_methodology.md.,Explainable acquisition prioritisation and BD drill-down.
parking_component_scores,expected_commission_pct,numeric,scoring parking_component_scores field: expected commission pct.,SYNTHETIC,python/etl/synthetic_generation.py and source data_generation.md,Synthetic,Relationship-aware deterministic simulation with the documented fixed seed.,Explainable acquisition prioritisation and BD drill-down.
parking_component_scores,estimated_onboarding_cost_inr,numeric,scoring parking_component_scores field: estimated onboarding cost inr.,SYNTHETIC,python/etl/synthetic_generation.py and source data_generation.md,Synthetic,Relationship-aware deterministic simulation with the documented fixed seed.,Explainable acquisition prioritisation and BD drill-down.
parking_component_scores,documentation_readiness,smallint,scoring parking_component_scores field: documentation readiness.,SYNTHETIC,python/etl/synthetic_generation.py and source data_generation.md,Synthetic,Relationship-aware deterministic simulation with the documented fixed seed.,Explainable acquisition prioritisation and BD drill-down.
parking_component_scores,operational_complexity,smallint,scoring parking_component_scores field: operational complexity.,SYNTHETIC,python/etl/synthetic_generation.py and source data_generation.md,Synthetic,Relationship-aware deterministic simulation with the documented fixed seed.,Explainable acquisition prioritisation and BD drill-down.
parking_component_scores,exclusivity_possible,boolean,scoring parking_component_scores field: exclusivity possible.,SYNTHETIC,python/etl/synthetic_generation.py and source data_generation.md,Synthetic,Relationship-aware deterministic simulation with the documented fixed seed.,Explainable acquisition prioritisation and BD drill-down.
parking_component_scores,requires_capex,boolean,scoring parking_component_scores field: requires capex.,SYNTHETIC,python/etl/synthetic_generation.py and source data_generation.md,Synthetic,Relationship-aware deterministic simulation with the documented fixed seed.,Explainable acquisition prioritisation and BD drill-down.
parking_component_scores,estimated_setup_days,smallint,scoring parking_component_scores field: estimated setup days.,SYNTHETIC,python/etl/synthetic_generation.py and source data_generation.md,Synthetic,Relationship-aware deterministic simulation with the documented fixed seed.,Explainable acquisition prioritisation and BD drill-down.
parking_component_scores,years_operating,smallint,scoring parking_component_scores field: years operating.,SYNTHETIC,python/etl/synthetic_generation.py and source data_generation.md,Synthetic,Relationship-aware deterministic simulation with the documented fixed seed.,Explainable acquisition prioritisation and BD drill-down.
parking_component_scores,digital_payment_enabled,boolean,scoring parking_component_scores field: digital payment enabled.,SYNTHETIC,python/etl/synthetic_generation.py and source data_generation.md,Synthetic,Relationship-aware deterministic simulation with the documented fixed seed.,Explainable acquisition prioritisation and BD drill-down.
parking_component_scores,management_system,text,scoring parking_component_scores field: management system.,SYNTHETIC,python/etl/synthetic_generation.py and source data_generation.md,Synthetic,Relationship-aware deterministic simulation with the documented fixed seed.,Explainable acquisition prioritisation and BD drill-down.
parking_component_scores,willingness_to_digitize,smallint,scoring parking_component_scores field: willingness to digitize.,SYNTHETIC,python/etl/synthetic_generation.py and source data_generation.md,Synthetic,Relationship-aware deterministic simulation with the documented fixed seed.,Explainable acquisition prioritisation and BD drill-down.
parking_component_scores,contract_flexibility,smallint,scoring parking_component_scores field: contract flexibility.,SYNTHETIC,python/etl/synthetic_generation.py and source data_generation.md,Synthetic,Relationship-aware deterministic simulation with the documented fixed seed.,Explainable acquisition prioritisation and BD drill-down.
parking_component_scores,decision_maker_accessible,boolean,scoring parking_component_scores field: decision maker accessible.,SYNTHETIC,python/etl/synthetic_generation.py and source data_generation.md,Synthetic,Relationship-aware deterministic simulation with the documented fixed seed.,Explainable acquisition prioritisation and BD drill-down.
parking_component_scores,avg_occupancy_rate,numeric,scoring parking_component_scores field: avg occupancy rate.,SYNTHETIC,python/etl/synthetic_generation.py and source data_generation.md,Synthetic,Relationship-aware deterministic simulation with the documented fixed seed.,Explainable acquisition prioritisation and BD drill-down.
parking_component_scores,p90_peak_occupancy_rate,double precision,scoring parking_component_scores field: p90 peak occupancy rate.,SYNTHETIC,python/etl/synthetic_generation.py and source data_generation.md,Synthetic,Relationship-aware deterministic simulation with the documented fixed seed.,Explainable acquisition prioritisation and BD drill-down.
parking_component_scores,weekday_occupancy_rate,numeric,scoring parking_component_scores field: weekday occupancy rate.,SYNTHETIC,python/etl/synthetic_generation.py and source data_generation.md,Synthetic,Relationship-aware deterministic simulation with the documented fixed seed.,Explainable acquisition prioritisation and BD drill-down.
parking_component_scores,weekend_occupancy_rate,numeric,scoring parking_component_scores field: weekend occupancy rate.,SYNTHETIC,python/etl/synthetic_generation.py and source data_generation.md,Synthetic,Relationship-aware deterministic simulation with the documented fixed seed.,Explainable acquisition prioritisation and BD drill-down.
parking_component_scores,avg_daily_entries,numeric,scoring parking_component_scores field: avg daily entries.,SYNTHETIC,python/etl/synthetic_generation.py and source data_generation.md,Synthetic,Relationship-aware deterministic simulation with the documented fixed seed.,Explainable acquisition prioritisation and BD drill-down.
parking_component_scores,avg_daily_platform_bookings,numeric,scoring parking_component_scores field: avg daily platform bookings.,SYNTHETIC,python/etl/synthetic_generation.py and source data_generation.md,Synthetic,Relationship-aware deterministic simulation with the documented fixed seed.,Explainable acquisition prioritisation and BD drill-down.
parking_component_scores,avg_daily_cancellations,numeric,scoring parking_component_scores field: avg daily cancellations.,SYNTHETIC,python/etl/synthetic_generation.py and source data_generation.md,Synthetic,Relationship-aware deterministic simulation with the documented fixed seed.,Explainable acquisition prioritisation and BD drill-down.
parking_component_scores,platform_booking_share,numeric,scoring parking_component_scores field: platform booking share.,SYNTHETIC,python/etl/synthetic_generation.py and source data_generation.md,Synthetic,Relationship-aware deterministic simulation with the documented fixed seed.,Explainable acquisition prioritisation and BD drill-down.
parking_component_scores,cancellation_rate,numeric,scoring parking_component_scores field: cancellation rate.,SYNTHETIC,python/etl/synthetic_generation.py and source data_generation.md,Synthetic,Relationship-aware deterministic simulation with the documented fixed seed.,Explainable acquisition prioritisation and BD drill-down.
parking_component_scores,avg_daily_gross_revenue_inr,numeric,scoring parking_component_scores field: avg daily gross revenue inr.,SYNTHETIC,python/etl/synthetic_generation.py and source data_generation.md,Synthetic,Relationship-aware deterministic simulation with the documented fixed seed.,Explainable acquisition prioritisation and BD drill-down.
parking_component_scores,observation_gross_revenue_inr,numeric,scoring parking_component_scores field: observation gross revenue inr.,SYNTHETIC,python/etl/synthetic_generation.py and source data_generation.md,Synthetic,Relationship-aware deterministic simulation with the documented fixed seed.,Explainable acquisition prioritisation and BD drill-down.
parking_component_scores,avg_park_duration_hours,numeric,scoring parking_component_scores field: avg park duration hours.,SYNTHETIC,python/etl/synthetic_generation.py and source data_generation.md,Synthetic,Relationship-aware deterministic simulation with the documented fixed seed.,Explainable acquisition prioritisation and BD drill-down.
parking_component_scores,weekday_hourly_peak_occupancy_rate,numeric,scoring parking_component_scores field: weekday hourly peak occupancy rate.,SYNTHETIC,python/etl/synthetic_generation.py and source data_generation.md,Synthetic,Relationship-aware deterministic simulation with the documented fixed seed.,Explainable acquisition prioritisation and BD drill-down.
parking_component_scores,weekend_hourly_peak_occupancy_rate,numeric,scoring parking_component_scores field: weekend hourly peak occupancy rate.,SYNTHETIC,python/etl/synthetic_generation.py and source data_generation.md,Synthetic,Relationship-aware deterministic simulation with the documented fixed seed.,Explainable acquisition prioritisation and BD drill-down.
parking_component_scores,weekday_busy_hour_share,numeric,scoring parking_component_scores field: weekday busy hour share.,SYNTHETIC,python/etl/synthetic_generation.py and source data_generation.md,Synthetic,Relationship-aware deterministic simulation with the documented fixed seed.,Explainable acquisition prioritisation and BD drill-down.
parking_component_scores,weekend_busy_hour_share,numeric,scoring parking_component_scores field: weekend busy hour share.,SYNTHETIC,python/etl/synthetic_generation.py and source data_generation.md,Synthetic,Relationship-aware deterministic simulation with the documented fixed seed.,Explainable acquisition prioritisation and BD drill-down.
parking_component_scores,nearest_network_distance_km,double precision,scoring parking_component_scores field: nearest network distance km.,DERIVED,sql/analysis/component_scores.sql and python/analysis/scoring_engine.py,Derived,Computed by the scoring analytical layer; see scoring_methodology.md.,Explainable acquisition prioritisation and BD drill-down.
parking_component_scores,nearest_live_network_distance_km,double precision,scoring parking_component_scores field: nearest live network distance km.,DERIVED,sql/analysis/component_scores.sql and python/analysis/scoring_engine.py,Derived,Computed by the scoring analytical layer; see scoring_methodology.md.,Explainable acquisition prioritisation and BD drill-down.
parking_component_scores,nearest_any_network_distance_km,double precision,scoring parking_component_scores field: nearest any network distance km.,DERIVED,sql/analysis/component_scores.sql and python/analysis/scoring_engine.py,Derived,Computed by the scoring analytical layer; see scoring_methodology.md.,Explainable acquisition prioritisation and BD drill-down.
parking_component_scores,nearest_mature_network_distance_km,double precision,scoring parking_component_scores field: nearest mature network distance km.,DERIVED,sql/analysis/component_scores.sql and python/analysis/scoring_engine.py,Derived,Computed by the scoring analytical layer; see scoring_methodology.md.,Explainable acquisition prioritisation and BD drill-down.
parking_component_scores,live_network_site_count,bigint,scoring parking_component_scores field: live network site count.,DERIVED,sql/analysis/component_scores.sql and python/analysis/scoring_engine.py,Derived,Computed by the scoring analytical layer; see scoring_methodology.md.,Explainable acquisition prioritisation and BD drill-down.
parking_component_scores,live_network_capacity_cars,bigint,scoring parking_component_scores field: live network capacity cars.,DERIVED,sql/analysis/component_scores.sql and python/analysis/scoring_engine.py,Derived,Computed by the scoring analytical layer; see scoring_methodology.md.,Explainable acquisition prioritisation and BD drill-down.
parking_component_scores,all_network_site_count,bigint,scoring parking_component_scores field: all network site count.,DERIVED,sql/analysis/component_scores.sql and python/analysis/scoring_engine.py,Derived,Computed by the scoring analytical layer; see scoring_methodology.md.,Explainable acquisition prioritisation and BD drill-down.
parking_component_scores,metro_access_raw,numeric,scoring parking_component_scores field: metro access raw.,DERIVED,sql/analysis/component_scores.sql and python/analysis/scoring_engine.py,Derived,Computed by the scoring analytical layer; see scoring_methodology.md.,Explainable acquisition prioritisation and BD drill-down.
parking_component_scores,poi_activity_raw,double precision,scoring parking_component_scores field: poi activity raw.,DERIVED,sql/analysis/component_scores.sql and python/analysis/scoring_engine.py,Derived,Computed by the scoring analytical layer; see scoring_methodology.md.,Explainable acquisition prioritisation and BD drill-down.
parking_component_scores,transit_access_raw,double precision,scoring parking_component_scores field: transit access raw.,DERIVED,sql/analysis/component_scores.sql and python/analysis/scoring_engine.py,Derived,Computed by the scoring analytical layer; see scoring_methodology.md.,Explainable acquisition prioritisation and BD drill-down.
parking_component_scores,market_demand_prior,numeric,scoring parking_component_scores field: market demand prior.,ASSUMED,the data pipeline documented assumptions and market classification,Assumed,Analyst-defined prior or fallback classification; not presented as observed fact.,Explainable acquisition prioritisation and BD drill-down.
parking_component_scores,management_maturity_score,numeric,scoring parking_component_scores field: management maturity score.,DERIVED,sql/analysis/component_scores.sql and python/analysis/scoring_engine.py,Derived,Computed by the scoring analytical layer; see scoring_methodology.md.,Explainable acquisition prioritisation and BD drill-down.
parking_component_scores,locality_lot_count,bigint,scoring parking_component_scores field: locality lot count.,DERIVED,sql/analysis/component_scores.sql and python/analysis/scoring_engine.py,Derived,Computed by the scoring analytical layer; see scoring_methodology.md.,Explainable acquisition prioritisation and BD drill-down.
parking_component_scores,locality_candidate_capacity_cars,bigint,scoring parking_component_scores field: locality candidate capacity cars.,DERIVED,sql/analysis/component_scores.sql and python/analysis/scoring_engine.py,Derived,Computed by the scoring analytical layer; see scoring_methodology.md.,Explainable acquisition prioritisation and BD drill-down.
parking_component_scores,locality_market_demand_prior,numeric,scoring parking_component_scores field: locality market demand prior.,DERIVED,sql/analysis/component_scores.sql and python/analysis/scoring_engine.py,Derived,Computed by the scoring analytical layer; see scoring_methodology.md.,Explainable acquisition prioritisation and BD drill-down.
parking_component_scores,locality_metro_access_raw,numeric,scoring parking_component_scores field: locality metro access raw.,DERIVED,sql/analysis/component_scores.sql and python/analysis/scoring_engine.py,Derived,Computed by the scoring analytical layer; see scoring_methodology.md.,Explainable acquisition prioritisation and BD drill-down.
parking_component_scores,competitor_supply_pressure_raw,numeric,scoring parking_component_scores field: competitor supply pressure raw.,DERIVED,sql/analysis/component_scores.sql and python/analysis/scoring_engine.py,Derived,Computed by the scoring analytical layer; see scoring_methodology.md.,Explainable acquisition prioritisation and BD drill-down.
parking_component_scores,latent_demand_headroom_raw,numeric,scoring parking_component_scores field: latent demand headroom raw.,DERIVED,sql/analysis/component_scores.sql and python/analysis/scoring_engine.py,Derived,Computed by the scoring analytical layer; see scoring_methodology.md.,Explainable acquisition prioritisation and BD drill-down.
parking_component_scores,poi_activity_score,double precision,scoring parking_component_scores field: poi activity score.,DERIVED,sql/analysis/component_scores.sql and python/analysis/scoring_engine.py,Derived,Computed by the scoring analytical layer; see scoring_methodology.md.,Explainable acquisition prioritisation and BD drill-down.
parking_component_scores,transit_access_score,double precision,scoring parking_component_scores field: transit access score.,DERIVED,sql/analysis/component_scores.sql and python/analysis/scoring_engine.py,Derived,Computed by the scoring analytical layer; see scoring_methodology.md.,Explainable acquisition prioritisation and BD drill-down.
parking_component_scores,average_occupancy_score,numeric,scoring parking_component_scores field: average occupancy score.,DERIVED,sql/analysis/component_scores.sql and python/analysis/scoring_engine.py,Derived,Computed by the scoring analytical layer; see scoring_methodology.md.,Explainable acquisition prioritisation and BD drill-down.
parking_component_scores,peak_occupancy_score,double precision,scoring parking_component_scores field: peak occupancy score.,DERIVED,sql/analysis/component_scores.sql and python/analysis/scoring_engine.py,Derived,Computed by the scoring analytical layer; see scoring_methodology.md.,Explainable acquisition prioritisation and BD drill-down.
parking_component_scores,competitor_supply_score,numeric,scoring parking_component_scores field: competitor supply score.,DERIVED,sql/analysis/component_scores.sql and python/analysis/scoring_engine.py,Derived,Computed by the scoring analytical layer; see scoring_methodology.md.,Explainable acquisition prioritisation and BD drill-down.
parking_component_scores,onboarding_cost_score,numeric,scoring parking_component_scores field: onboarding cost score.,DERIVED,sql/analysis/component_scores.sql and python/analysis/scoring_engine.py,Derived,Computed by the scoring analytical layer; see scoring_methodology.md.,Explainable acquisition prioritisation and BD drill-down.
parking_component_scores,setup_speed_score,numeric,scoring parking_component_scores field: setup speed score.,DERIVED,sql/analysis/component_scores.sql and python/analysis/scoring_engine.py,Derived,Computed by the scoring analytical layer; see scoring_methodology.md.,Explainable acquisition prioritisation and BD drill-down.
parking_component_scores,poi_low,numeric,scoring parking_component_scores field: poi low.,DERIVED,sql/analysis/component_scores.sql and python/analysis/scoring_engine.py,Derived,Computed by the scoring analytical layer; see scoring_methodology.md.,Explainable acquisition prioritisation and BD drill-down.
parking_component_scores,poi_high,numeric,scoring parking_component_scores field: poi high.,DERIVED,sql/analysis/component_scores.sql and python/analysis/scoring_engine.py,Derived,Computed by the scoring analytical layer; see scoring_methodology.md.,Explainable acquisition prioritisation and BD drill-down.
parking_component_scores,transit_low,numeric,scoring parking_component_scores field: transit low.,DERIVED,sql/analysis/component_scores.sql and python/analysis/scoring_engine.py,Derived,Computed by the scoring analytical layer; see scoring_methodology.md.,Explainable acquisition prioritisation and BD drill-down.
parking_component_scores,transit_high,numeric,scoring parking_component_scores field: transit high.,DERIVED,sql/analysis/component_scores.sql and python/analysis/scoring_engine.py,Derived,Computed by the scoring analytical layer; see scoring_methodology.md.,Explainable acquisition prioritisation and BD drill-down.
parking_component_scores,occupancy_low,numeric,scoring parking_component_scores field: occupancy low.,DERIVED,sql/analysis/component_scores.sql and python/analysis/scoring_engine.py,Derived,Computed by the scoring analytical layer; see scoring_methodology.md.,Explainable acquisition prioritisation and BD drill-down.
parking_component_scores,occupancy_high,numeric,scoring parking_component_scores field: occupancy high.,DERIVED,sql/analysis/component_scores.sql and python/analysis/scoring_engine.py,Derived,Computed by the scoring analytical layer; see scoring_methodology.md.,Explainable acquisition prioritisation and BD drill-down.
parking_component_scores,peak_low,numeric,scoring parking_component_scores field: peak low.,DERIVED,sql/analysis/component_scores.sql and python/analysis/scoring_engine.py,Derived,Computed by the scoring analytical layer; see scoring_methodology.md.,Explainable acquisition prioritisation and BD drill-down.
parking_component_scores,peak_high,numeric,scoring parking_component_scores field: peak high.,DERIVED,sql/analysis/component_scores.sql and python/analysis/scoring_engine.py,Derived,Computed by the scoring analytical layer; see scoring_methodology.md.,Explainable acquisition prioritisation and BD drill-down.
parking_component_scores,competition_low,numeric,scoring parking_component_scores field: competition low.,DERIVED,sql/analysis/component_scores.sql and python/analysis/scoring_engine.py,Derived,Computed by the scoring analytical layer; see scoring_methodology.md.,Explainable acquisition prioritisation and BD drill-down.
parking_component_scores,competition_high,numeric,scoring parking_component_scores field: competition high.,DERIVED,sql/analysis/component_scores.sql and python/analysis/scoring_engine.py,Derived,Computed by the scoring analytical layer; see scoring_methodology.md.,Explainable acquisition prioritisation and BD drill-down.
parking_component_scores,onboarding_low,numeric,scoring parking_component_scores field: onboarding low.,DERIVED,sql/analysis/component_scores.sql and python/analysis/scoring_engine.py,Derived,Computed by the scoring analytical layer; see scoring_methodology.md.,Explainable acquisition prioritisation and BD drill-down.
parking_component_scores,onboarding_high,numeric,scoring parking_component_scores field: onboarding high.,DERIVED,sql/analysis/component_scores.sql and python/analysis/scoring_engine.py,Derived,Computed by the scoring analytical layer; see scoring_methodology.md.,Explainable acquisition prioritisation and BD drill-down.
parking_component_scores,setup_low,numeric,scoring parking_component_scores field: setup low.,DERIVED,sql/analysis/component_scores.sql and python/analysis/scoring_engine.py,Derived,Computed by the scoring analytical layer; see scoring_methodology.md.,Explainable acquisition prioritisation and BD drill-down.
parking_component_scores,setup_high,numeric,scoring parking_component_scores field: setup high.,DERIVED,sql/analysis/component_scores.sql and python/analysis/scoring_engine.py,Derived,Computed by the scoring analytical layer; see scoring_methodology.md.,Explainable acquisition prioritisation and BD drill-down.
parking_component_scores,metro_access_score,numeric,scoring parking_component_scores field: metro access score.,DERIVED,sql/analysis/component_scores.sql and python/analysis/scoring_engine.py,Derived,Computed by the scoring analytical layer; see scoring_methodology.md.,Explainable acquisition prioritisation and BD drill-down.
parking_component_scores,market_prior_score,numeric,scoring parking_component_scores field: market prior score.,DERIVED,sql/analysis/component_scores.sql and python/analysis/scoring_engine.py,Derived,Computed by the scoring analytical layer; see scoring_methodology.md.,Explainable acquisition prioritisation and BD drill-down.
parking_component_scores,location_demand_score,double precision,scoring parking_component_scores field: location demand score.,DERIVED,sql/analysis/component_scores.sql and python/analysis/scoring_engine.py,Derived,Computed by the scoring analytical layer; see scoring_methodology.md.,Explainable acquisition prioritisation and BD drill-down.
parking_component_scores,observed_demand_score,double precision,scoring parking_component_scores field: observed demand score.,DERIVED,sql/analysis/component_scores.sql and python/analysis/scoring_engine.py,Derived,Computed by the scoring analytical layer; see scoring_methodology.md.,Explainable acquisition prioritisation and BD drill-down.
parking_component_scores,demand_headroom_score,double precision,scoring parking_component_scores field: demand headroom score.,DERIVED,sql/analysis/component_scores.sql and python/analysis/scoring_engine.py,Derived,Computed by the scoring analytical layer; see scoring_methodology.md.,Explainable acquisition prioritisation and BD drill-down.
parking_component_scores,demand_score,double precision,0-100 Demand Potential pillar score.,DERIVED,sql/analysis/component_scores.sql and python/analysis/scoring_engine.py,Derived,Computed by the scoring analytical layer; see scoring_methodology.md.,Explainable acquisition prioritisation and BD drill-down.
parking_component_scores,achievable_utilization,double precision,scoring parking_component_scores field: achievable utilization.,DERIVED,sql/analysis/component_scores.sql and python/analysis/scoring_engine.py,Derived,Computed by the scoring analytical layer; see scoring_methodology.md.,Explainable acquisition prioritisation and BD drill-down.
parking_component_scores,expected_daily_net_platform_bookings,double precision,scoring parking_component_scores field: expected daily net platform bookings.,DERIVED,sql/analysis/component_scores.sql and python/analysis/scoring_engine.py,Derived,Computed by the scoring analytical layer; see scoring_methodology.md.,Explainable acquisition prioritisation and BD drill-down.
parking_component_scores,expected_monthly_platform_revenue_inr,double precision,"Illustrative synthetic monthly platform contribution; ordering input, not a forecast.",DERIVED,sql/analysis/component_scores.sql and python/analysis/scoring_engine.py,Derived,Computed by the scoring analytical layer; see scoring_methodology.md.,Explainable acquisition prioritisation and BD drill-down.
parking_component_scores,expected_revenue_per_space_inr,double precision,scoring parking_component_scores field: expected revenue per space inr.,DERIVED,sql/analysis/component_scores.sql and python/analysis/scoring_engine.py,Derived,Computed by the scoring analytical layer; see scoring_methodology.md.,Explainable acquisition prioritisation and BD drill-down.
parking_component_scores,expected_revenue_score,double precision,scoring parking_component_scores field: expected revenue score.,DERIVED,sql/analysis/component_scores.sql and python/analysis/scoring_engine.py,Derived,Computed by the scoring analytical layer; see scoring_methodology.md.,Explainable acquisition prioritisation and BD drill-down.
parking_component_scores,revenue_efficiency_score,double precision,scoring parking_component_scores field: revenue efficiency score.,DERIVED,sql/analysis/component_scores.sql and python/analysis/scoring_engine.py,Derived,Computed by the scoring analytical layer; see scoring_methodology.md.,Explainable acquisition prioritisation and BD drill-down.
parking_component_scores,revenue_score,double precision,0-100 Revenue Potential pillar score.,DERIVED,sql/analysis/component_scores.sql and python/analysis/scoring_engine.py,Derived,Computed by the scoring analytical layer; see scoring_methodology.md.,Explainable acquisition prioritisation and BD drill-down.
parking_component_scores,revenue_low,numeric,scoring parking_component_scores field: revenue low.,DERIVED,sql/analysis/component_scores.sql and python/analysis/scoring_engine.py,Derived,Computed by the scoring analytical layer; see scoring_methodology.md.,Explainable acquisition prioritisation and BD drill-down.
parking_component_scores,revenue_high,numeric,scoring parking_component_scores field: revenue high.,DERIVED,sql/analysis/component_scores.sql and python/analysis/scoring_engine.py,Derived,Computed by the scoring analytical layer; see scoring_methodology.md.,Explainable acquisition prioritisation and BD drill-down.
parking_component_scores,revenue_space_low,numeric,scoring parking_component_scores field: revenue space low.,DERIVED,sql/analysis/component_scores.sql and python/analysis/scoring_engine.py,Derived,Computed by the scoring analytical layer; see scoring_methodology.md.,Explainable acquisition prioritisation and BD drill-down.
parking_component_scores,revenue_space_high,numeric,scoring parking_component_scores field: revenue space high.,DERIVED,sql/analysis/component_scores.sql and python/analysis/scoring_engine.py,Derived,Computed by the scoring analytical layer; see scoring_methodology.md.,Explainable acquisition prioritisation and BD drill-down.
parking_component_scores,locality_demand_score,double precision,scoring parking_component_scores field: locality demand score.,DERIVED,sql/analysis/component_scores.sql and python/analysis/scoring_engine.py,Derived,Computed by the scoring analytical layer; see scoring_methodology.md.,Explainable acquisition prioritisation and BD drill-down.
parking_component_scores,locality_network_coverage_ratio,numeric,scoring parking_component_scores field: locality network coverage ratio.,DERIVED,sql/analysis/component_scores.sql and python/analysis/scoring_engine.py,Derived,Computed by the scoring analytical layer; see scoring_methodology.md.,Explainable acquisition prioritisation and BD drill-down.
parking_component_scores,market_whitespace_raw,double precision,scoring parking_component_scores field: market whitespace raw.,DERIVED,sql/analysis/component_scores.sql and python/analysis/scoring_engine.py,Derived,Computed by the scoring analytical layer; see scoring_methodology.md.,Explainable acquisition prioritisation and BD drill-down.
parking_component_scores,anchor_capacity_raw,numeric,scoring parking_component_scores field: anchor capacity raw.,DERIVED,sql/analysis/component_scores.sql and python/analysis/scoring_engine.py,Derived,Computed by the scoring analytical layer; see scoring_methodology.md.,Explainable acquisition prioritisation and BD drill-down.
parking_component_scores,network_distance_score,double precision,scoring parking_component_scores field: network distance score.,DERIVED,sql/analysis/component_scores.sql and python/analysis/scoring_engine.py,Derived,Computed by the scoring analytical layer; see scoring_methodology.md.,Explainable acquisition prioritisation and BD drill-down.
parking_component_scores,aggregator_opportunity_score,numeric,scoring parking_component_scores field: aggregator opportunity score.,DERIVED,sql/analysis/component_scores.sql and python/analysis/scoring_engine.py,Derived,Computed by the scoring analytical layer; see scoring_methodology.md.,Explainable acquisition prioritisation and BD drill-down.
parking_component_scores,competitor_distance_score,numeric,scoring parking_component_scores field: competitor distance score.,DERIVED,sql/analysis/component_scores.sql and python/analysis/scoring_engine.py,Derived,Computed by the scoring analytical layer; see scoring_methodology.md.,Explainable acquisition prioritisation and BD drill-down.
parking_component_scores,competitor_price_headroom_score,numeric,scoring parking_component_scores field: competitor price headroom score.,DERIVED,sql/analysis/component_scores.sql and python/analysis/scoring_engine.py,Derived,Computed by the scoring analytical layer; see scoring_methodology.md.,Explainable acquisition prioritisation and BD drill-down.
parking_component_scores,market_whitespace_score,double precision,0-100 location-demand strength adjusted for hypothetical local network coverage.,DERIVED,sql/analysis/component_scores.sql and python/analysis/scoring_engine.py,Derived,Computed by the scoring analytical layer; see scoring_methodology.md.,Explainable acquisition prioritisation and BD drill-down.
parking_component_scores,anchor_capacity_score,numeric,scoring parking_component_scores field: anchor capacity score.,DERIVED,sql/analysis/component_scores.sql and python/analysis/scoring_engine.py,Derived,Computed by the scoring analytical layer; see scoring_methodology.md.,Explainable acquisition prioritisation and BD drill-down.
parking_component_scores,competition_score,numeric,0-100 Competition Opportunity pillar score.,DERIVED,sql/analysis/component_scores.sql and python/analysis/scoring_engine.py,Derived,Computed by the scoring analytical layer; see scoring_methodology.md.,Explainable acquisition prioritisation and BD drill-down.
parking_component_scores,strategic_fit_score,double precision,0-100 Strategic Fit pillar score.,DERIVED,sql/analysis/component_scores.sql and python/analysis/scoring_engine.py,Derived,Computed by the scoring analytical layer; see scoring_methodology.md.,Explainable acquisition prioritisation and BD drill-down.
parking_component_scores,feasibility_score,numeric,0-100 Acquisition Feasibility pillar score.,DERIVED,sql/analysis/component_scores.sql and python/analysis/scoring_engine.py,Derived,Computed by the scoring analytical layer; see scoring_methodology.md.,Explainable acquisition prioritisation and BD drill-down.
parking_component_scores,whitespace_low,numeric,scoring parking_component_scores field: whitespace low.,DERIVED,sql/analysis/component_scores.sql and python/analysis/scoring_engine.py,Derived,Computed by the scoring analytical layer; see scoring_methodology.md.,Explainable acquisition prioritisation and BD drill-down.
parking_component_scores,whitespace_high,numeric,scoring parking_component_scores field: whitespace high.,DERIVED,sql/analysis/component_scores.sql and python/analysis/scoring_engine.py,Derived,Computed by the scoring analytical layer; see scoring_methodology.md.,Explainable acquisition prioritisation and BD drill-down.
parking_component_scores,anchor_low,numeric,scoring parking_component_scores field: anchor low.,DERIVED,sql/analysis/component_scores.sql and python/analysis/scoring_engine.py,Derived,Computed by the scoring analytical layer; see scoring_methodology.md.,Explainable acquisition prioritisation and BD drill-down.
parking_component_scores,anchor_high,numeric,scoring parking_component_scores field: anchor high.,DERIVED,sql/analysis/component_scores.sql and python/analysis/scoring_engine.py,Derived,Computed by the scoring analytical layer; see scoring_methodology.md.,Explainable acquisition prioritisation and BD drill-down.
parking_component_scores,methodology_note,text,scoring parking_component_scores field: methodology note.,DERIVED,sql/analysis/component_scores.sql and python/analysis/scoring_engine.py,Derived,Computed by the scoring analytical layer; see scoring_methodology.md.,Explainable acquisition prioritisation and BD drill-down.
parking_score_explanation,parking_id,integer,scoring parking_score_explanation field: parking id.,CONFIG,baseline schema/seed and source ETL keys,Config,Stable join key or scenario identifier; not an observed business measure.,Explainable acquisition prioritisation and BD drill-down.
parking_score_explanation,positive_reason_flags,ARRAY,scoring parking_score_explanation field: positive reason flags.,DERIVED,sql/analysis/component_scores.sql and python/analysis/scoring_engine.py,Derived,Computed by the scoring analytical layer; see scoring_methodology.md.,Explainable acquisition prioritisation and BD drill-down.
parking_score_explanation,constraint_reason_flags,ARRAY,scoring parking_score_explanation field: constraint reason flags.,DERIVED,sql/analysis/component_scores.sql and python/analysis/scoring_engine.py,Derived,Computed by the scoring analytical layer; see scoring_methodology.md.,Explainable acquisition prioritisation and BD drill-down.
parking_score_explanation,recommendation,text,scoring parking_score_explanation field: recommendation.,DERIVED,sql/analysis/component_scores.sql and python/analysis/scoring_engine.py,Derived,Computed by the scoring analytical layer; see scoring_methodology.md.,Explainable acquisition prioritisation and BD drill-down.
parking_score_explanation,methodology_note,text,scoring parking_score_explanation field: methodology note.,DERIVED,sql/analysis/component_scores.sql and python/analysis/scoring_engine.py,Derived,Computed by the scoring analytical layer; see scoring_methodology.md.,Explainable acquisition prioritisation and BD drill-down.
parking_score_explanation,generated_at,timestamp with time zone,scoring parking_score_explanation field: generated at.,DERIVED,sql/analysis/component_scores.sql and python/analysis/scoring_engine.py,Derived,Computed by the scoring analytical layer; see scoring_methodology.md.,Explainable acquisition prioritisation and BD drill-down.
sensitivity_summary,scenario_id,smallint,scoring sensitivity_summary field: scenario id.,CONFIG,baseline schema/seed and source ETL keys,Config,Stable join key or scenario identifier; not an observed business measure.,Explainable acquisition prioritisation and BD drill-down.
sensitivity_summary,top_10_overlap_count,smallint,scoring sensitivity_summary field: top 10 overlap count.,DERIVED,sql/analysis/component_scores.sql and python/analysis/scoring_engine.py,Derived,Computed by the scoring analytical layer; see scoring_methodology.md.,Explainable acquisition prioritisation and BD drill-down.
sensitivity_summary,top_10_overlap_pct,numeric,scoring sensitivity_summary field: top 10 overlap pct.,DERIVED,sql/analysis/component_scores.sql and python/analysis/scoring_engine.py,Derived,Computed by the scoring analytical layer; see scoring_methodology.md.,Explainable acquisition prioritisation and BD drill-down.
sensitivity_summary,spearman_rank_correlation,numeric,scoring sensitivity_summary field: spearman rank correlation.,DERIVED,sql/analysis/component_scores.sql and python/analysis/scoring_engine.py,Derived,Computed by the scoring analytical layer; see scoring_methodology.md.,Explainable acquisition prioritisation and BD drill-down.
sensitivity_summary,mean_abs_rank_change,numeric,scoring sensitivity_summary field: mean abs rank change.,DERIVED,sql/analysis/component_scores.sql and python/analysis/scoring_engine.py,Derived,Computed by the scoring analytical layer; see scoring_methodology.md.,Explainable acquisition prioritisation and BD drill-down.
sensitivity_summary,max_abs_rank_change,integer,scoring sensitivity_summary field: max abs rank change.,DERIVED,sql/analysis/component_scores.sql and python/analysis/scoring_engine.py,Derived,Computed by the scoring analytical layer; see scoring_methodology.md.,Explainable acquisition prioritisation and BD drill-down.
sensitivity_summary,segment_change_count,integer,scoring sensitivity_summary field: segment change count.,DERIVED,sql/analysis/component_scores.sql and python/analysis/scoring_engine.py,Derived,Computed by the scoring analytical layer; see scoring_methodology.md.,Explainable acquisition prioritisation and BD drill-down.
sensitivity_summary,mean_score_change,numeric,scoring sensitivity_summary field: mean score change.,DERIVED,sql/analysis/component_scores.sql and python/analysis/scoring_engine.py,Derived,Computed by the scoring analytical layer; see scoring_methodology.md.,Explainable acquisition prioritisation and BD drill-down.
sensitivity_summary,max_abs_score_change,numeric,scoring sensitivity_summary field: max abs score change.,DERIVED,sql/analysis/component_scores.sql and python/analysis/scoring_engine.py,Derived,Computed by the scoring analytical layer; see scoring_methodology.md.,Explainable acquisition prioritisation and BD drill-down.
sensitivity_summary,generated_at,timestamp with time zone,scoring sensitivity_summary field: generated at.,DERIVED,sql/analysis/component_scores.sql and python/analysis/scoring_engine.py,Derived,Computed by the scoring analytical layer; see scoring_methodology.md.,Explainable acquisition prioritisation and BD drill-down.
