parking_id,day_type,hour_of_day,avg_occupancy_rate,avg_entries
1,Weekday,0,0.0,0.0
2,Weekday,0,0.0,0.0
3,Weekday,0,0.0,0.0
4,Weekday,0,0.0725,5.9
5,Weekday,0,0.0,0.0
6,Weekday,0,0.1252,19.84
7,Weekday,0,0.0,0.0
8,Weekday,0,0.0,0.0
9,Weekday,0,0.0,0.0
10,Weekday,0,0.0,0.0
11,Weekday,0,0.0,0.0
12,Weekday,0,0.0,0.0
13,Weekday,0,0.096,26.57
14,Weekday,0,0.0,0.0
15,Weekday,0,0.0646,23.19
16,Weekday,0,0.1051,13.25
17,Weekday,0,0.0,0.0
18,Weekday,0,0.1285,26.41
19,Weekday,0,0.0773,10.79
20,Weekday,0,0.0,0.0
21,Weekday,0,0.0,0.0
22,Weekday,0,0.0861,21.87
23,Weekday,0,0.0,0.0
24,Weekday,0,0.0,0.0
25,Weekday,0,0.0,0.0
26,Weekday,0,0.0,0.0
27,Weekday,0,0.0,0.0
28,Weekday,0,0.0,0.0
29,Weekday,0,0.0702,7.59
30,Weekday,0,0.0,0.0
31,Weekday,0,0.0,0.0
32,Weekday,0,0.0,0.0
33,Weekday,0,0.0372,11.38
34,Weekday,0,0.0639,10.01
35,Weekday,0,0.056,1.47
36,Weekday,0,0.0,0.0
37,Weekday,0,0.0,0.0
38,Weekday,0,0.0,0.0
39,Weekday,0,0.053,2.07
40,Weekday,0,0.0,0.0
41,Weekday,0,0.0,0.0
42,Weekday,0,0.0,0.0
43,Weekday,0,0.0,0.0
44,Weekday,0,0.0345,4.69
45,Weekday,0,0.0512,30.2
46,Weekday,0,0.0,0.0
47,Weekday,0,0.0,0.0
48,Weekday,0,0.0774,2.41
49,Weekday,0,0.0,0.0
50,Weekday,0,0.0663,2.77
51,Weekday,0,0.0,0.0
52,Weekday,0,0.0,0.0
53,Weekday,0,0.0,0.0
54,Weekday,0,0.0286,2.06
55,Weekday,0,0.0,0.0
56,Weekday,0,0.0,0.0
57,Weekday,0,0.0787,3.79
58,Weekday,0,0.0,0.0
59,Weekday,0,0.0,0.0
60,Weekday,0,0.0,0.0
61,Weekday,0,0.0931,6.21
62,Weekday,0,0.0,0.0
63,Weekday,0,0.0,0.0
64,Weekday,0,0.0,0.0
65,Weekday,0,0.0,0.0
66,Weekday,0,0.0,0.0
67,Weekday,0,0.0,0.0
68,Weekday,0,0.0953,12.06
69,Weekday,0,0.0,0.0
70,Weekday,0,0.0,0.0
71,Weekday,0,0.0049,6.15
72,Weekday,0,0.0365,14.12
73,Weekday,0,0.0,0.0
74,Weekday,0,0.0,0.0
75,Weekday,0,0.0,0.0
76,Weekday,0,0.0,0.0
77,Weekday,0,0.0575,5.13
78,Weekday,0,0.0454,2.47
79,Weekday,0,0.0577,0.99
80,Weekday,0,0.0865,6.07
81,Weekday,0,0.0,0.0
82,Weekday,0,0.0,0.0
83,Weekday,0,0.0,0.0
84,Weekday,0,0.0,0.0
85,Weekday,0,0.0,0.0
86,Weekday,0,0.0,0.0
87,Weekday,0,0.0,0.0
88,Weekday,0,0.0,0.0
89,Weekday,0,0.0,0.0
90,Weekday,0,0.0,0.0
91,Weekday,0,0.0,0.0
92,Weekday,0,0.0591,1.96
93,Weekday,0,0.0,0.0
94,Weekday,0,0.0,0.0
95,Weekday,0,0.0,0.0
96,Weekday,0,0.0,0.0
97,Weekday,0,0.0,0.0
98,Weekday,0,0.0315,3.75
99,Weekday,0,0.0419,9.98
100,Weekday,0,0.0702,4.24
101,Weekday,0,0.0,0.0
102,Weekday,0,0.0,0.0
103,Weekday,0,0.0,0.0
104,Weekday,0,0.0,0.0
105,Weekday,0,0.0,0.0
106,Weekday,0,0.0345,6.58
107,Weekday,0,0.0471,2.38
108,Weekday,0,0.0,0.0
109,Weekday,0,0.0481,1.15
110,Weekday,0,0.0861,4.2
111,Weekday,0,0.0,0.0
112,Weekday,0,0.0717,6.1
113,Weekday,0,0.0,0.0
114,Weekday,0,0.0,0.0
115,Weekday,0,0.0,0.0
116,Weekday,0,0.0,0.0
117,Weekday,0,0.0561,4.02
118,Weekday,0,0.0471,22.94
119,Weekday,0,0.0,0.0
120,Weekday,0,0.0,0.0
1,Weekday,1,0.0,0.0
2,Weekday,1,0.0,0.0
3,Weekday,1,0.0,0.0
4,Weekday,1,0.0695,6.07
5,Weekday,1,0.0,0.0
6,Weekday,1,0.079,20.4
7,Weekday,1,0.0,0.0
8,Weekday,1,0.0,0.0
9,Weekday,1,0.0,0.0
10,Weekday,1,0.0,0.0
11,Weekday,1,0.0,0.0
12,Weekday,1,0.0,0.0
13,Weekday,1,0.0686,27.31
14,Weekday,1,0.0,0.0
15,Weekday,1,0.1053,23.83
16,Weekday,1,0.0653,13.62
17,Weekday,1,0.0,0.0
18,Weekday,1,0.1272,27.15
19,Weekday,1,0.0421,11.09
20,Weekday,1,0.0,0.0
21,Weekday,1,0.0,0.0
22,Weekday,1,0.0794,22.48
23,Weekday,1,0.0,0.0
24,Weekday,1,0.0,0.0
25,Weekday,1,0.0,0.0
26,Weekday,1,0.0,0.0
27,Weekday,1,0.0,0.0
28,Weekday,1,0.0,0.0
29,Weekday,1,0.0812,7.84
30,Weekday,1,0.0,0.0
31,Weekday,1,0.0,0.0
32,Weekday,1,0.0,0.0
33,Weekday,1,0.0507,11.61
34,Weekday,1,0.0664,10.21
35,Weekday,1,0.0426,1.5
36,Weekday,1,0.0,0.0
37,Weekday,1,0.0,0.0
38,Weekday,1,0.0,0.0
39,Weekday,1,0.0471,2.08
40,Weekday,1,0.0,0.0
41,Weekday,1,0.0,0.0
42,Weekday,1,0.0,0.0
43,Weekday,1,0.0,0.0
44,Weekday,1,0.0794,4.71
45,Weekday,1,0.0293,30.3
46,Weekday,1,0.0,0.0
47,Weekday,1,0.0,0.0
48,Weekday,1,0.0807,2.42
49,Weekday,1,0.0,0.0
50,Weekday,1,0.0402,2.78
51,Weekday,1,0.0,0.0
52,Weekday,1,0.0,0.0
53,Weekday,1,0.0,0.0
54,Weekday,1,0.0299,2.07
55,Weekday,1,0.0,0.0
56,Weekday,1,0.0,0.0
57,Weekday,1,0.097,3.82
58,Weekday,1,0.0,0.0
59,Weekday,1,0.0,0.0
60,Weekday,1,0.0,0.0
61,Weekday,1,0.0743,6.27
62,Weekday,1,0.0,0.0
63,Weekday,1,0.0,0.0
64,Weekday,1,0.0,0.0
65,Weekday,1,0.0,0.0
66,Weekday,1,0.0,0.0
67,Weekday,1,0.0,0.0
68,Weekday,1,0.0507,12.4
69,Weekday,1,0.0,0.0
70,Weekday,1,0.0,0.0
71,Weekday,1,0.0,6.32
72,Weekday,1,0.0689,14.58
73,Weekday,1,0.0,0.0
74,Weekday,1,0.0,0.0
75,Weekday,1,0.0,0.0
76,Weekday,1,0.0,0.0
77,Weekday,1,0.064,5.3
78,Weekday,1,0.0574,2.55
79,Weekday,1,0.0543,1.03
80,Weekday,1,0.1175,6.27
81,Weekday,1,0.0,0.0
82,Weekday,1,0.0,0.0
83,Weekday,1,0.0,0.0
84,Weekday,1,0.0,0.0
85,Weekday,1,0.0,0.0
86,Weekday,1,0.0,0.0
87,Weekday,1,0.0,0.0
88,Weekday,1,0.0,0.0
89,Weekday,1,0.0,0.0
90,Weekday,1,0.0,0.0
91,Weekday,1,0.0,0.0
92,Weekday,1,0.0384,2.01
93,Weekday,1,0.0,0.0
94,Weekday,1,0.0,0.0
95,Weekday,1,0.0,0.0
96,Weekday,1,0.0,0.0
97,Weekday,1,0.0,0.0
98,Weekday,1,0.04,3.76
99,Weekday,1,0.0546,10.01
100,Weekday,1,0.0437,4.25
101,Weekday,1,0.0,0.0
102,Weekday,1,0.0,0.0
103,Weekday,1,0.0,0.0
104,Weekday,1,0.0,0.0
105,Weekday,1,0.0,0.0
106,Weekday,1,0.0286,6.71
107,Weekday,1,0.0319,2.43
108,Weekday,1,0.0,0.0
109,Weekday,1,0.0299,1.18
110,Weekday,1,0.0809,4.24
111,Weekday,1,0.0,0.0
112,Weekday,1,0.0893,6.15
113,Weekday,1,0.0,0.0
114,Weekday,1,0.0,0.0
115,Weekday,1,0.0,0.0
116,Weekday,1,0.0,0.0
117,Weekday,1,0.0903,4.15
118,Weekday,1,0.0854,23.69
119,Weekday,1,0.0,0.0
120,Weekday,1,0.0,0.0
1,Weekday,2,0.0,0.0
2,Weekday,2,0.0,0.0
3,Weekday,2,0.0,0.0
4,Weekday,2,0.0473,6.36
5,Weekday,2,0.0,0.0
6,Weekday,2,0.0953,21.38
7,Weekday,2,0.0,0.0
8,Weekday,2,0.0,0.0
9,Weekday,2,0.0,0.0
10,Weekday,2,0.0,0.0
11,Weekday,2,0.0,0.0
12,Weekday,2,0.0,0.0
13,Weekday,2,0.0963,28.63
14,Weekday,2,0.0,0.0
15,Weekday,2,0.1287,24.98
16,Weekday,2,0.0943,14.28
17,Weekday,2,0.0,0.0
18,Weekday,2,0.1279,28.46
19,Weekday,2,0.0726,11.63
20,Weekday,2,0.0,0.0
21,Weekday,2,0.0,0.0
22,Weekday,2,0.0839,23.56
23,Weekday,2,0.0,0.0
24,Weekday,2,0.0,0.0
25,Weekday,2,0.0,0.0
26,Weekday,2,0.0,0.0
27,Weekday,2,0.0,0.0
28,Weekday,2,0.0,0.0
29,Weekday,2,0.0958,8.25
30,Weekday,2,0.0,0.0
31,Weekday,2,0.0,0.0
32,Weekday,2,0.0,0.0
33,Weekday,2,0.0359,12.31
34,Weekday,2,0.0384,10.83
35,Weekday,2,0.0525,1.59
36,Weekday,2,0.0,0.0
37,Weekday,2,0.0,0.0
38,Weekday,2,0.0,0.0
39,Weekday,2,0.0295,2.1
40,Weekday,2,0.0,0.0
41,Weekday,2,0.0,0.0
42,Weekday,2,0.0,0.0
43,Weekday,2,0.0,0.0
44,Weekday,2,0.0632,4.74
45,Weekday,2,0.0327,30.52
46,Weekday,2,0.0,0.0
47,Weekday,2,0.0,0.0
48,Weekday,2,0.0623,2.44
49,Weekday,2,0.0,0.0
50,Weekday,2,0.0602,2.8
51,Weekday,2,0.0,0.0
52,Weekday,2,0.0,0.0
53,Weekday,2,0.0,0.0
54,Weekday,2,0.0269,2.08
55,Weekday,2,0.0,0.0
56,Weekday,2,0.0,0.0
57,Weekday,2,0.0994,3.95
58,Weekday,2,0.0,0.0
59,Weekday,2,0.0,0.0
60,Weekday,2,0.0,0.0
61,Weekday,2,0.0856,6.47
62,Weekday,2,0.0,0.0
63,Weekday,2,0.0,0.0
64,Weekday,2,0.0,0.0
65,Weekday,2,0.0,0.0
66,Weekday,2,0.0,0.0
67,Weekday,2,0.0,0.0
68,Weekday,2,0.0202,13.0
69,Weekday,2,0.0,0.0
70,Weekday,2,0.0,0.0
71,Weekday,2,0.0267,6.62
72,Weekday,2,0.0783,15.34
73,Weekday,2,0.0,0.0
74,Weekday,2,0.0,0.0
75,Weekday,2,0.0,0.0
76,Weekday,2,0.0,0.0
77,Weekday,2,0.0675,5.57
78,Weekday,2,0.0895,2.69
79,Weekday,2,0.0566,1.08
80,Weekday,2,0.074,6.6
81,Weekday,2,0.0,0.0
82,Weekday,2,0.0,0.0
83,Weekday,2,0.0,0.0
84,Weekday,2,0.0,0.0
85,Weekday,2,0.0,0.0
86,Weekday,2,0.0,0.0
87,Weekday,2,0.0,0.0
88,Weekday,2,0.0,0.0
89,Weekday,2,0.0,0.0
90,Weekday,2,0.0,0.0
91,Weekday,2,0.0,0.0
92,Weekday,2,0.0529,2.11
93,Weekday,2,0.0,0.0
94,Weekday,2,0.0,0.0
95,Weekday,2,0.0,0.0
96,Weekday,2,0.0,0.0
97,Weekday,2,0.0,0.0
98,Weekday,2,0.0108,3.79
99,Weekday,2,0.0608,10.09
100,Weekday,2,0.039,4.28
101,Weekday,2,0.0,0.0
102,Weekday,2,0.0,0.0
103,Weekday,2,0.0,0.0
104,Weekday,2,0.0,0.0
105,Weekday,2,0.0,0.0
106,Weekday,2,0.03,7.12
107,Weekday,2,0.0388,2.58
108,Weekday,2,0.0,0.0
109,Weekday,2,0.0533,1.25
110,Weekday,2,0.0963,4.38
111,Weekday,2,0.0,0.0
112,Weekday,2,0.1075,6.35
113,Weekday,2,0.0,0.0
114,Weekday,2,0.0,0.0
115,Weekday,2,0.0,0.0
116,Weekday,2,0.0,0.0
117,Weekday,2,0.0727,4.37
118,Weekday,2,0.0857,24.93
119,Weekday,2,0.0,0.0
120,Weekday,2,0.0,0.0
1,Weekday,3,0.0,0.0
2,Weekday,3,0.0,0.0
3,Weekday,3,0.0,0.0
4,Weekday,3,0.0828,6.85
5,Weekday,3,0.0,0.0
6,Weekday,3,0.1485,23.01
7,Weekday,3,0.0,0.0
8,Weekday,3,0.0,0.0
9,Weekday,3,0.0,0.0
10,Weekday,3,0.0,0.0
11,Weekday,3,0.0,0.0
12,Weekday,3,0.0,0.0
13,Weekday,3,0.1042,30.81
14,Weekday,3,0.0,0.0
15,Weekday,3,0.1533,26.88
16,Weekday,3,0.1055,15.36
17,Weekday,3,0.0,0.0
18,Weekday,3,0.1493,30.63
19,Weekday,3,0.1064,12.51
20,Weekday,3,0.0,0.0
21,Weekday,3,0.0,0.0
22,Weekday,3,0.1108,25.36
23,Weekday,3,0.0,0.0
24,Weekday,3,0.0,0.0
25,Weekday,3,0.0,0.0
26,Weekday,3,0.0,0.0
27,Weekday,3,0.0,0.0
28,Weekday,3,0.0,0.0
29,Weekday,3,0.0869,8.88
30,Weekday,3,0.0,0.0
31,Weekday,3,0.0,0.0
32,Weekday,3,0.0,0.0
33,Weekday,3,0.0474,14.08
34,Weekday,3,0.072,12.38
35,Weekday,3,0.0524,1.82
36,Weekday,3,0.0,0.0
37,Weekday,3,0.0,0.0
38,Weekday,3,0.0,0.0
39,Weekday,3,0.0634,2.13
40,Weekday,3,0.0,0.0
41,Weekday,3,0.0,0.0
42,Weekday,3,0.0,0.0
43,Weekday,3,0.0,0.0
44,Weekday,3,0.0606,4.82
45,Weekday,3,0.0371,31.01
46,Weekday,3,0.0,0.0
47,Weekday,3,0.0,0.0
48,Weekday,3,0.1066,2.48
49,Weekday,3,0.0,0.0
50,Weekday,3,0.0519,2.85
51,Weekday,3,0.0,0.0
52,Weekday,3,0.0,0.0
53,Weekday,3,0.0,0.0
54,Weekday,3,0.0607,2.12
55,Weekday,3,0.0,0.0
56,Weekday,3,0.0,0.0
57,Weekday,3,0.0976,4.29
58,Weekday,3,0.0,0.0
59,Weekday,3,0.0,0.0
60,Weekday,3,0.0,0.0
61,Weekday,3,0.0698,7.03
62,Weekday,3,0.0,0.0
63,Weekday,3,0.0,0.0
64,Weekday,3,0.0,0.0
65,Weekday,3,0.0,0.0
66,Weekday,3,0.0,0.0
67,Weekday,3,0.0,0.0
68,Weekday,3,0.0369,13.99
69,Weekday,3,0.0,0.0
70,Weekday,3,0.0,0.0
71,Weekday,3,0.0481,7.13
72,Weekday,3,0.1026,16.51
73,Weekday,3,0.0,0.0
74,Weekday,3,0.0,0.0
75,Weekday,3,0.0,0.0
76,Weekday,3,0.0,0.0
77,Weekday,3,0.075,6.0
78,Weekday,3,0.0744,2.89
79,Weekday,3,0.0715,1.16
80,Weekday,3,0.138,7.1
81,Weekday,3,0.0,0.0
82,Weekday,3,0.0,0.0
83,Weekday,3,0.0,0.0
84,Weekday,3,0.0,0.0
85,Weekday,3,0.0,0.0
86,Weekday,3,0.0,0.0
87,Weekday,3,0.0,0.0
88,Weekday,3,0.0,0.0
89,Weekday,3,0.0,0.0
90,Weekday,3,0.0,0.0
91,Weekday,3,0.0,0.0
92,Weekday,3,0.0677,2.27
93,Weekday,3,0.0,0.0
94,Weekday,3,0.0,0.0
95,Weekday,3,0.0,0.0
96,Weekday,3,0.0,0.0
97,Weekday,3,0.0,0.0
98,Weekday,3,0.0128,3.85
99,Weekday,3,0.0774,10.25
100,Weekday,3,0.0358,4.35
101,Weekday,3,0.0,0.0
102,Weekday,3,0.0,0.0
103,Weekday,3,0.0,0.0
104,Weekday,3,0.0,0.0
105,Weekday,3,0.0,0.0
106,Weekday,3,0.0194,8.14
107,Weekday,3,0.0573,2.94
108,Weekday,3,0.0,0.0
109,Weekday,3,0.0481,1.43
110,Weekday,3,0.0979,4.75
111,Weekday,3,0.0,0.0
112,Weekday,3,0.1093,6.9
113,Weekday,3,0.0,0.0
114,Weekday,3,0.0,0.0
115,Weekday,3,0.0,0.0
116,Weekday,3,0.0,0.0
117,Weekday,3,0.1069,4.7
118,Weekday,3,0.0823,26.83
119,Weekday,3,0.0,0.0
120,Weekday,3,0.0,0.0
1,Weekday,4,0.0,0.0
2,Weekday,4,0.0,0.0
3,Weekday,4,0.0,0.0
4,Weekday,4,0.0872,7.59
5,Weekday,4,0.0,0.0
6,Weekday,4,0.1084,25.51
7,Weekday,4,0.0,0.0
8,Weekday,4,0.0,0.0
9,Weekday,4,0.0,0.0
10,Weekday,4,0.0,0.0
11,Weekday,4,0.0,0.0
12,Weekday,4,0.0,0.0
13,Weekday,4,0.1107,34.15
14,Weekday,4,0.0,0.0
15,Weekday,4,0.1326,29.8
16,Weekday,4,0.1015,17.03
17,Weekday,4,0.0,0.0
18,Weekday,4,0.1821,33.95
19,Weekday,4,0.1253,13.87
20,Weekday,4,0.0,0.0
21,Weekday,4,0.0,0.0
22,Weekday,4,0.1235,28.11
23,Weekday,4,0.0,0.0
24,Weekday,4,0.0,0.0
25,Weekday,4,0.0,0.0
26,Weekday,4,0.0,0.0
27,Weekday,4,0.0,0.0
28,Weekday,4,0.0,0.0
29,Weekday,4,0.1162,9.77
30,Weekday,4,0.0,0.0
31,Weekday,4,0.0,0.0
32,Weekday,4,0.0,0.0
33,Weekday,4,0.0538,17.6
34,Weekday,4,0.0822,15.48
35,Weekday,4,0.1105,2.28
36,Weekday,4,0.0,0.0
37,Weekday,4,0.0,0.0
38,Weekday,4,0.0,0.0
39,Weekday,4,0.0376,2.2
40,Weekday,4,0.0,0.0
41,Weekday,4,0.0,0.0
42,Weekday,4,0.0,0.0
43,Weekday,4,0.0,0.0
44,Weekday,4,0.0964,4.97
45,Weekday,4,0.0557,31.99
46,Weekday,4,0.0,0.0
47,Weekday,4,0.0,0.0
48,Weekday,4,0.0781,2.56
49,Weekday,4,0.0,0.0
50,Weekday,4,0.0773,2.94
51,Weekday,4,0.0,0.0
52,Weekday,4,0.0,0.0
53,Weekday,4,0.0,0.0
54,Weekday,4,0.0165,2.18
55,Weekday,4,0.0,0.0
56,Weekday,4,0.0,0.0
57,Weekday,4,0.1258,4.95
58,Weekday,4,0.0,0.0
59,Weekday,4,0.0,0.0
60,Weekday,4,0.0,0.0
61,Weekday,4,0.1251,8.11
62,Weekday,4,0.0,0.0
63,Weekday,4,0.0,0.0
64,Weekday,4,0.0,0.0
65,Weekday,4,0.0,0.0
66,Weekday,4,0.0,0.0
67,Weekday,4,0.0,0.0
68,Weekday,4,0.0842,15.51
69,Weekday,4,0.0,0.0
70,Weekday,4,0.0,0.0
71,Weekday,4,0.0018,7.9
72,Weekday,4,0.0654,18.17
73,Weekday,4,0.0,0.0
74,Weekday,4,0.0,0.0
75,Weekday,4,0.0,0.0
76,Weekday,4,0.0,0.0
77,Weekday,4,0.0688,6.6
78,Weekday,4,0.1012,3.18
79,Weekday,4,0.1015,1.28
80,Weekday,4,0.1382,7.81
81,Weekday,4,0.0,0.0
82,Weekday,4,0.0,0.0
83,Weekday,4,0.0,0.0
84,Weekday,4,0.0,0.0
85,Weekday,4,0.0,0.0
86,Weekday,4,0.0,0.0
87,Weekday,4,0.0,0.0
88,Weekday,4,0.0,0.0
89,Weekday,4,0.0,0.0
90,Weekday,4,0.0,0.0
91,Weekday,4,0.0,0.0
92,Weekday,4,0.0187,2.51
93,Weekday,4,0.0,0.0
94,Weekday,4,0.0,0.0
95,Weekday,4,0.0,0.0
96,Weekday,4,0.0,0.0
97,Weekday,4,0.0,0.0
98,Weekday,4,0.0672,3.98
99,Weekday,4,0.0583,10.57
100,Weekday,4,0.0569,4.49
101,Weekday,4,0.0,0.0
102,Weekday,4,0.0,0.0
103,Weekday,4,0.0,0.0
104,Weekday,4,0.0,0.0
105,Weekday,4,0.0,0.0
106,Weekday,4,0.0834,10.18
107,Weekday,4,0.0766,3.68
108,Weekday,4,0.0,0.0
109,Weekday,4,0.1185,1.79
110,Weekday,4,0.0607,5.48
111,Weekday,4,0.0,0.0
112,Weekday,4,0.1112,7.97
113,Weekday,4,0.0,0.0
114,Weekday,4,0.0,0.0
115,Weekday,4,0.0,0.0
116,Weekday,4,0.0,0.0
117,Weekday,4,0.1116,5.17
118,Weekday,4,0.1162,29.53
119,Weekday,4,0.0,0.0
120,Weekday,4,0.0,0.0
1,Weekday,5,0.0,0.0
2,Weekday,5,0.0,0.0
3,Weekday,5,0.0,0.0
4,Weekday,5,0.176,8.64
5,Weekday,5,0.0,0.0
6,Weekday,5,0.1644,29.05
7,Weekday,5,0.0,0.0
8,Weekday,5,0.0,0.0
9,Weekday,5,0.0,0.0
10,Weekday,5,0.0,0.0
11,Weekday,5,0.0,0.0
12,Weekday,5,0.0,0.0
13,Weekday,5,0.1462,38.9
14,Weekday,5,0.0,0.0
15,Weekday,5,0.1695,33.94
16,Weekday,5,0.1773,19.4
17,Weekday,5,0.0,0.0
18,Weekday,5,0.2131,38.67
19,Weekday,5,0.1549,15.8
20,Weekday,5,0.0,0.0
21,Weekday,5,0.0,0.0
22,Weekday,5,0.159,32.02
23,Weekday,5,0.0,0.0
24,Weekday,5,0.0,0.0
25,Weekday,5,0.0,0.0
26,Weekday,5,0.0,0.0
27,Weekday,5,0.0,0.0
28,Weekday,5,0.0,0.0
29,Weekday,5,0.1596,10.93
30,Weekday,5,0.0,0.0
31,Weekday,5,0.0,0.0
32,Weekday,5,0.0,0.0
33,Weekday,5,0.1573,23.05
34,Weekday,5,0.1495,20.28
35,Weekday,5,0.112,2.98
36,Weekday,5,0.0,0.0
37,Weekday,5,0.0,0.0
38,Weekday,5,0.0,0.0
39,Weekday,5,0.0602,2.32
40,Weekday,5,0.0,0.0
41,Weekday,5,0.0,0.0
42,Weekday,5,0.0,0.0
43,Weekday,5,0.0,0.0
44,Weekday,5,0.0843,5.25
45,Weekday,5,0.0531,33.78
46,Weekday,5,0.0,0.0
47,Weekday,5,0.0,0.0
48,Weekday,5,0.1062,2.7
49,Weekday,5,0.0,0.0
50,Weekday,5,0.0766,3.1
51,Weekday,5,0.0,0.0
52,Weekday,5,0.0,0.0
53,Weekday,5,0.0,0.0
54,Weekday,5,0.0765,2.31
55,Weekday,5,0.0,0.0
56,Weekday,5,0.0,0.0
57,Weekday,5,0.1568,5.86
58,Weekday,5,0.0,0.0
59,Weekday,5,0.0,0.0
60,Weekday,5,0.0,0.0
61,Weekday,5,0.1146,9.61
62,Weekday,5,0.0,0.0
63,Weekday,5,0.0,0.0
64,Weekday,5,0.0,0.0
65,Weekday,5,0.0,0.0
66,Weekday,5,0.0,0.0
67,Weekday,5,0.0,0.0
68,Weekday,5,0.0975,17.66
69,Weekday,5,0.0,0.0
70,Weekday,5,0.0,0.0
71,Weekday,5,0.0154,9.0
72,Weekday,5,0.1454,20.33
73,Weekday,5,0.0,0.0
74,Weekday,5,0.0,0.0
75,Weekday,5,0.0,0.0
76,Weekday,5,0.0,0.0
77,Weekday,5,0.1118,7.39
78,Weekday,5,0.1133,3.56
79,Weekday,5,0.1557,1.43
80,Weekday,5,0.1437,8.74
81,Weekday,5,0.0,0.0
82,Weekday,5,0.0,0.0
83,Weekday,5,0.0,0.0
84,Weekday,5,0.0,0.0
85,Weekday,5,0.0,0.0
86,Weekday,5,0.0,0.0
87,Weekday,5,0.0,0.0
88,Weekday,5,0.0,0.0
89,Weekday,5,0.0,0.0
90,Weekday,5,0.0,0.0
91,Weekday,5,0.0,0.0
92,Weekday,5,0.0605,2.86
93,Weekday,5,0.0,0.0
94,Weekday,5,0.0,0.0
95,Weekday,5,0.0,0.0
96,Weekday,5,0.0,0.0
97,Weekday,5,0.0,0.0
98,Weekday,5,0.0296,4.2
99,Weekday,5,0.0196,11.16
100,Weekday,5,0.0644,4.74
101,Weekday,5,0.0,0.0
102,Weekday,5,0.0,0.0
103,Weekday,5,0.0,0.0
104,Weekday,5,0.0,0.0
105,Weekday,5,0.0,0.0
106,Weekday,5,0.1066,13.33
107,Weekday,5,0.1324,4.82
108,Weekday,5,0.0,0.0
109,Weekday,5,0.1849,2.34
110,Weekday,5,0.0993,6.49
111,Weekday,5,0.0,0.0
112,Weekday,5,0.1789,9.43
113,Weekday,5,0.0,0.0
114,Weekday,5,0.0,0.0
115,Weekday,5,0.0,0.0
116,Weekday,5,0.0,0.0
117,Weekday,5,0.1304,5.79
118,Weekday,5,0.1438,33.04
119,Weekday,5,0.0,0.0
120,Weekday,5,0.0,0.0
1,Weekday,6,0.2445,38.2
2,Weekday,6,0.1276,42.75
3,Weekday,6,0.239,12.18
4,Weekday,6,0.1862,10.02
5,Weekday,6,0.2282,16.45
6,Weekday,6,0.2534,33.67
7,Weekday,6,0.2178,9.41
8,Weekday,6,0.2132,23.18
9,Weekday,6,0.1889,18.96
10,Weekday,6,0.2056,14.71
11,Weekday,6,0.113,11.54
12,Weekday,6,0.2176,18.63
13,Weekday,6,0.1895,45.08
14,Weekday,6,0.175,28.25
15,Weekday,6,0.1985,39.34
16,Weekday,6,0.2278,22.48
17,Weekday,6,0.2405,30.25
18,Weekday,6,0.2761,44.81
19,Weekday,6,0.2003,18.31
20,Weekday,6,0.1738,12.54
21,Weekday,6,0.1883,74.26
22,Weekday,6,0.2107,37.11
23,Weekday,6,0.1272,15.92
24,Weekday,6,0.1331,8.14
25,Weekday,6,0.1654,15.14
26,Weekday,6,0.1693,37.86
27,Weekday,6,0.1561,20.48
28,Weekday,6,0.1589,18.14
29,Weekday,6,0.1661,12.32
30,Weekday,6,0.1385,12.19
31,Weekday,6,0.1927,39.92
32,Weekday,6,0.2563,29.32
33,Weekday,6,0.2283,29.29
34,Weekday,6,0.2712,25.76
35,Weekday,6,0.1778,3.79
36,Weekday,6,0.0578,13.64
37,Weekday,6,0.0614,13.07
38,Weekday,6,0.0519,7.42
39,Weekday,6,0.0691,2.52
40,Weekday,6,0.0437,22.29
41,Weekday,6,0.1005,37.45
42,Weekday,6,0.0999,11.96
43,Weekday,6,0.1299,22.37
44,Weekday,6,0.0834,5.71
45,Weekday,6,0.1131,36.72
46,Weekday,6,0.115,32.63
47,Weekday,6,0.1079,7.9
48,Weekday,6,0.1064,2.94
49,Weekday,6,0.1088,12.27
50,Weekday,6,0.0981,3.37
51,Weekday,6,0.1205,9.72
52,Weekday,6,0.1348,42.41
53,Weekday,6,0.0105,6.54
54,Weekday,6,0.0615,2.51
55,Weekday,6,0.1098,29.29
56,Weekday,6,0.0456,12.91
57,Weekday,6,0.186,6.61
58,Weekday,6,0.1501,2.9
59,Weekday,6,0.1671,18.71
60,Weekday,6,0.2765,13.12
61,Weekday,6,0.2135,10.83
62,Weekday,6,0.066,5.14
63,Weekday,6,0.0878,18.25
64,Weekday,6,0.0733,9.69
65,Weekday,6,0.0923,20.0
66,Weekday,6,0.0934,12.04
67,Weekday,6,0.1147,23.2
68,Weekday,6,0.1457,20.47
69,Weekday,6,0.1265,5.62
70,Weekday,6,0.0977,3.77
71,Weekday,6,0.0504,10.43
72,Weekday,6,0.1461,22.91
73,Weekday,6,0.1,11.95
74,Weekday,6,0.1115,21.68
75,Weekday,6,0.0886,31.55
76,Weekday,6,0.1265,5.49
77,Weekday,6,0.1229,8.32
78,Weekday,6,0.1434,4.01
79,Weekday,6,0.1515,1.61
80,Weekday,6,0.1933,9.85
81,Weekday,6,0.1514,6.82
82,Weekday,6,0.1625,5.58
83,Weekday,6,0.1489,22.43
84,Weekday,6,0.0978,38.98
85,Weekday,6,0.1542,12.93
86,Weekday,6,0.1511,7.45
87,Weekday,6,0.1309,40.15
88,Weekday,6,0.1104,18.92
89,Weekday,6,0.0776,6.22
90,Weekday,6,0.1436,34.38
91,Weekday,6,0.0446,3.43
92,Weekday,6,0.0803,3.32
93,Weekday,6,0.0806,9.83
94,Weekday,6,0.1032,5.09
95,Weekday,6,0.091,35.55
96,Weekday,6,0.0684,7.54
97,Weekday,6,0.0692,4.4
98,Weekday,6,0.0486,4.56
99,Weekday,6,0.0624,12.14
100,Weekday,6,0.0535,5.16
101,Weekday,6,0.1108,32.25
102,Weekday,6,0.1394,11.03
103,Weekday,6,0.0712,4.54
104,Weekday,6,0.1645,47.05
105,Weekday,6,0.2295,55.87
106,Weekday,6,0.1716,16.94
107,Weekday,6,0.1724,6.13
108,Weekday,6,0.238,17.28
109,Weekday,6,0.2331,2.97
110,Weekday,6,0.1364,7.32
111,Weekday,6,0.2562,16.54
112,Weekday,6,0.178,10.63
113,Weekday,6,0.206,9.82
114,Weekday,6,0.1861,15.55
115,Weekday,6,0.1087,4.96
116,Weekday,6,0.1074,5.27
117,Weekday,6,0.1569,6.53
118,Weekday,6,0.203,37.23
119,Weekday,6,0.1401,5.28
120,Weekday,6,0.1275,13.06
1,Weekday,7,0.3676,44.44
2,Weekday,7,0.2151,49.73
3,Weekday,7,0.3132,14.17
4,Weekday,7,0.245,11.65
5,Weekday,7,0.3163,19.14
6,Weekday,7,0.32,39.17
7,Weekday,7,0.2534,10.95
8,Weekday,7,0.263,26.97
9,Weekday,7,0.3067,22.06
10,Weekday,7,0.2936,17.11
11,Weekday,7,0.1388,13.43
12,Weekday,7,0.2918,21.67
13,Weekday,7,0.2222,52.44
14,Weekday,7,0.2042,32.86
15,Weekday,7,0.2608,45.76
16,Weekday,7,0.2905,26.15
17,Weekday,7,0.3248,35.19
18,Weekday,7,0.3608,52.13
19,Weekday,7,0.2368,21.3
20,Weekday,7,0.2464,14.59
21,Weekday,7,0.281,86.39
22,Weekday,7,0.3151,43.16
23,Weekday,7,0.1738,17.85
24,Weekday,7,0.1829,9.13
25,Weekday,7,0.1705,16.97
26,Weekday,7,0.2082,42.45
27,Weekday,7,0.1891,22.96
28,Weekday,7,0.1864,20.34
29,Weekday,7,0.2481,13.81
30,Weekday,7,0.2158,13.67
31,Weekday,7,0.2502,44.76
32,Weekday,7,0.2505,32.88
33,Weekday,7,0.3112,33.8
34,Weekday,7,0.3757,29.73
35,Weekday,7,0.3075,4.37
36,Weekday,7,0.1473,15.27
37,Weekday,7,0.0842,14.63
38,Weekday,7,0.0778,8.3
39,Weekday,7,0.0596,2.82
40,Weekday,7,0.1011,24.95
41,Weekday,7,0.1248,41.93
42,Weekday,7,0.143,13.39
43,Weekday,7,0.0953,25.04
44,Weekday,7,0.1244,6.39
45,Weekday,7,0.0658,41.11
46,Weekday,7,0.143,36.53
47,Weekday,7,0.0887,8.84
48,Weekday,7,0.1246,3.29
49,Weekday,7,0.1146,13.74
50,Weekday,7,0.1093,3.77
51,Weekday,7,0.1369,10.88
52,Weekday,7,0.1361,47.47
53,Weekday,7,0.0443,7.32
54,Weekday,7,0.0446,2.81
55,Weekday,7,0.1436,32.79
56,Weekday,7,0.0915,14.45
57,Weekday,7,0.2426,6.7
58,Weekday,7,0.1473,2.94
59,Weekday,7,0.1885,18.97
60,Weekday,7,0.3112,13.3
61,Weekday,7,0.2082,10.98
62,Weekday,7,0.0905,5.98
63,Weekday,7,0.1575,21.23
64,Weekday,7,0.1446,11.27
65,Weekday,7,0.1123,23.26
66,Weekday,7,0.1315,14.01
67,Weekday,7,0.1767,26.98
68,Weekday,7,0.1947,23.81
69,Weekday,7,0.1613,6.54
70,Weekday,7,0.0986,4.39
71,Weekday,7,0.0728,12.13
72,Weekday,7,0.188,25.69
73,Weekday,7,0.1905,13.4
74,Weekday,7,0.1221,24.31
75,Weekday,7,0.1166,35.38
76,Weekday,7,0.1694,6.15
77,Weekday,7,0.1657,9.33
78,Weekday,7,0.2082,4.5
79,Weekday,7,0.1972,1.81
80,Weekday,7,0.257,11.05
81,Weekday,7,0.1818,7.65
82,Weekday,7,0.1934,6.49
83,Weekday,7,0.1923,26.09
84,Weekday,7,0.0967,45.35
85,Weekday,7,0.2153,15.04
86,Weekday,7,0.2321,8.66
87,Weekday,7,0.1341,46.7
88,Weekday,7,0.1172,22.01
89,Weekday,7,0.0907,7.24
90,Weekday,7,0.1368,39.99
91,Weekday,7,0.0599,3.99
92,Weekday,7,0.1062,3.86
93,Weekday,7,0.1031,11.43
94,Weekday,7,0.078,5.93
95,Weekday,7,0.1466,41.35
96,Weekday,7,0.0497,8.77
97,Weekday,7,0.0929,4.93
98,Weekday,7,0.044,5.11
99,Weekday,7,0.0827,13.59
100,Weekday,7,0.1036,5.77
101,Weekday,7,0.1323,37.51
102,Weekday,7,0.1816,12.83
103,Weekday,7,0.1113,5.29
104,Weekday,7,0.2558,54.73
105,Weekday,7,0.3325,64.48
106,Weekday,7,0.2898,19.55
107,Weekday,7,0.3084,7.07
108,Weekday,7,0.3378,19.94
109,Weekday,7,0.3519,3.43
110,Weekday,7,0.1695,7.42
111,Weekday,7,0.2793,16.76
112,Weekday,7,0.2651,10.78
113,Weekday,7,0.2354,9.96
114,Weekday,7,0.2029,15.77
115,Weekday,7,0.122,5.02
116,Weekday,7,0.0877,5.91
117,Weekday,7,0.2196,7.32
118,Weekday,7,0.2517,41.75
119,Weekday,7,0.1183,5.92
120,Weekday,7,0.1471,14.64
1,Weekday,8,0.4157,51.12
2,Weekday,8,0.2579,57.21
3,Weekday,8,0.3699,16.3
4,Weekday,8,0.2964,13.41
5,Weekday,8,0.3998,22.02
6,Weekday,8,0.3956,45.06
7,Weekday,8,0.3276,12.6
8,Weekday,8,0.3354,31.03
9,Weekday,8,0.374,25.38
10,Weekday,8,0.3696,19.69
11,Weekday,8,0.1672,15.45
12,Weekday,8,0.3946,24.93
13,Weekday,8,0.3192,60.33
14,Weekday,8,0.2647,37.8
15,Weekday,8,0.3425,52.65
16,Weekday,8,0.346,30.08
17,Weekday,8,0.4015,40.48
18,Weekday,8,0.4942,59.97
19,Weekday,8,0.3103,24.5
20,Weekday,8,0.319,16.79
21,Weekday,8,0.3169,99.38
22,Weekday,8,0.3587,49.66
23,Weekday,8,0.2123,19.71
24,Weekday,8,0.199,10.08
25,Weekday,8,0.2439,18.74
26,Weekday,8,0.227,46.86
27,Weekday,8,0.1934,25.35
28,Weekday,8,0.234,22.46
29,Weekday,8,0.2827,15.25
30,Weekday,8,0.2502,15.09
31,Weekday,8,0.2143,49.41
32,Weekday,8,0.3225,36.29
33,Weekday,8,0.3674,34.23
34,Weekday,8,0.503,30.11
35,Weekday,8,0.3859,4.43
36,Weekday,8,0.1187,17.45
37,Weekday,8,0.1163,16.72
38,Weekday,8,0.0827,9.48
39,Weekday,8,0.0784,3.22
40,Weekday,8,0.1311,28.51
41,Weekday,8,0.15,47.9
42,Weekday,8,0.1472,15.3
43,Weekday,8,0.156,28.61
44,Weekday,8,0.1466,7.3
45,Weekday,8,0.1207,46.97
46,Weekday,8,0.1653,41.74
47,Weekday,8,0.1129,10.1
48,Weekday,8,0.1677,3.76
49,Weekday,8,0.1649,15.7
50,Weekday,8,0.1643,4.31
51,Weekday,8,0.1985,12.43
52,Weekday,8,0.1704,54.23
53,Weekday,8,0.0321,8.36
54,Weekday,8,0.0897,3.21
55,Weekday,8,0.1962,37.47
56,Weekday,8,0.0542,16.51
57,Weekday,8,0.268,6.03
58,Weekday,8,0.1719,2.65
59,Weekday,8,0.1866,17.09
60,Weekday,8,0.3496,11.99
61,Weekday,8,0.2259,9.89
62,Weekday,8,0.157,6.88
63,Weekday,8,0.1746,24.42
64,Weekday,8,0.1799,12.96
65,Weekday,8,0.1643,26.76
66,Weekday,8,0.1921,16.11
67,Weekday,8,0.2202,31.04
68,Weekday,8,0.2174,27.39
69,Weekday,8,0.1788,7.52
70,Weekday,8,0.165,5.05
71,Weekday,8,0.1197,13.95
72,Weekday,8,0.2605,28.36
73,Weekday,8,0.2323,14.79
74,Weekday,8,0.1204,26.83
75,Weekday,8,0.1535,39.06
76,Weekday,8,0.2288,6.79
77,Weekday,8,0.2373,10.3
78,Weekday,8,0.2491,4.97
79,Weekday,8,0.2444,2.0
80,Weekday,8,0.3132,12.2
81,Weekday,8,0.2109,8.44
82,Weekday,8,0.2236,7.47
83,Weekday,8,0.2193,30.02
84,Weekday,8,0.1481,52.17
85,Weekday,8,0.2863,17.31
86,Weekday,8,0.26,9.97
87,Weekday,8,0.1959,53.73
88,Weekday,8,0.1541,25.32
89,Weekday,8,0.1399,8.33
90,Weekday,8,0.2376,46.0
91,Weekday,8,0.0812,4.59
92,Weekday,8,0.165,4.44
93,Weekday,8,0.148,13.15
94,Weekday,8,0.1044,6.82
95,Weekday,8,0.1785,47.57
96,Weekday,8,0.0902,10.09
97,Weekday,8,0.1063,5.63
98,Weekday,8,0.1063,5.84
99,Weekday,8,0.0658,15.52
100,Weekday,8,0.1142,6.59
101,Weekday,8,0.1959,43.15
102,Weekday,8,0.2261,14.77
103,Weekday,8,0.1334,6.08
104,Weekday,8,0.2642,62.96
105,Weekday,8,0.3915,65.3
106,Weekday,8,0.3819,19.8
107,Weekday,8,0.3428,7.16
108,Weekday,8,0.4413,20.19
109,Weekday,8,0.4777,3.47
110,Weekday,8,0.1757,6.69
111,Weekday,8,0.3323,15.1
112,Weekday,8,0.2861,9.71
113,Weekday,8,0.2812,8.97
114,Weekday,8,0.2595,14.21
115,Weekday,8,0.1466,4.53
116,Weekday,8,0.1863,6.52
117,Weekday,8,0.2624,8.08
118,Weekday,8,0.3192,46.09
119,Weekday,8,0.1589,6.54
120,Weekday,8,0.2352,16.17
1,Weekday,9,0.5699,57.44
2,Weekday,9,0.2991,64.28
3,Weekday,9,0.4907,18.32
4,Weekday,9,0.3654,15.06
5,Weekday,9,0.5026,24.74
6,Weekday,9,0.5224,50.63
7,Weekday,9,0.4272,14.16
8,Weekday,9,0.4191,34.86
9,Weekday,9,0.4265,28.52
10,Weekday,9,0.4354,22.12
11,Weekday,9,0.2098,17.36
12,Weekday,9,0.4885,28.01
13,Weekday,9,0.3746,67.79
14,Weekday,9,0.3521,42.47
15,Weekday,9,0.4347,59.16
16,Weekday,9,0.4301,33.8
17,Weekday,9,0.4793,45.49
18,Weekday,9,0.6455,67.39
19,Weekday,9,0.3964,27.53
20,Weekday,9,0.3863,18.86
21,Weekday,9,0.4354,111.67
22,Weekday,9,0.4402,55.8
23,Weekday,9,0.2672,21.26
24,Weekday,9,0.2136,10.88
25,Weekday,9,0.2711,20.21
26,Weekday,9,0.3042,50.55
27,Weekday,9,0.2292,27.34
28,Weekday,9,0.2733,24.23
29,Weekday,9,0.3499,16.45
30,Weekday,9,0.2524,16.28
31,Weekday,9,0.2907,53.31
32,Weekday,9,0.3914,39.15
33,Weekday,9,0.4256,30.29
34,Weekday,9,0.545,26.64
35,Weekday,9,0.4008,3.92
36,Weekday,9,0.1472,20.04
37,Weekday,9,0.1364,19.2
38,Weekday,9,0.1324,10.89
39,Weekday,9,0.1272,3.7
40,Weekday,9,0.1776,32.74
41,Weekday,9,0.1961,55.02
42,Weekday,9,0.236,17.57
43,Weekday,9,0.2054,32.86
44,Weekday,9,0.1778,8.39
45,Weekday,9,0.1541,53.95
46,Weekday,9,0.2381,47.94
47,Weekday,9,0.1714,11.61
48,Weekday,9,0.2228,4.31
49,Weekday,9,0.2655,18.03
50,Weekday,9,0.1919,4.95
51,Weekday,9,0.2694,14.28
52,Weekday,9,0.2928,62.3
53,Weekday,9,0.0808,9.61
54,Weekday,9,0.1172,3.68
55,Weekday,9,0.2724,43.04
56,Weekday,9,0.1371,18.96
57,Weekday,9,0.2297,5.06
58,Weekday,9,0.1591,2.22
59,Weekday,9,0.1952,14.33
60,Weekday,9,0.3254,10.05
61,Weekday,9,0.2196,8.3
62,Weekday,9,0.2097,7.73
63,Weekday,9,0.2142,27.44
64,Weekday,9,0.2386,14.57
65,Weekday,9,0.2386,30.07
66,Weekday,9,0.2141,18.11
67,Weekday,9,0.2789,34.88
68,Weekday,9,0.2544,30.78
69,Weekday,9,0.2479,8.45
70,Weekday,9,0.191,5.67
71,Weekday,9,0.118,15.68
72,Weekday,9,0.2617,30.6
73,Weekday,9,0.2399,15.95
74,Weekday,9,0.1589,28.95
75,Weekday,9,0.1718,42.13
76,Weekday,9,0.258,7.33
77,Weekday,9,0.2336,11.11
78,Weekday,9,0.3197,5.36
79,Weekday,9,0.2545,2.15
80,Weekday,9,0.3807,13.16
81,Weekday,9,0.2487,9.1
82,Weekday,9,0.3147,8.39
83,Weekday,9,0.322,33.73
84,Weekday,9,0.1771,58.62
85,Weekday,9,0.3034,19.45
86,Weekday,9,0.3275,11.2
87,Weekday,9,0.2521,60.38
88,Weekday,9,0.1988,28.45
89,Weekday,9,0.1764,9.36
90,Weekday,9,0.3211,51.69
91,Weekday,9,0.1133,5.15
92,Weekday,9,0.195,4.99
93,Weekday,9,0.2009,14.77
94,Weekday,9,0.1422,7.66
95,Weekday,9,0.2424,53.45
96,Weekday,9,0.1401,11.34
97,Weekday,9,0.1855,6.47
98,Weekday,9,0.0555,6.7
99,Weekday,9,0.176,17.83
100,Weekday,9,0.1166,7.57
101,Weekday,9,0.2765,48.49
102,Weekday,9,0.2901,16.59
103,Weekday,9,0.179,6.83
104,Weekday,9,0.3462,70.75
105,Weekday,9,0.4547,57.77
106,Weekday,9,0.3694,17.52
107,Weekday,9,0.3659,6.34
108,Weekday,9,0.4866,17.86
109,Weekday,9,0.4688,3.07
110,Weekday,9,0.195,5.61
111,Weekday,9,0.3269,12.67
112,Weekday,9,0.2301,8.15
113,Weekday,9,0.2952,7.52
114,Weekday,9,0.2411,11.92
115,Weekday,9,0.1501,3.8
116,Weekday,9,0.2411,7.04
117,Weekday,9,0.2965,8.71
118,Weekday,9,0.3481,49.72
119,Weekday,9,0.2201,7.05
120,Weekday,9,0.2717,17.44
1,Weekday,10,0.6805,62.49
2,Weekday,10,0.3664,69.93
3,Weekday,10,0.5414,19.93
4,Weekday,10,0.4765,16.39
5,Weekday,10,0.5741,26.91
6,Weekday,10,0.6136,55.08
7,Weekday,10,0.5139,15.4
8,Weekday,10,0.5138,37.93
9,Weekday,10,0.5656,31.02
10,Weekday,10,0.5099,24.07
11,Weekday,10,0.2475,18.88
12,Weekday,10,0.6096,30.47
13,Weekday,10,0.4719,73.75
14,Weekday,10,0.4399,46.21
15,Weekday,10,0.4947,64.36
16,Weekday,10,0.5248,36.78
17,Weekday,10,0.6074,49.49
18,Weekday,10,0.7402,73.31
19,Weekday,10,0.5327,29.95
20,Weekday,10,0.4528,20.52
21,Weekday,10,0.5636,121.49
22,Weekday,10,0.5547,60.7
23,Weekday,10,0.3035,22.36
24,Weekday,10,0.2532,11.44
25,Weekday,10,0.2817,21.26
26,Weekday,10,0.3379,53.17
27,Weekday,10,0.2943,28.76
28,Weekday,10,0.3052,25.48
29,Weekday,10,0.4172,17.3
30,Weekday,10,0.2975,17.12
31,Weekday,10,0.343,56.06
32,Weekday,10,0.4181,41.18
33,Weekday,10,0.4048,24.24
34,Weekday,10,0.4985,21.32
35,Weekday,10,0.3876,3.14
36,Weekday,10,0.1943,22.78
37,Weekday,10,0.1958,21.83
38,Weekday,10,0.1778,12.38
39,Weekday,10,0.1947,4.21
40,Weekday,10,0.2464,37.22
41,Weekday,10,0.2363,62.55
42,Weekday,10,0.2721,19.98
43,Weekday,10,0.2761,37.35
44,Weekday,10,0.2551,9.53
45,Weekday,10,0.1867,61.33
46,Weekday,10,0.3012,54.49
47,Weekday,10,0.216,13.19
48,Weekday,10,0.3136,4.9
49,Weekday,10,0.3216,20.49
50,Weekday,10,0.2496,5.63
51,Weekday,10,0.343,16.24
52,Weekday,10,0.3346,70.82
53,Weekday,10,0.0805,10.92
54,Weekday,10,0.1405,4.19
55,Weekday,10,0.3393,48.92
56,Weekday,10,0.1353,21.55
57,Weekday,10,0.2145,4.33
58,Weekday,10,0.1304,1.9
59,Weekday,10,0.1426,12.26
60,Weekday,10,0.2752,8.6
61,Weekday,10,0.1713,7.1
62,Weekday,10,0.2189,8.4
63,Weekday,10,0.3068,29.85
64,Weekday,10,0.2562,15.85
65,Weekday,10,0.2815,32.72
66,Weekday,10,0.3159,19.7
67,Weekday,10,0.3018,37.95
68,Weekday,10,0.3197,33.48
69,Weekday,10,0.3012,9.2
70,Weekday,10,0.2163,6.17
71,Weekday,10,0.1807,17.06
72,Weekday,10,0.3223,32.18
73,Weekday,10,0.3022,16.78
74,Weekday,10,0.1934,30.44
75,Weekday,10,0.219,44.31
76,Weekday,10,0.2719,7.71
77,Weekday,10,0.3054,11.69
78,Weekday,10,0.3222,5.64
79,Weekday,10,0.3045,2.27
80,Weekday,10,0.3893,13.84
81,Weekday,10,0.2855,9.58
82,Weekday,10,0.3659,9.13
83,Weekday,10,0.3839,36.7
84,Weekday,10,0.241,63.78
85,Weekday,10,0.4176,21.16
86,Weekday,10,0.439,12.19
87,Weekday,10,0.2481,65.68
88,Weekday,10,0.2149,30.95
89,Weekday,10,0.2105,10.18
90,Weekday,10,0.3327,56.23
91,Weekday,10,0.1333,5.61
92,Weekday,10,0.235,5.43
93,Weekday,10,0.2319,16.07
94,Weekday,10,0.1575,8.33
95,Weekday,10,0.317,58.15
96,Weekday,10,0.126,12.34
97,Weekday,10,0.2087,7.35
98,Weekday,10,0.1126,7.62
99,Weekday,10,0.1932,20.27
100,Weekday,10,0.1969,8.61
101,Weekday,10,0.3233,52.75
102,Weekday,10,0.3819,18.05
103,Weekday,10,0.1953,7.43
104,Weekday,10,0.4031,76.97
105,Weekday,10,0.4276,46.24
106,Weekday,10,0.3526,14.02
107,Weekday,10,0.3583,5.07
108,Weekday,10,0.4216,14.3
109,Weekday,10,0.437,2.46
110,Weekday,10,0.1303,4.8
111,Weekday,10,0.2525,10.83
112,Weekday,10,0.1991,6.97
113,Weekday,10,0.1998,6.43
114,Weekday,10,0.1931,10.19
115,Weekday,10,0.1065,3.25
116,Weekday,10,0.2663,7.4
117,Weekday,10,0.346,9.16
118,Weekday,10,0.3873,52.29
119,Weekday,10,0.2327,7.42
120,Weekday,10,0.3013,18.34
1,Weekday,11,0.7689,65.56
2,Weekday,11,0.4028,73.37
3,Weekday,11,0.6304,20.91
4,Weekday,11,0.5461,17.19
5,Weekday,11,0.6525,28.23
6,Weekday,11,0.6934,57.79
7,Weekday,11,0.59,16.16
8,Weekday,11,0.6263,39.79
9,Weekday,11,0.6076,32.55
10,Weekday,11,0.6031,25.25
11,Weekday,11,0.2963,19.81
12,Weekday,11,0.661,31.97
13,Weekday,11,0.5126,77.37
14,Weekday,11,0.444,48.48
15,Weekday,11,0.5569,67.52
16,Weekday,11,0.6077,38.58
17,Weekday,11,0.6666,51.92
18,Weekday,11,0.8466,76.91
19,Weekday,11,0.5898,31.42
20,Weekday,11,0.5555,21.53
21,Weekday,11,0.6307,127.46
22,Weekday,11,0.6434,63.69
23,Weekday,11,0.3329,23.01
24,Weekday,11,0.2787,11.77
25,Weekday,11,0.3019,21.88
26,Weekday,11,0.3634,54.72
27,Weekday,11,0.3445,29.6
28,Weekday,11,0.3648,26.23
29,Weekday,11,0.4325,17.81
30,Weekday,11,0.3252,17.62
31,Weekday,11,0.3483,57.7
32,Weekday,11,0.4854,42.38
33,Weekday,11,0.3231,19.33
34,Weekday,11,0.3905,17.0
35,Weekday,11,0.3176,2.5
36,Weekday,11,0.2603,25.37
37,Weekday,11,0.2158,24.31
38,Weekday,11,0.2445,13.79
39,Weekday,11,0.2089,4.69
40,Weekday,11,0.3054,41.44
41,Weekday,11,0.3517,69.64
42,Weekday,11,0.4074,22.24
43,Weekday,11,0.3921,41.59
44,Weekday,11,0.3075,10.61
45,Weekday,11,0.2684,68.28
46,Weekday,11,0.4082,60.67
47,Weekday,11,0.2737,14.69
48,Weekday,11,0.3906,5.46
49,Weekday,11,0.3643,22.82
50,Weekday,11,0.3023,6.27
51,Weekday,11,0.4344,18.08
52,Weekday,11,0.4469,78.84
53,Weekday,11,0.0853,12.16
54,Weekday,11,0.1923,4.66
55,Weekday,11,0.4262,54.47
56,Weekday,11,0.2114,24.0
57,Weekday,11,0.146,4.06
58,Weekday,11,0.1161,1.78
59,Weekday,11,0.1278,11.49
60,Weekday,11,0.197,8.06
61,Weekday,11,0.1328,6.65
62,Weekday,11,0.2602,8.82
63,Weekday,11,0.3325,31.32
64,Weekday,11,0.3326,16.62
65,Weekday,11,0.3263,34.33
66,Weekday,11,0.315,20.66
67,Weekday,11,0.3569,39.81
68,Weekday,11,0.3221,35.13
69,Weekday,11,0.3092,9.65
70,Weekday,11,0.2769,6.47
71,Weekday,11,0.1879,17.9
72,Weekday,11,0.3491,33.12
73,Weekday,11,0.3381,17.27
74,Weekday,11,0.2095,31.33
75,Weekday,11,0.228,45.6
76,Weekday,11,0.3187,7.93
77,Weekday,11,0.3121,12.03
78,Weekday,11,0.3703,5.8
79,Weekday,11,0.344,2.33
80,Weekday,11,0.456,14.24
81,Weekday,11,0.3318,9.86
82,Weekday,11,0.4065,9.58
83,Weekday,11,0.415,38.5
84,Weekday,11,0.2671,66.91
85,Weekday,11,0.4775,22.2
86,Weekday,11,0.4928,12.78
87,Weekday,11,0.3252,68.91
88,Weekday,11,0.2542,32.47
89,Weekday,11,0.2508,10.68
90,Weekday,11,0.3833,59.0
91,Weekday,11,0.1185,5.88
92,Weekday,11,0.2818,5.7
93,Weekday,11,0.2909,16.86
94,Weekday,11,0.1955,8.74
95,Weekday,11,0.3439,61.01
96,Weekday,11,0.1486,12.95
97,Weekday,11,0.2608,8.19
98,Weekday,11,0.1197,8.48
99,Weekday,11,0.2255,22.57
100,Weekday,11,0.2411,9.58
101,Weekday,11,0.3497,55.35
102,Weekday,11,0.3994,18.94
103,Weekday,11,0.2222,7.8
104,Weekday,11,0.468,80.75
105,Weekday,11,0.3188,36.86
106,Weekday,11,0.3309,11.18
107,Weekday,11,0.2962,4.04
108,Weekday,11,0.358,11.4
109,Weekday,11,0.3729,1.96
110,Weekday,11,0.0836,4.5
111,Weekday,11,0.2046,10.16
112,Weekday,11,0.1583,6.53
113,Weekday,11,0.1538,6.03
114,Weekday,11,0.1626,9.56
115,Weekday,11,0.0659,3.04
116,Weekday,11,0.3028,7.62
117,Weekday,11,0.3787,9.43
118,Weekday,11,0.4357,53.82
119,Weekday,11,0.2511,7.64
120,Weekday,11,0.3204,18.88
1,Weekday,12,0.8635,66.48
2,Weekday,12,0.468,74.39
3,Weekday,12,0.7192,21.2
4,Weekday,12,0.5612,17.43
5,Weekday,12,0.7118,28.63
6,Weekday,12,0.7459,58.59
7,Weekday,12,0.6269,16.38
8,Weekday,12,0.6917,40.34
9,Weekday,12,0.6743,33.0
10,Weekday,12,0.6721,25.6
11,Weekday,12,0.3491,20.09
12,Weekday,12,0.7271,32.41
13,Weekday,12,0.5898,78.45
14,Weekday,12,0.5387,49.15
15,Weekday,12,0.6187,68.46
16,Weekday,12,0.6534,39.12
17,Weekday,12,0.736,52.64
18,Weekday,12,0.9391,77.98
19,Weekday,12,0.6255,31.86
20,Weekday,12,0.591,21.83
21,Weekday,12,0.6608,129.23
22,Weekday,12,0.6716,64.57
23,Weekday,12,0.3789,23.41
24,Weekday,12,0.3169,11.98
25,Weekday,12,0.3167,22.26
26,Weekday,12,0.3718,55.66
27,Weekday,12,0.3315,30.11
28,Weekday,12,0.3683,26.68
29,Weekday,12,0.4662,18.11
30,Weekday,12,0.381,17.92
31,Weekday,12,0.4111,58.69
32,Weekday,12,0.4814,43.11
33,Weekday,12,0.2152,17.76
34,Weekday,12,0.2924,15.62
35,Weekday,12,0.2498,2.3
36,Weekday,12,0.3406,27.63
37,Weekday,12,0.309,26.47
38,Weekday,12,0.2404,15.02
39,Weekday,12,0.2512,5.11
40,Weekday,12,0.3674,45.13
41,Weekday,12,0.4033,75.84
42,Weekday,12,0.486,24.22
43,Weekday,12,0.4577,45.29
44,Weekday,12,0.3977,11.56
45,Weekday,12,0.3412,74.36
46,Weekday,12,0.4722,66.08
47,Weekday,12,0.3214,16.0
48,Weekday,12,0.4811,5.95
49,Weekday,12,0.4978,24.85
50,Weekday,12,0.392,6.83
51,Weekday,12,0.5079,19.69
52,Weekday,12,0.5138,85.87
53,Weekday,12,0.1485,13.24
54,Weekday,12,0.2241,5.08
55,Weekday,12,0.5656,59.32
56,Weekday,12,0.2457,26.14
57,Weekday,12,0.1225,4.19
58,Weekday,12,0.102,1.84
59,Weekday,12,0.0954,11.86
60,Weekday,12,0.1529,8.32
61,Weekday,12,0.1119,6.87
62,Weekday,12,0.2928,8.94
63,Weekday,12,0.3892,31.76
64,Weekday,12,0.314,16.86
65,Weekday,12,0.3587,34.8
66,Weekday,12,0.382,20.95
67,Weekday,12,0.3866,40.36
68,Weekday,12,0.3779,35.62
69,Weekday,12,0.3569,9.78
70,Weekday,12,0.274,6.56
71,Weekday,12,0.1958,18.15
72,Weekday,12,0.3523,33.69
73,Weekday,12,0.3323,17.56
74,Weekday,12,0.1931,31.87
75,Weekday,12,0.2641,46.39
76,Weekday,12,0.3148,8.07
77,Weekday,12,0.3339,12.24
78,Weekday,12,0.3901,5.9
79,Weekday,12,0.2975,2.37
80,Weekday,12,0.4892,14.49
81,Weekday,12,0.2955,10.03
82,Weekday,12,0.4336,9.71
83,Weekday,12,0.4843,39.03
84,Weekday,12,0.272,67.84
85,Weekday,12,0.5309,22.51
86,Weekday,12,0.4846,12.96
87,Weekday,12,0.3851,69.87
88,Weekday,12,0.2915,32.92
89,Weekday,12,0.3048,10.83
90,Weekday,12,0.4621,59.82
91,Weekday,12,0.1245,5.96
92,Weekday,12,0.2824,5.78
93,Weekday,12,0.3185,17.1
94,Weekday,12,0.233,8.87
95,Weekday,12,0.3785,61.86
96,Weekday,12,0.1942,13.13
97,Weekday,12,0.3506,8.92
98,Weekday,12,0.1859,9.24
99,Weekday,12,0.3196,24.58
100,Weekday,12,0.3239,10.44
101,Weekday,12,0.406,56.12
102,Weekday,12,0.438,19.2
103,Weekday,12,0.2898,7.91
104,Weekday,12,0.5381,81.87
105,Weekday,12,0.2707,33.88
106,Weekday,12,0.1867,10.27
107,Weekday,12,0.1935,3.72
108,Weekday,12,0.2335,10.48
109,Weekday,12,0.2484,1.8
110,Weekday,12,0.0704,4.64
111,Weekday,12,0.1829,10.48
112,Weekday,12,0.0902,6.74
113,Weekday,12,0.1329,6.23
114,Weekday,12,0.1338,9.86
115,Weekday,12,0.0615,3.14
116,Weekday,12,0.3092,7.75
117,Weekday,12,0.3696,9.59
118,Weekday,12,0.4575,54.75
119,Weekday,12,0.275,7.77
120,Weekday,12,0.3068,19.2
1,Weekday,13,0.8806,65.68
2,Weekday,13,0.4725,73.5
3,Weekday,13,0.7278,20.95
4,Weekday,13,0.6102,17.22
5,Weekday,13,0.7616,28.28
6,Weekday,13,0.7661,57.89
7,Weekday,13,0.6739,16.19
8,Weekday,13,0.6678,39.86
9,Weekday,13,0.702,32.61
10,Weekday,13,0.6998,25.29
11,Weekday,13,0.3436,19.85
12,Weekday,13,0.752,32.03
13,Weekday,13,0.6317,77.51
14,Weekday,13,0.5431,48.56
15,Weekday,13,0.6411,67.64
16,Weekday,13,0.69,38.65
17,Weekday,13,0.761,52.01
18,Weekday,13,0.965,77.05
19,Weekday,13,0.6524,31.48
20,Weekday,13,0.6093,21.57
21,Weekday,13,0.7121,127.69
22,Weekday,13,0.697,63.8
23,Weekday,13,0.3861,23.85
24,Weekday,13,0.3059,12.2
25,Weekday,13,0.3168,22.67
26,Weekday,13,0.3757,56.7
27,Weekday,13,0.3669,30.67
28,Weekday,13,0.3568,27.18
29,Weekday,13,0.4623,18.45
30,Weekday,13,0.3687,18.26
31,Weekday,13,0.4297,59.79
32,Weekday,13,0.542,43.92
33,Weekday,13,0.1794,20.0
34,Weekday,13,0.2066,17.59
35,Weekday,13,0.1759,2.59
36,Weekday,13,0.3442,29.66
37,Weekday,13,0.3437,28.42
38,Weekday,13,0.3124,16.12
39,Weekday,13,0.2913,5.48
40,Weekday,13,0.3926,48.45
41,Weekday,13,0.4723,81.42
42,Weekday,13,0.5208,26.01
43,Weekday,13,0.5315,48.63
44,Weekday,13,0.4332,12.41
45,Weekday,13,0.3807,79.83
46,Weekday,13,0.5296,70.94
47,Weekday,13,0.4026,17.17
48,Weekday,13,0.5499,6.38
49,Weekday,13,0.5717,26.68
50,Weekday,13,0.4781,7.33
51,Weekday,13,0.6206,21.14
52,Weekday,13,0.594,92.18
53,Weekday,13,0.1356,14.21
54,Weekday,13,0.2692,5.45
55,Weekday,13,0.6243,63.68
56,Weekday,13,0.3167,28.06
57,Weekday,13,0.134,4.61
58,Weekday,13,0.081,2.03
59,Weekday,13,0.1054,13.07
60,Weekday,13,0.1304,9.17
61,Weekday,13,0.1353,7.57
62,Weekday,13,0.2985,8.83
63,Weekday,13,0.3777,31.38
64,Weekday,13,0.3821,16.65
65,Weekday,13,0.3806,34.39
66,Weekday,13,0.4171,20.7
67,Weekday,13,0.4395,39.88
68,Weekday,13,0.4013,35.19
69,Weekday,13,0.3485,9.67
70,Weekday,13,0.3198,6.48
71,Weekday,13,0.2165,17.93
72,Weekday,13,0.3803,34.32
73,Weekday,13,0.337,17.89
74,Weekday,13,0.2309,32.47
75,Weekday,13,0.2836,47.26
76,Weekday,13,0.3268,8.22
77,Weekday,13,0.348,12.47
78,Weekday,13,0.3836,6.01
79,Weekday,13,0.3294,2.42
80,Weekday,13,0.4647,14.76
81,Weekday,13,0.3213,10.21
82,Weekday,13,0.4337,9.6
83,Weekday,13,0.5083,38.57
84,Weekday,13,0.2967,67.03
85,Weekday,13,0.5652,22.24
86,Weekday,13,0.5259,12.81
87,Weekday,13,0.3852,69.03
88,Weekday,13,0.3209,32.53
89,Weekday,13,0.3244,10.7
90,Weekday,13,0.4443,59.1
91,Weekday,13,0.1926,5.89
92,Weekday,13,0.3471,5.71
93,Weekday,13,0.3445,16.89
94,Weekday,13,0.2348,8.76
95,Weekday,13,0.3802,61.12
96,Weekday,13,0.1701,12.97
97,Weekday,13,0.3526,9.57
98,Weekday,13,0.1914,9.92
99,Weekday,13,0.3426,26.38
100,Weekday,13,0.3359,11.21
101,Weekday,13,0.4238,55.44
102,Weekday,13,0.4381,18.97
103,Weekday,13,0.2853,7.81
104,Weekday,13,0.5386,80.89
105,Weekday,13,0.1926,38.14
106,Weekday,13,0.175,11.57
107,Weekday,13,0.1333,4.18
108,Weekday,13,0.2107,11.8
109,Weekday,13,0.1972,2.03
110,Weekday,13,0.1067,5.11
111,Weekday,13,0.167,11.55
112,Weekday,13,0.1383,7.43
113,Weekday,13,0.1261,6.86
114,Weekday,13,0.0766,10.86
115,Weekday,13,0.0547,3.46
116,Weekday,13,0.3079,7.89
117,Weekday,13,0.3822,9.77
118,Weekday,13,0.4708,55.77
119,Weekday,13,0.3299,7.91
120,Weekday,13,0.3563,19.56
1,Weekday,14,0.8512,63.9
2,Weekday,14,0.4725,71.51
3,Weekday,14,0.7767,20.38
4,Weekday,14,0.6198,16.76
5,Weekday,14,0.7509,27.52
6,Weekday,14,0.8053,56.32
7,Weekday,14,0.7052,15.75
8,Weekday,14,0.69,38.78
9,Weekday,14,0.7306,31.72
10,Weekday,14,0.7209,24.61
11,Weekday,14,0.3554,19.31
12,Weekday,14,0.7611,31.16
13,Weekday,14,0.6393,75.41
14,Weekday,14,0.5661,47.25
15,Weekday,14,0.6668,65.8
16,Weekday,14,0.6819,37.6
17,Weekday,14,0.7429,50.6
18,Weekday,14,0.9369,74.96
19,Weekday,14,0.6789,30.63
20,Weekday,14,0.625,20.98
21,Weekday,14,0.7163,124.23
22,Weekday,14,0.7015,62.07
23,Weekday,14,0.3623,24.55
24,Weekday,14,0.3545,12.56
25,Weekday,14,0.3147,23.34
26,Weekday,14,0.388,58.38
27,Weekday,14,0.3384,31.58
28,Weekday,14,0.3729,27.98
29,Weekday,14,0.4852,19.0
30,Weekday,14,0.4024,18.8
31,Weekday,14,0.4178,61.56
32,Weekday,14,0.5477,45.22
33,Weekday,14,0.1606,25.03
34,Weekday,14,0.2295,22.01
35,Weekday,14,0.1476,3.24
36,Weekday,14,0.4362,31.72
37,Weekday,14,0.3819,30.4
38,Weekday,14,0.3225,17.24
39,Weekday,14,0.3287,5.86
40,Weekday,14,0.4485,51.82
41,Weekday,14,0.5229,87.09
42,Weekday,14,0.5916,27.82
43,Weekday,14,0.591,52.01
44,Weekday,14,0.4886,13.27
45,Weekday,14,0.4214,85.39
46,Weekday,14,0.6184,75.88
47,Weekday,14,0.4294,18.37
48,Weekday,14,0.6286,6.83
49,Weekday,14,0.6696,28.54
50,Weekday,14,0.5086,7.84
51,Weekday,14,0.6899,22.61
52,Weekday,14,0.6593,98.6
53,Weekday,14,0.179,15.2
54,Weekday,14,0.2977,5.83
55,Weekday,14,0.6773,68.11
56,Weekday,14,0.3221,30.01
57,Weekday,14,0.1594,5.31
58,Weekday,14,0.0971,2.33
59,Weekday,14,0.0964,15.03
60,Weekday,14,0.2237,10.54
61,Weekday,14,0.1466,8.7
62,Weekday,14,0.3027,8.59
63,Weekday,14,0.3974,30.53
64,Weekday,14,0.3673,16.2
65,Weekday,14,0.3852,33.45
66,Weekday,14,0.3903,20.14
67,Weekday,14,0.4159,38.8
68,Weekday,14,0.3852,34.24
69,Weekday,14,0.365,9.4
70,Weekday,14,0.3368,6.31
71,Weekday,14,0.2324,17.44
72,Weekday,14,0.3899,35.34
73,Weekday,14,0.3537,18.42
74,Weekday,14,0.2322,33.43
75,Weekday,14,0.276,48.66
76,Weekday,14,0.3566,8.46
77,Weekday,14,0.3799,12.84
78,Weekday,14,0.3744,6.19
79,Weekday,14,0.3533,2.49
80,Weekday,14,0.5227,15.2
81,Weekday,14,0.3141,10.51
82,Weekday,14,0.4577,9.34
83,Weekday,14,0.4973,37.52
84,Weekday,14,0.312,65.21
85,Weekday,14,0.5221,21.63
86,Weekday,14,0.5365,12.46
87,Weekday,14,0.3869,67.16
88,Weekday,14,0.3047,31.64
89,Weekday,14,0.3041,10.41
90,Weekday,14,0.4478,57.5
91,Weekday,14,0.17,5.73
92,Weekday,14,0.3233,5.55
93,Weekday,14,0.3416,16.44
94,Weekday,14,0.228,8.52
95,Weekday,14,0.4082,59.46
96,Weekday,14,0.1554,12.62
97,Weekday,14,0.4043,10.24
98,Weekday,14,0.2479,10.61
99,Weekday,14,0.3781,28.22
100,Weekday,14,0.3954,11.99
101,Weekday,14,0.4045,53.94
102,Weekday,14,0.4505,18.46
103,Weekday,14,0.2744,7.6
104,Weekday,14,0.5525,78.7
105,Weekday,14,0.1879,47.74
106,Weekday,14,0.2067,14.47
107,Weekday,14,0.1551,5.24
108,Weekday,14,0.1937,14.76
109,Weekday,14,0.2265,2.54
110,Weekday,14,0.0802,5.88
111,Weekday,14,0.1434,13.28
112,Weekday,14,0.134,8.54
113,Weekday,14,0.1275,7.89
114,Weekday,14,0.1422,12.49
115,Weekday,14,0.0496,3.98
116,Weekday,14,0.3388,8.13
117,Weekday,14,0.4117,10.06
118,Weekday,14,0.4569,57.42
119,Weekday,14,0.315,8.15
120,Weekday,14,0.3652,20.14
1,Weekday,15,0.8577,61.38
2,Weekday,15,0.5034,68.68
3,Weekday,15,0.7215,19.57
4,Weekday,15,0.6215,16.09
5,Weekday,15,0.757,26.43
6,Weekday,15,0.7483,54.09
7,Weekday,15,0.6189,15.12
8,Weekday,15,0.6543,37.25
9,Weekday,15,0.7025,30.47
10,Weekday,15,0.6924,23.64
11,Weekday,15,0.3243,18.55
12,Weekday,15,0.7836,29.93
13,Weekday,15,0.6185,72.43
14,Weekday,15,0.5188,45.38
15,Weekday,15,0.6383,63.2
16,Weekday,15,0.6481,36.12
17,Weekday,15,0.7614,48.6
18,Weekday,15,0.9568,72.0
19,Weekday,15,0.6431,29.42
20,Weekday,15,0.6151,20.15
21,Weekday,15,0.6864,119.32
22,Weekday,15,0.7026,59.62
23,Weekday,15,0.3959,25.49
24,Weekday,15,0.3531,13.04
25,Weekday,15,0.3596,24.24
26,Weekday,15,0.398,60.62
27,Weekday,15,0.4025,32.78
28,Weekday,15,0.3755,29.05
29,Weekday,15,0.4945,19.72
30,Weekday,15,0.3661,19.52
31,Weekday,15,0.4382,63.91
32,Weekday,15,0.5743,46.95
33,Weekday,15,0.2291,30.81
34,Weekday,15,0.3102,27.1
35,Weekday,15,0.2449,3.98
36,Weekday,15,0.4529,33.87
37,Weekday,15,0.3956,32.45
38,Weekday,15,0.3821,18.41
39,Weekday,15,0.3768,6.26
40,Weekday,15,0.5016,55.33
41,Weekday,15,0.5921,92.99
42,Weekday,15,0.6645,29.7
43,Weekday,15,0.6657,55.53
44,Weekday,15,0.5523,14.17
45,Weekday,15,0.4757,91.17
46,Weekday,15,0.6783,81.02
47,Weekday,15,0.4735,19.61
48,Weekday,15,0.7004,7.29
49,Weekday,15,0.699,30.47
50,Weekday,15,0.5741,8.37
51,Weekday,15,0.7371,24.14
52,Weekday,15,0.748,105.28
53,Weekday,15,0.1633,16.23
54,Weekday,15,0.3353,6.22
55,Weekday,15,0.7502,72.73
56,Weekday,15,0.3637,32.04
57,Weekday,15,0.1533,6.24
58,Weekday,15,0.119,2.74
59,Weekday,15,0.143,17.66
60,Weekday,15,0.2053,12.39
61,Weekday,15,0.1196,10.22
62,Weekday,15,0.277,8.25
63,Weekday,15,0.4009,29.32
64,Weekday,15,0.3408,15.56
65,Weekday,15,0.3844,32.13
66,Weekday,15,0.3867,19.34
67,Weekday,15,0.3778,37.27
68,Weekday,15,0.3615,32.88
69,Weekday,15,0.347,9.03
70,Weekday,15,0.3116,6.06
71,Weekday,15,0.1803,16.75
72,Weekday,15,0.4413,36.69
73,Weekday,15,0.3892,19.13
74,Weekday,15,0.2601,34.71
75,Weekday,15,0.3026,50.52
76,Weekday,15,0.3359,8.79
77,Weekday,15,0.3556,13.33
78,Weekday,15,0.4533,6.43
79,Weekday,15,0.3519,2.58
80,Weekday,15,0.5265,15.78
81,Weekday,15,0.3245,10.92
82,Weekday,15,0.4433,8.97
83,Weekday,15,0.4617,36.04
84,Weekday,15,0.2287,62.63
85,Weekday,15,0.509,20.78
86,Weekday,15,0.5215,11.97
87,Weekday,15,0.3591,64.51
88,Weekday,15,0.2911,30.39
89,Weekday,15,0.2791,10.0
90,Weekday,15,0.4518,55.23
91,Weekday,15,0.1677,5.51
92,Weekday,15,0.3053,5.33
93,Weekday,15,0.2982,15.79
94,Weekday,15,0.1946,8.19
95,Weekday,15,0.3755,57.11
96,Weekday,15,0.1651,12.12
97,Weekday,15,0.4824,10.93
98,Weekday,15,0.2482,11.33
99,Weekday,15,0.452,30.13
100,Weekday,15,0.4425,12.8
101,Weekday,15,0.4046,51.81
102,Weekday,15,0.4424,17.73
103,Weekday,15,0.258,7.3
104,Weekday,15,0.5556,75.59
105,Weekday,15,0.2442,58.76
106,Weekday,15,0.2259,17.82
107,Weekday,15,0.1873,6.44
108,Weekday,15,0.2547,18.17
109,Weekday,15,0.2801,3.13
110,Weekday,15,0.1084,6.91
111,Weekday,15,0.2137,15.61
112,Weekday,15,0.2224,10.04
113,Weekday,15,0.1795,9.27
114,Weekday,15,0.1535,14.68
115,Weekday,15,0.1083,4.68
116,Weekday,15,0.3362,8.44
117,Weekday,15,0.42,10.45
118,Weekday,15,0.5009,59.62
119,Weekday,15,0.3039,8.46
120,Weekday,15,0.361,20.91
1,Weekday,16,0.7893,57.48
2,Weekday,16,0.4534,64.32
3,Weekday,16,0.676,18.33
4,Weekday,16,0.5668,15.07
5,Weekday,16,0.7236,24.75
6,Weekday,16,0.755,50.66
7,Weekday,16,0.6535,14.16
8,Weekday,16,0.6396,34.88
9,Weekday,16,0.6691,28.53
10,Weekday,16,0.626,22.13
11,Weekday,16,0.3345,17.37
12,Weekday,16,0.6892,28.03
13,Weekday,16,0.5986,67.83
14,Weekday,16,0.5064,42.5
15,Weekday,16,0.6367,59.19
16,Weekday,16,0.6537,33.82
17,Weekday,16,0.7031,45.52
18,Weekday,16,0.9254,67.43
19,Weekday,16,0.6171,27.55
20,Weekday,16,0.5969,18.87
21,Weekday,16,0.6807,111.74
22,Weekday,16,0.6832,55.83
23,Weekday,16,0.4329,26.29
24,Weekday,16,0.3395,13.45
25,Weekday,16,0.3822,25.0
26,Weekday,16,0.4382,62.51
27,Weekday,16,0.3903,33.81
28,Weekday,16,0.418,29.96
29,Weekday,16,0.5015,20.34
30,Weekday,16,0.3692,20.13
31,Weekday,16,0.4513,65.91
32,Weekday,16,0.5906,48.41
33,Weekday,16,0.3079,34.82
34,Weekday,16,0.425,30.63
35,Weekday,16,0.3645,4.5
36,Weekday,16,0.4901,35.59
37,Weekday,16,0.4613,34.1
38,Weekday,16,0.4637,19.35
39,Weekday,16,0.4301,6.58
40,Weekday,16,0.501,58.14
41,Weekday,16,0.6248,97.7
42,Weekday,16,0.7101,31.21
43,Weekday,16,0.7203,58.35
44,Weekday,16,0.636,14.89
45,Weekday,16,0.4689,95.8
46,Weekday,16,0.7623,85.12
47,Weekday,16,0.5118,20.61
48,Weekday,16,0.7801,7.66
49,Weekday,16,0.7851,32.01
50,Weekday,16,0.6615,8.79
51,Weekday,16,0.8133,25.36
52,Weekday,16,0.8105,110.62
53,Weekday,16,0.2154,17.06
54,Weekday,16,0.3807,6.54
55,Weekday,16,0.8253,76.42
56,Weekday,16,0.3891,33.67
57,Weekday,16,0.2386,7.29
58,Weekday,16,0.1576,3.2
59,Weekday,16,0.2055,20.65
60,Weekday,16,0.2726,14.48
61,Weekday,16,0.1795,11.95
62,Weekday,16,0.2741,7.73
63,Weekday,16,0.3491,27.46
64,Weekday,16,0.3349,14.57
65,Weekday,16,0.3656,30.09
66,Weekday,16,0.3649,18.12
67,Weekday,16,0.3873,34.9
68,Weekday,16,0.3716,30.79
69,Weekday,16,0.3678,8.46
70,Weekday,16,0.3426,5.67
71,Weekday,16,0.1982,15.69
72,Weekday,16,0.451,37.84
73,Weekday,16,0.3805,19.73
74,Weekday,16,0.2666,35.79
75,Weekday,16,0.2746,52.1
76,Weekday,16,0.3779,9.06
77,Weekday,16,0.3783,13.74
78,Weekday,16,0.4233,6.63
79,Weekday,16,0.3842,2.66
80,Weekday,16,0.5585,16.27
81,Weekday,16,0.3668,11.26
82,Weekday,16,0.4347,8.4
83,Weekday,16,0.4716,33.75
84,Weekday,16,0.282,58.66
85,Weekday,16,0.5225,19.46
86,Weekday,16,0.5073,11.21
87,Weekday,16,0.3561,60.41
88,Weekday,16,0.3056,28.46
89,Weekday,16,0.2634,9.36
90,Weekday,16,0.4164,51.72
91,Weekday,16,0.1626,5.16
92,Weekday,16,0.2833,4.99
93,Weekday,16,0.3058,14.78
94,Weekday,16,0.2056,7.67
95,Weekday,16,0.3507,53.48
96,Weekday,16,0.1794,11.35
97,Weekday,16,0.4897,11.49
98,Weekday,16,0.2943,11.9
99,Weekday,16,0.434,31.66
100,Weekday,16,0.4898,13.45
101,Weekday,16,0.3666,48.52
102,Weekday,16,0.3939,16.6
103,Weekday,16,0.2967,6.84
104,Weekday,16,0.5343,70.79
105,Weekday,16,0.3518,66.42
106,Weekday,16,0.33,20.14
107,Weekday,16,0.2928,7.28
108,Weekday,16,0.3503,20.54
109,Weekday,16,0.3831,3.53
110,Weekday,16,0.1553,8.08
111,Weekday,16,0.2562,18.25
112,Weekday,16,0.2453,11.73
113,Weekday,16,0.2092,10.84
114,Weekday,16,0.222,17.17
115,Weekday,16,0.1155,5.47
116,Weekday,16,0.319,8.7
117,Weekday,16,0.4535,10.77
118,Weekday,16,0.5461,61.48
119,Weekday,16,0.3246,8.72
120,Weekday,16,0.3922,21.57
1,Weekday,17,0.7492,51.42
2,Weekday,17,0.3957,57.54
3,Weekday,17,0.6341,16.4
4,Weekday,17,0.5338,13.48
5,Weekday,17,0.6583,22.14
6,Weekday,17,0.7155,45.32
7,Weekday,17,0.5948,12.67
8,Weekday,17,0.594,31.2
9,Weekday,17,0.5997,25.53
10,Weekday,17,0.5918,19.8
11,Weekday,17,0.2831,15.54
12,Weekday,17,0.6728,25.07
13,Weekday,17,0.5308,60.68
14,Weekday,17,0.5034,38.02
15,Weekday,17,0.5673,52.95
16,Weekday,17,0.5699,30.26
17,Weekday,17,0.6751,40.72
18,Weekday,17,0.8597,60.32
19,Weekday,17,0.5512,24.64
20,Weekday,17,0.5168,16.88
21,Weekday,17,0.6393,99.96
22,Weekday,17,0.6219,49.94
23,Weekday,17,0.4485,26.37
24,Weekday,17,0.3822,13.49
25,Weekday,17,0.3851,25.07
26,Weekday,17,0.481,62.71
27,Weekday,17,0.4056,33.92
28,Weekday,17,0.457,30.05
29,Weekday,17,0.5484,20.4
30,Weekday,17,0.4233,20.19
31,Weekday,17,0.4428,66.12
32,Weekday,17,0.6296,48.57
33,Weekday,17,0.4462,35.12
34,Weekday,17,0.5037,30.89
35,Weekday,17,0.3989,4.54
36,Weekday,17,0.549,35.86
37,Weekday,17,0.4753,34.36
38,Weekday,17,0.4692,19.49
39,Weekday,17,0.4234,6.63
40,Weekday,17,0.6165,58.59
41,Weekday,17,0.7053,98.45
42,Weekday,17,0.804,31.45
43,Weekday,17,0.7987,58.8
44,Weekday,17,0.6658,15.0
45,Weekday,17,0.5521,96.53
46,Weekday,17,0.8075,85.78
47,Weekday,17,0.5292,20.77
48,Weekday,17,0.8605,7.72
49,Weekday,17,0.8456,32.26
50,Weekday,17,0.6505,8.86
51,Weekday,17,0.9017,25.56
52,Weekday,17,0.878,111.47
53,Weekday,17,0.2118,17.19
54,Weekday,17,0.4128,6.59
55,Weekday,17,0.8931,77.0
56,Weekday,17,0.3993,33.93
57,Weekday,17,0.2866,8.25
58,Weekday,17,0.2023,3.62
59,Weekday,17,0.2108,23.36
60,Weekday,17,0.3738,16.38
61,Weekday,17,0.291,13.52
62,Weekday,17,0.248,6.91
63,Weekday,17,0.38,24.56
64,Weekday,17,0.3287,13.04
65,Weekday,17,0.3238,26.92
66,Weekday,17,0.3418,16.21
67,Weekday,17,0.3687,31.22
68,Weekday,17,0.3854,27.55
69,Weekday,17,0.3065,7.57
70,Weekday,17,0.2661,5.08
71,Weekday,17,0.1315,14.03
72,Weekday,17,0.4423,37.95
73,Weekday,17,0.4306,19.79
74,Weekday,17,0.2667,35.9
75,Weekday,17,0.3199,52.26
76,Weekday,17,0.3999,9.09
77,Weekday,17,0.4249,13.79
78,Weekday,17,0.4476,6.65
79,Weekday,17,0.3864,2.67
80,Weekday,17,0.542,16.32
81,Weekday,17,0.4152,11.29
82,Weekday,17,0.358,7.51
83,Weekday,17,0.4046,30.19
84,Weekday,17,0.2468,52.47
85,Weekday,17,0.4659,17.41
86,Weekday,17,0.4538,10.03
87,Weekday,17,0.3444,54.04
88,Weekday,17,0.279,25.46
89,Weekday,17,0.2786,8.38
90,Weekday,17,0.3776,46.27
91,Weekday,17,0.1594,4.61
92,Weekday,17,0.298,4.47
93,Weekday,17,0.2896,13.22
94,Weekday,17,0.1693,6.86
95,Weekday,17,0.3507,47.84
96,Weekday,17,0.1527,10.15
97,Weekday,17,0.5755,11.58
98,Weekday,17,0.3182,12.0
99,Weekday,17,0.4969,31.9
100,Weekday,17,0.4978,13.55
101,Weekday,17,0.3526,43.4
102,Weekday,17,0.3785,14.85
103,Weekday,17,0.2446,6.12
104,Weekday,17,0.4779,63.33
105,Weekday,17,0.4338,66.99
106,Weekday,17,0.3695,20.31
107,Weekday,17,0.3693,7.35
108,Weekday,17,0.434,20.72
109,Weekday,17,0.4788,3.56
110,Weekday,17,0.216,9.14
111,Weekday,17,0.3229,20.64
112,Weekday,17,0.2638,13.27
113,Weekday,17,0.3004,12.26
114,Weekday,17,0.2704,19.42
115,Weekday,17,0.1488,6.19
116,Weekday,17,0.387,8.73
117,Weekday,17,0.4647,10.81
118,Weekday,17,0.5229,61.68
119,Weekday,17,0.3427,8.75
120,Weekday,17,0.4152,21.63
1,Weekday,18,0.6539,43.5
2,Weekday,18,0.3548,48.68
3,Weekday,18,0.5733,13.87
4,Weekday,18,0.4763,11.41
5,Weekday,18,0.5472,18.73
6,Weekday,18,0.5842,38.34
7,Weekday,18,0.5206,10.72
8,Weekday,18,0.5327,26.4
9,Weekday,18,0.5145,21.6
10,Weekday,18,0.5291,16.75
11,Weekday,18,0.2549,13.15
12,Weekday,18,0.5915,21.21
13,Weekday,18,0.4993,51.34
14,Weekday,18,0.4442,32.17
15,Weekday,18,0.5118,44.8
16,Weekday,18,0.5571,25.6
17,Weekday,18,0.6249,34.45
18,Weekday,18,0.7907,51.04
19,Weekday,18,0.4727,20.85
20,Weekday,18,0.4533,14.28
21,Weekday,18,0.5777,84.57
22,Weekday,18,0.5525,42.26
23,Weekday,18,0.4445,25.28
24,Weekday,18,0.3926,12.93
25,Weekday,18,0.3747,24.03
26,Weekday,18,0.4547,60.11
27,Weekday,18,0.4287,32.51
28,Weekday,18,0.4425,28.81
29,Weekday,18,0.5411,19.56
30,Weekday,18,0.4612,19.35
31,Weekday,18,0.4825,63.38
32,Weekday,18,0.6526,46.55
33,Weekday,18,0.4635,31.48
34,Weekday,18,0.5585,27.69
35,Weekday,18,0.4296,4.07
36,Weekday,18,0.556,33.83
37,Weekday,18,0.5073,32.41
38,Weekday,18,0.454,18.39
39,Weekday,18,0.4776,6.25
40,Weekday,18,0.6245,55.26
41,Weekday,18,0.7531,92.86
42,Weekday,18,0.7968,29.66
43,Weekday,18,0.8153,55.46
44,Weekday,18,0.6808,14.15
45,Weekday,18,0.5448,91.05
46,Weekday,18,0.8514,80.9
47,Weekday,18,0.5762,19.58
48,Weekday,18,0.8684,7.28
49,Weekday,18,0.8359,30.43
50,Weekday,18,0.6932,8.36
51,Weekday,18,0.8984,24.1
52,Weekday,18,0.9574,105.13
53,Weekday,18,0.2387,16.21
54,Weekday,18,0.4358,6.21
55,Weekday,18,0.9379,72.63
56,Weekday,18,0.436,32.0
57,Weekday,18,0.3687,8.83
58,Weekday,18,0.2227,3.88
59,Weekday,18,0.2743,25.02
60,Weekday,18,0.4411,17.55
61,Weekday,18,0.3303,14.48
62,Weekday,18,0.2556,5.85
63,Weekday,18,0.3255,20.78
64,Weekday,18,0.2567,11.03
65,Weekday,18,0.3059,22.78
66,Weekday,18,0.3059,13.71
67,Weekday,18,0.3342,26.41
68,Weekday,18,0.3222,23.31
69,Weekday,18,0.2788,6.4
70,Weekday,18,0.2315,4.29
71,Weekday,18,0.1553,11.87
72,Weekday,18,0.4555,36.38
73,Weekday,18,0.4105,18.97
74,Weekday,18,0.2854,34.42
75,Weekday,18,0.3092,50.1
76,Weekday,18,0.412,8.72
77,Weekday,18,0.4295,13.22
78,Weekday,18,0.4534,6.37
79,Weekday,18,0.3918,2.56
80,Weekday,18,0.5988,15.65
81,Weekday,18,0.3816,10.83
82,Weekday,18,0.3357,6.36
83,Weekday,18,0.3727,25.55
84,Weekday,18,0.2411,44.4
85,Weekday,18,0.436,14.73
86,Weekday,18,0.3835,8.48
87,Weekday,18,0.2419,45.72
88,Weekday,18,0.2149,21.54
89,Weekday,18,0.2389,7.09
90,Weekday,18,0.349,39.15
91,Weekday,18,0.1196,3.9
92,Weekday,18,0.24,3.78
93,Weekday,18,0.243,11.19
94,Weekday,18,0.1765,5.8
95,Weekday,18,0.2862,40.48
96,Weekday,18,0.1227,8.59
97,Weekday,18,0.5625,10.92
98,Weekday,18,0.2907,11.31
99,Weekday,18,0.4855,30.09
100,Weekday,18,0.5335,12.78
101,Weekday,18,0.3078,36.72
102,Weekday,18,0.3517,12.57
103,Weekday,18,0.2082,5.17
104,Weekday,18,0.4218,53.58
105,Weekday,18,0.4791,60.04
106,Weekday,18,0.3991,18.2
107,Weekday,18,0.4003,6.59
108,Weekday,18,0.4934,18.57
109,Weekday,18,0.498,3.19
110,Weekday,18,0.2593,9.79
111,Weekday,18,0.3928,22.11
112,Weekday,18,0.368,14.22
113,Weekday,18,0.3642,13.13
114,Weekday,18,0.3184,20.8
115,Weekday,18,0.1993,6.63
116,Weekday,18,0.3728,8.37
117,Weekday,18,0.4694,10.36
118,Weekday,18,0.5574,59.12
119,Weekday,18,0.3665,8.39
120,Weekday,18,0.3616,20.74
1,Weekday,19,0.5386,35.42
2,Weekday,19,0.3057,39.63
3,Weekday,19,0.4695,11.29
4,Weekday,19,0.3939,9.29
5,Weekday,19,0.489,15.25
6,Weekday,19,0.4748,31.21
7,Weekday,19,0.4399,8.73
8,Weekday,19,0.4326,21.49
9,Weekday,19,0.4691,17.58
10,Weekday,19,0.4431,13.64
11,Weekday,19,0.2208,10.7
12,Weekday,19,0.4937,17.27
13,Weekday,19,0.3918,41.79
14,Weekday,19,0.3595,26.19
15,Weekday,19,0.3944,36.47
16,Weekday,19,0.4271,20.84
17,Weekday,19,0.4906,28.04
18,Weekday,19,0.5909,41.55
19,Weekday,19,0.4178,16.97
20,Weekday,19,0.3531,11.63
21,Weekday,19,0.4514,68.85
22,Weekday,19,0.4238,34.4
23,Weekday,19,0.4022,22.96
24,Weekday,19,0.3718,11.74
25,Weekday,19,0.3854,21.83
26,Weekday,19,0.4715,54.59
27,Weekday,19,0.4317,29.52
28,Weekday,19,0.4389,26.16
29,Weekday,19,0.5499,17.76
30,Weekday,19,0.4394,17.58
31,Weekday,19,0.4574,57.56
32,Weekday,19,0.6509,42.28
33,Weekday,19,0.4232,25.49
34,Weekday,19,0.5153,22.42
35,Weekday,19,0.4204,3.3
36,Weekday,19,0.5055,29.51
37,Weekday,19,0.472,28.27
38,Weekday,19,0.4567,16.04
39,Weekday,19,0.4346,5.45
40,Weekday,19,0.5617,48.21
41,Weekday,19,0.7011,81.01
42,Weekday,19,0.7564,25.87
43,Weekday,19,0.7958,48.38
44,Weekday,19,0.6576,12.35
45,Weekday,19,0.5487,79.43
46,Weekday,19,0.8367,70.58
47,Weekday,19,0.5381,17.09
48,Weekday,19,0.8298,6.35
49,Weekday,19,0.7887,26.54
50,Weekday,19,0.6796,7.29
51,Weekday,19,0.8872,21.03
52,Weekday,19,0.8909,91.72
53,Weekday,19,0.2326,14.14
54,Weekday,19,0.4263,5.42
55,Weekday,19,0.9278,63.36
56,Weekday,19,0.4287,27.92
57,Weekday,19,0.4056,8.86
58,Weekday,19,0.2671,3.89
59,Weekday,19,0.3108,25.09
60,Weekday,19,0.5042,17.6
61,Weekday,19,0.3571,14.52
62,Weekday,19,0.2109,4.76
63,Weekday,19,0.2419,16.92
64,Weekday,19,0.2104,8.98
65,Weekday,19,0.2688,18.54
66,Weekday,19,0.2466,11.16
67,Weekday,19,0.2467,21.5
68,Weekday,19,0.2589,18.97
69,Weekday,19,0.24,5.21
70,Weekday,19,0.176,3.5
71,Weekday,19,0.1013,9.67
72,Weekday,19,0.4491,33.04
73,Weekday,19,0.4291,17.22
74,Weekday,19,0.2872,31.25
75,Weekday,19,0.3004,45.49
76,Weekday,19,0.3761,7.91
77,Weekday,19,0.3938,12.0
78,Weekday,19,0.452,5.79
79,Weekday,19,0.3992,2.33
80,Weekday,19,0.5638,14.21
81,Weekday,19,0.3738,9.83
82,Weekday,19,0.3049,5.18
83,Weekday,19,0.3208,20.8
84,Weekday,19,0.2272,36.14
85,Weekday,19,0.3363,11.99
86,Weekday,19,0.2889,6.91
87,Weekday,19,0.2446,37.22
88,Weekday,19,0.1894,17.54
89,Weekday,19,0.1851,5.77
90,Weekday,19,0.2886,31.87
91,Weekday,19,0.0798,3.18
92,Weekday,19,0.2102,3.08
93,Weekday,19,0.2442,9.11
94,Weekday,19,0.1434,4.72
95,Weekday,19,0.2296,32.95
96,Weekday,19,0.1029,6.99
97,Weekday,19,0.5627,9.53
98,Weekday,19,0.2967,9.87
99,Weekday,19,0.5038,26.25
100,Weekday,19,0.5054,11.15
101,Weekday,19,0.2508,29.9
102,Weekday,19,0.2702,10.23
103,Weekday,19,0.1614,4.21
104,Weekday,19,0.3584,43.62
105,Weekday,19,0.4236,48.63
106,Weekday,19,0.3834,14.74
107,Weekday,19,0.3418,5.33
108,Weekday,19,0.4397,15.04
109,Weekday,19,0.4397,2.59
110,Weekday,19,0.2879,9.82
111,Weekday,19,0.4534,22.17
112,Weekday,19,0.3483,14.26
113,Weekday,19,0.4254,13.17
114,Weekday,19,0.3431,20.85
115,Weekday,19,0.2305,6.64
116,Weekday,19,0.3596,7.6
117,Weekday,19,0.467,9.41
118,Weekday,19,0.514,53.69
119,Weekday,19,0.3432,7.62
120,Weekday,19,0.3792,18.83
1,Weekday,20,0.3775,29.01
2,Weekday,20,0.2257,32.47
3,Weekday,20,0.3556,9.25
4,Weekday,20,0.2938,7.61
5,Weekday,20,0.3625,12.49
6,Weekday,20,0.3848,25.57
7,Weekday,20,0.3146,7.15
8,Weekday,20,0.3078,17.61
9,Weekday,20,0.3428,14.4
10,Weekday,20,0.3467,11.17
11,Weekday,20,0.156,8.77
12,Weekday,20,0.3462,14.15
13,Weekday,20,0.2802,34.24
14,Weekday,20,0.2253,21.45
15,Weekday,20,0.3353,29.88
16,Weekday,20,0.3439,17.07
17,Weekday,20,0.3573,22.97
18,Weekday,20,0.452,34.03
19,Weekday,20,0.2911,13.9
20,Weekday,20,0.2792,9.53
21,Weekday,20,0.3089,56.4
22,Weekday,20,0.3032,28.18
23,Weekday,20,0.377,19.82
24,Weekday,20,0.3399,10.14
25,Weekday,20,0.3401,18.84
26,Weekday,20,0.3912,47.12
27,Weekday,20,0.3559,25.49
28,Weekday,20,0.4043,22.58
29,Weekday,20,0.5048,15.33
30,Weekday,20,0.4158,15.17
31,Weekday,20,0.434,49.69
32,Weekday,20,0.5677,36.49
33,Weekday,20,0.3454,19.49
34,Weekday,20,0.4168,17.15
35,Weekday,20,0.3472,2.52
36,Weekday,20,0.4585,24.0
37,Weekday,20,0.4321,22.99
38,Weekday,20,0.4263,13.04
39,Weekday,20,0.3845,4.43
40,Weekday,20,0.5179,39.2
41,Weekday,20,0.6094,65.88
42,Weekday,20,0.6695,21.04
43,Weekday,20,0.6876,39.34
44,Weekday,20,0.5889,10.04
45,Weekday,20,0.4624,64.59
46,Weekday,20,0.7133,57.4
47,Weekday,20,0.4944,13.89
48,Weekday,20,0.7309,5.16
49,Weekday,20,0.734,21.59
50,Weekday,20,0.5895,5.93
51,Weekday,20,0.7638,17.1
52,Weekday,20,0.7799,74.59
53,Weekday,20,0.1466,11.5
54,Weekday,20,0.3394,4.41
55,Weekday,20,0.7784,51.53
56,Weekday,20,0.3577,22.7
57,Weekday,20,0.3989,8.3
58,Weekday,20,0.2956,3.65
59,Weekday,20,0.3222,23.52
60,Weekday,20,0.5208,16.5
61,Weekday,20,0.3693,13.61
62,Weekday,20,0.193,3.9
63,Weekday,20,0.1632,13.86
64,Weekday,20,0.2078,7.36
65,Weekday,20,0.1647,15.19
66,Weekday,20,0.1895,9.14
67,Weekday,20,0.1944,17.62
68,Weekday,20,0.2211,15.54
69,Weekday,20,0.2105,4.27
70,Weekday,20,0.1349,2.86
71,Weekday,20,0.0805,7.92
72,Weekday,20,0.4256,28.52
73,Weekday,20,0.3359,14.87
74,Weekday,20,0.2077,26.98
75,Weekday,20,0.235,39.27
76,Weekday,20,0.3582,6.83
77,Weekday,20,0.3879,10.36
78,Weekday,20,0.4073,5.0
79,Weekday,20,0.363,2.01
80,Weekday,20,0.5312,12.27
81,Weekday,20,0.3466,8.49
82,Weekday,20,0.2175,4.24
83,Weekday,20,0.1999,17.04
84,Weekday,20,0.1389,29.61
85,Weekday,20,0.275,9.82
86,Weekday,20,0.2702,5.66
87,Weekday,20,0.1912,30.49
88,Weekday,20,0.1636,14.37
89,Weekday,20,0.1249,4.73
90,Weekday,20,0.2339,26.11
91,Weekday,20,0.0735,2.6
92,Weekday,20,0.1109,2.52
93,Weekday,20,0.1906,7.46
94,Weekday,20,0.1042,3.87
95,Weekday,20,0.1932,27.0
96,Weekday,20,0.0898,5.73
97,Weekday,20,0.4766,7.75
98,Weekday,20,0.2807,8.03
99,Weekday,20,0.4025,21.35
100,Weekday,20,0.4232,9.07
101,Weekday,20,0.1876,24.49
102,Weekday,20,0.192,8.38
103,Weekday,20,0.1103,3.45
104,Weekday,20,0.2516,35.73
105,Weekday,20,0.3497,37.19
106,Weekday,20,0.3306,11.27
107,Weekday,20,0.3039,4.08
108,Weekday,20,0.342,11.5
109,Weekday,20,0.3731,1.98
110,Weekday,20,0.3096,9.2
111,Weekday,20,0.5092,20.78
112,Weekday,20,0.3925,13.36
113,Weekday,20,0.4126,12.35
114,Weekday,20,0.3984,19.55
115,Weekday,20,0.2102,6.23
116,Weekday,20,0.3453,6.56
117,Weekday,20,0.4018,8.12
118,Weekday,20,0.4854,46.35
119,Weekday,20,0.3291,6.58
120,Weekday,20,0.3701,16.26
1,Weekday,21,0.2844,25.06
2,Weekday,21,0.144,28.04
3,Weekday,21,0.2359,7.99
4,Weekday,21,0.1788,6.57
5,Weekday,21,0.2565,10.79
6,Weekday,21,0.2466,22.09
7,Weekday,21,0.2202,6.18
8,Weekday,21,0.2156,15.21
9,Weekday,21,0.2585,12.44
10,Weekday,21,0.2095,9.65
11,Weekday,21,0.1051,7.57
12,Weekday,21,0.242,12.22
13,Weekday,21,0.2079,29.57
14,Weekday,21,0.1666,18.53
15,Weekday,21,0.2194,25.81
16,Weekday,21,0.2068,14.75
17,Weekday,21,0.274,19.84
18,Weekday,21,0.2884,29.4
19,Weekday,21,0.1834,12.01
20,Weekday,21,0.1974,8.23
21,Weekday,21,0.2494,48.72
22,Weekday,21,0.2412,24.34
23,Weekday,21,0.3077,16.54
24,Weekday,21,0.2898,8.46
25,Weekday,21,0.3008,15.72
26,Weekday,21,0.3804,39.32
27,Weekday,21,0.3121,21.27
28,Weekday,21,0.3183,18.84
29,Weekday,21,0.4317,12.79
30,Weekday,21,0.3125,12.66
31,Weekday,21,0.3508,41.46
32,Weekday,21,0.4725,30.45
33,Weekday,21,0.2246,15.1
34,Weekday,21,0.2972,13.28
35,Weekday,21,0.262,1.95
36,Weekday,21,0.3825,18.79
37,Weekday,21,0.3268,18.0
38,Weekday,21,0.3139,10.21
39,Weekday,21,0.3094,3.47
40,Weekday,21,0.4197,30.69
41,Weekday,21,0.4624,51.58
42,Weekday,21,0.5273,16.47
43,Weekday,21,0.5427,30.8
44,Weekday,21,0.4734,7.86
45,Weekday,21,0.3464,50.57
46,Weekday,21,0.5508,44.94
47,Weekday,21,0.4123,10.88
48,Weekday,21,0.5929,4.04
49,Weekday,21,0.5837,16.9
50,Weekday,21,0.431,4.64
51,Weekday,21,0.6103,13.39
52,Weekday,21,0.5998,58.4
53,Weekday,21,0.1414,9.0
54,Weekday,21,0.2763,3.45
55,Weekday,21,0.6139,40.34
56,Weekday,21,0.2914,17.77
57,Weekday,21,0.4234,7.35
58,Weekday,21,0.2396,3.23
59,Weekday,21,0.3137,20.8
60,Weekday,21,0.509,14.59
61,Weekday,21,0.3269,12.04
62,Weekday,21,0.1246,3.37
63,Weekday,21,0.1043,11.97
64,Weekday,21,0.0856,6.35
65,Weekday,21,0.1372,13.12
66,Weekday,21,0.1242,7.9
67,Weekday,21,0.1364,15.22
68,Weekday,21,0.1039,13.43
69,Weekday,21,0.1258,3.69
70,Weekday,21,0.1001,2.47
71,Weekday,21,0.0751,6.84
72,Weekday,21,0.3725,23.8
73,Weekday,21,0.3169,12.41
74,Weekday,21,0.237,22.51
75,Weekday,21,0.2509,32.77
76,Weekday,21,0.2585,5.7
77,Weekday,21,0.3324,8.64
78,Weekday,21,0.3306,4.17
79,Weekday,21,0.3096,1.68
80,Weekday,21,0.4044,10.23
81,Weekday,21,0.3032,7.08
82,Weekday,21,0.1367,3.66
83,Weekday,21,0.1553,14.71
84,Weekday,21,0.0794,25.57
85,Weekday,21,0.164,8.48
86,Weekday,21,0.1532,4.89
87,Weekday,21,0.1214,26.34
88,Weekday,21,0.1196,12.41
89,Weekday,21,0.1312,4.08
90,Weekday,21,0.1359,22.55
91,Weekday,21,0.0536,2.25
92,Weekday,21,0.1183,2.18
93,Weekday,21,0.0941,6.45
94,Weekday,21,0.0953,3.34
95,Weekday,21,0.13,23.32
96,Weekday,21,0.0615,4.95
97,Weekday,21,0.39,6.06
98,Weekday,21,0.1712,6.28
99,Weekday,21,0.3591,16.71
100,Weekday,21,0.3668,7.1
101,Weekday,21,0.1254,21.15
102,Weekday,21,0.1471,7.24
103,Weekday,21,0.096,2.98
104,Weekday,21,0.2136,30.86
105,Weekday,21,0.2618,28.8
106,Weekday,21,0.2059,8.73
107,Weekday,21,0.2022,3.16
108,Weekday,21,0.2652,8.91
109,Weekday,21,0.2837,1.53
110,Weekday,21,0.292,8.14
111,Weekday,21,0.4383,18.38
112,Weekday,21,0.3873,11.82
113,Weekday,21,0.4391,10.92
114,Weekday,21,0.3816,17.29
115,Weekday,21,0.1991,5.51
116,Weekday,21,0.273,5.47
117,Weekday,21,0.3749,6.78
118,Weekday,21,0.3681,38.67
119,Weekday,21,0.2538,5.49
120,Weekday,21,0.3038,13.56
1,Weekday,22,0.237,23.13
2,Weekday,22,0.0,0.0
3,Weekday,22,0.2059,7.37
4,Weekday,22,0.1181,6.06
5,Weekday,22,0.1668,9.96
6,Weekday,22,0.1635,20.38
7,Weekday,22,0.1838,5.7
8,Weekday,22,0.0,0.0
9,Weekday,22,0.0,0.0
10,Weekday,22,0.0,0.0
11,Weekday,22,0.0,0.0
12,Weekday,22,0.1908,11.28
13,Weekday,22,0.1335,27.29
14,Weekday,22,0.1354,17.1
15,Weekday,22,0.1523,23.81
16,Weekday,22,0.1395,13.61
17,Weekday,22,0.178,18.31
18,Weekday,22,0.203,27.13
19,Weekday,22,0.1824,11.08
20,Weekday,22,0.1158,7.59
21,Weekday,22,0.0,0.0
22,Weekday,22,0.1555,22.46
23,Weekday,22,0.265,13.72
24,Weekday,22,0.2147,7.02
25,Weekday,22,0.0,0.0
26,Weekday,22,0.2755,32.64
27,Weekday,22,0.242,17.65
28,Weekday,22,0.0,0.0
29,Weekday,22,0.3096,10.62
30,Weekday,22,0.0,0.0
31,Weekday,22,0.0,0.0
32,Weekday,22,0.0,0.0
33,Weekday,22,0.1262,12.65
34,Weekday,22,0.1818,11.12
35,Weekday,22,0.1762,1.64
36,Weekday,22,0.0,0.0
37,Weekday,22,0.0,0.0
38,Weekday,22,0.1685,8.12
39,Weekday,22,0.211,2.76
40,Weekday,22,0.2738,24.4
41,Weekday,22,0.3584,41.01
42,Weekday,22,0.0,0.0
43,Weekday,22,0.3659,24.49
44,Weekday,22,0.3277,6.25
45,Weekday,22,0.2595,40.21
46,Weekday,22,0.4269,35.73
47,Weekday,22,0.2707,8.65
48,Weekday,22,0.4143,3.21
49,Weekday,22,0.0,0.0
50,Weekday,22,0.3233,3.69
51,Weekday,22,0.0,0.0
52,Weekday,22,0.4374,46.43
53,Weekday,22,0.103,7.16
54,Weekday,22,0.1952,2.74
55,Weekday,22,0.4556,32.07
56,Weekday,22,0.2156,14.13
57,Weekday,22,0.3504,6.26
58,Weekday,22,0.0,0.0
59,Weekday,22,0.2474,17.72
60,Weekday,22,0.4382,12.43
61,Weekday,22,0.3225,10.26
62,Weekday,22,0.0746,3.11
63,Weekday,22,0.0,0.0
64,Weekday,22,0.0,0.0
65,Weekday,22,0.0,0.0
66,Weekday,22,0.082,7.29
67,Weekday,22,0.0809,14.04
68,Weekday,22,0.0874,12.39
69,Weekday,22,0.1061,3.4
70,Weekday,22,0.0855,2.28
71,Weekday,22,0.0699,6.31
72,Weekday,22,0.2467,19.75
73,Weekday,22,0.0,0.0
74,Weekday,22,0.1272,18.69
75,Weekday,22,0.1887,27.2
76,Weekday,22,0.0,0.0
77,Weekday,22,0.2224,7.18
78,Weekday,22,0.2399,3.46
79,Weekday,22,0.2281,1.39
80,Weekday,22,0.3825,8.49
81,Weekday,22,0.0,0.0
82,Weekday,22,0.0745,3.38
83,Weekday,22,0.1198,13.58
84,Weekday,22,0.065,23.6
85,Weekday,22,0.0973,7.83
86,Weekday,22,0.0855,4.51
87,Weekday,22,0.0,0.0
88,Weekday,22,0.0574,11.45
89,Weekday,22,0.0807,3.77
90,Weekday,22,0.0988,20.81
91,Weekday,22,0.0,0.0
92,Weekday,22,0.0521,2.01
93,Weekday,22,0.043,5.95
94,Weekday,22,0.0357,3.08
95,Weekday,22,0.1048,21.52
96,Weekday,22,0.0271,4.57
97,Weekday,22,0.2595,4.82
98,Weekday,22,0.1594,5.0
99,Weekday,22,0.2098,13.29
100,Weekday,22,0.2861,5.64
101,Weekday,22,0.0962,19.52
102,Weekday,22,0.0845,6.68
103,Weekday,22,0.0748,2.75
104,Weekday,22,0.0,0.0
105,Weekday,22,0.1747,24.12
106,Weekday,22,0.1376,7.31
107,Weekday,22,0.1294,2.65
108,Weekday,22,0.1672,7.46
109,Weekday,22,0.1885,1.28
110,Weekday,22,0.2902,6.93
111,Weekday,22,0.0,0.0
112,Weekday,22,0.3566,10.07
113,Weekday,22,0.3341,9.3
114,Weekday,22,0.0,0.0
115,Weekday,22,0.175,4.69
116,Weekday,22,0.0,0.0
117,Weekday,22,0.2802,5.63
118,Weekday,22,0.2928,32.1
119,Weekday,22,0.0,0.0
120,Weekday,22,0.223,11.26
1,Weekday,23,0.0,0.0
2,Weekday,23,0.0,0.0
3,Weekday,23,0.1519,6.6
4,Weekday,23,0.0864,5.43
5,Weekday,23,0.0,0.0
6,Weekday,23,0.1255,18.25
7,Weekday,23,0.0,0.0
8,Weekday,23,0.0,0.0
9,Weekday,23,0.0,0.0
10,Weekday,23,0.0,0.0
11,Weekday,23,0.0,0.0
12,Weekday,23,0.1447,10.1
13,Weekday,23,0.0868,24.44
14,Weekday,23,0.1085,15.31
15,Weekday,23,0.0997,21.33
16,Weekday,23,0.1069,12.19
17,Weekday,23,0.0,0.0
18,Weekday,23,0.1601,24.3
19,Weekday,23,0.1421,9.93
20,Weekday,23,0.0,0.0
21,Weekday,23,0.0,0.0
22,Weekday,23,0.133,20.12
23,Weekday,23,0.2057,6.52
24,Weekday,23,0.1492,3.34
25,Weekday,23,0.0,0.0
26,Weekday,23,0.2318,15.51
27,Weekday,23,0.1759,8.39
28,Weekday,23,0.0,0.0
29,Weekday,23,0.2567,5.05
30,Weekday,23,0.0,0.0
31,Weekday,23,0.0,0.0
32,Weekday,23,0.0,0.0
33,Weekday,23,0.1212,9.66
34,Weekday,23,0.141,8.49
35,Weekday,23,0.0918,1.25
36,Weekday,23,0.0,0.0
37,Weekday,23,0.0,0.0
38,Weekday,23,0.0,0.0
39,Weekday,23,0.1476,1.47
40,Weekday,23,0.0,0.0
41,Weekday,23,0.0,0.0
42,Weekday,23,0.0,0.0
43,Weekday,23,0.0,0.0
44,Weekday,23,0.2128,3.33
45,Weekday,23,0.1853,21.43
46,Weekday,23,0.0,0.0
47,Weekday,23,0.0,0.0
48,Weekday,23,0.2805,1.71
49,Weekday,23,0.0,0.0
50,Weekday,23,0.2024,1.97
51,Weekday,23,0.0,0.0
52,Weekday,23,0.0,0.0
53,Weekday,23,0.0,0.0
54,Weekday,23,0.1246,1.46
55,Weekday,23,0.0,0.0
56,Weekday,23,0.0,0.0
57,Weekday,23,0.2808,2.17
58,Weekday,23,0.0,0.0
59,Weekday,23,0.0,0.0
60,Weekday,23,0.0,0.0
61,Weekday,23,0.2688,3.56
62,Weekday,23,0.0486,2.79
63,Weekday,23,0.0,0.0
64,Weekday,23,0.0,0.0
65,Weekday,23,0.0,0.0
66,Weekday,23,0.0,0.0
67,Weekday,23,0.0,0.0
68,Weekday,23,0.0434,11.1
69,Weekday,23,0.0634,3.05
70,Weekday,23,0.0,0.0
71,Weekday,23,0.0479,5.65
72,Weekday,23,0.2163,9.39
73,Weekday,23,0.0,0.0
74,Weekday,23,0.0,0.0
75,Weekday,23,0.0,0.0
76,Weekday,23,0.0,0.0
77,Weekday,23,0.2052,3.41
78,Weekday,23,0.222,1.64
79,Weekday,23,0.1862,0.66
80,Weekday,23,0.2681,4.04
81,Weekday,23,0.0,0.0
82,Weekday,23,0.0,0.0
83,Weekday,23,0.081,12.16
84,Weekday,23,0.0,0.0
85,Weekday,23,0.0,0.0
86,Weekday,23,0.0,0.0
87,Weekday,23,0.0,0.0
88,Weekday,23,0.0,0.0
89,Weekday,23,0.0,0.0
90,Weekday,23,0.1104,18.64
91,Weekday,23,0.0,0.0
92,Weekday,23,0.0521,1.8
93,Weekday,23,0.0,0.0
94,Weekday,23,0.0,0.0
95,Weekday,23,0.0,0.0
96,Weekday,23,0.0,0.0
97,Weekday,23,0.0,0.0
98,Weekday,23,0.0662,2.66
99,Weekday,23,0.1798,7.08
100,Weekday,23,0.1909,3.01
101,Weekday,23,0.0,0.0
102,Weekday,23,0.0,0.0
103,Weekday,23,0.0,0.0
104,Weekday,23,0.0,0.0
105,Weekday,23,0.0,0.0
106,Weekday,23,0.1073,5.58
107,Weekday,23,0.0913,2.02
108,Weekday,23,0.0,0.0
109,Weekday,23,0.1221,0.98
110,Weekday,23,0.2256,2.4
111,Weekday,23,0.0,0.0
112,Weekday,23,0.2482,3.49
113,Weekday,23,0.0,0.0
114,Weekday,23,0.0,0.0
115,Weekday,23,0.0,0.0
116,Weekday,23,0.0,0.0
117,Weekday,23,0.228,2.67
118,Weekday,23,0.2442,15.26
119,Weekday,23,0.0,0.0
120,Weekday,23,0.0,0.0
1,Weekend,0,0.0,0.0
2,Weekend,0,0.0,0.0
3,Weekend,0,0.0,0.0
4,Weekend,0,0.0628,5.9
5,Weekend,0,0.0,0.0
6,Weekend,0,0.1031,19.84
7,Weekend,0,0.0,0.0
8,Weekend,0,0.0,0.0
9,Weekend,0,0.0,0.0
10,Weekend,0,0.0,0.0
11,Weekend,0,0.0,0.0
12,Weekend,0,0.0,0.0
13,Weekend,0,0.0827,26.57
14,Weekend,0,0.0,0.0
15,Weekend,0,0.0868,23.19
16,Weekend,0,0.0792,13.25
17,Weekend,0,0.0,0.0
18,Weekend,0,0.1218,26.41
19,Weekend,0,0.102,10.79
20,Weekend,0,0.0,0.0
21,Weekend,0,0.0,0.0
22,Weekend,0,0.0831,21.87
23,Weekend,0,0.0,0.0
24,Weekend,0,0.0,0.0
25,Weekend,0,0.0,0.0
26,Weekend,0,0.0,0.0
27,Weekend,0,0.0,0.0
28,Weekend,0,0.0,0.0
29,Weekend,0,0.0848,7.59
30,Weekend,0,0.0,0.0
31,Weekend,0,0.0,0.0
32,Weekend,0,0.0,0.0
33,Weekend,0,0.0514,11.38
34,Weekend,0,0.0572,10.01
35,Weekend,0,0.0253,1.47
36,Weekend,0,0.0,0.0
37,Weekend,0,0.0,0.0
38,Weekend,0,0.0,0.0
39,Weekend,0,0.0665,2.07
40,Weekend,0,0.0,0.0
41,Weekend,0,0.0,0.0
42,Weekend,0,0.0,0.0
43,Weekend,0,0.0,0.0
44,Weekend,0,0.04,4.69
45,Weekend,0,0.0163,30.2
46,Weekend,0,0.0,0.0
47,Weekend,0,0.0,0.0
48,Weekend,0,0.0803,2.41
49,Weekend,0,0.0,0.0
50,Weekend,0,0.0667,2.77
51,Weekend,0,0.0,0.0
52,Weekend,0,0.0,0.0
53,Weekend,0,0.0,0.0
54,Weekend,0,0.0505,2.06
55,Weekend,0,0.0,0.0
56,Weekend,0,0.0,0.0
57,Weekend,0,0.0796,3.7
58,Weekend,0,0.0,0.0
59,Weekend,0,0.0,0.0
60,Weekend,0,0.0,0.0
61,Weekend,0,0.0799,6.07
62,Weekend,0,0.0,0.0
63,Weekend,0,0.0,0.0
64,Weekend,0,0.0,0.0
65,Weekend,0,0.0,0.0
66,Weekend,0,0.0,0.0
67,Weekend,0,0.0,0.0
68,Weekend,0,0.0564,12.06
69,Weekend,0,0.0,0.0
70,Weekend,0,0.0,0.0
71,Weekend,0,0.0249,6.15
72,Weekend,0,0.1079,14.12
73,Weekend,0,0.0,0.0
74,Weekend,0,0.0,0.0
75,Weekend,0,0.0,0.0
76,Weekend,0,0.0,0.0
77,Weekend,0,0.0518,5.13
78,Weekend,0,0.0966,2.47
79,Weekend,0,0.0468,0.99
80,Weekend,0,0.0929,6.07
81,Weekend,0,0.0,0.0
82,Weekend,0,0.0,0.0
83,Weekend,0,0.0,0.0
84,Weekend,0,0.0,0.0
85,Weekend,0,0.0,0.0
86,Weekend,0,0.0,0.0
87,Weekend,0,0.0,0.0
88,Weekend,0,0.0,0.0
89,Weekend,0,0.0,0.0
90,Weekend,0,0.0,0.0
91,Weekend,0,0.0,0.0
92,Weekend,0,0.0417,1.96
93,Weekend,0,0.0,0.0
94,Weekend,0,0.0,0.0
95,Weekend,0,0.0,0.0
96,Weekend,0,0.0,0.0
97,Weekend,0,0.0,0.0
98,Weekend,0,0.0267,3.75
99,Weekend,0,0.0444,9.98
100,Weekend,0,0.0549,4.24
101,Weekend,0,0.0,0.0
102,Weekend,0,0.0,0.0
103,Weekend,0,0.0,0.0
104,Weekend,0,0.0,0.0
105,Weekend,0,0.0,0.0
106,Weekend,0,0.0204,6.58
107,Weekend,0,0.0387,2.38
108,Weekend,0,0.0,0.0
109,Weekend,0,0.0567,1.15
110,Weekend,0,0.0749,4.1
111,Weekend,0,0.0,0.0
112,Weekend,0,0.098,5.96
113,Weekend,0,0.0,0.0
114,Weekend,0,0.0,0.0
115,Weekend,0,0.0,0.0
116,Weekend,0,0.0,0.0
117,Weekend,0,0.0865,4.02
118,Weekend,0,0.084,22.94
119,Weekend,0,0.0,0.0
120,Weekend,0,0.0,0.0
1,Weekend,1,0.0,0.0
2,Weekend,1,0.0,0.0
3,Weekend,1,0.0,0.0
4,Weekend,1,0.0971,6.07
5,Weekend,1,0.0,0.0
6,Weekend,1,0.1171,20.4
7,Weekend,1,0.0,0.0
8,Weekend,1,0.0,0.0
9,Weekend,1,0.0,0.0
10,Weekend,1,0.0,0.0
11,Weekend,1,0.0,0.0
12,Weekend,1,0.0,0.0
13,Weekend,1,0.0956,27.31
14,Weekend,1,0.0,0.0
15,Weekend,1,0.1012,23.83
16,Weekend,1,0.0559,13.62
17,Weekend,1,0.0,0.0
18,Weekend,1,0.1043,27.15
19,Weekend,1,0.0619,11.09
20,Weekend,1,0.0,0.0
21,Weekend,1,0.0,0.0
22,Weekend,1,0.0719,22.48
23,Weekend,1,0.0,0.0
24,Weekend,1,0.0,0.0
25,Weekend,1,0.0,0.0
26,Weekend,1,0.0,0.0
27,Weekend,1,0.0,0.0
28,Weekend,1,0.0,0.0
29,Weekend,1,0.0648,7.84
30,Weekend,1,0.0,0.0
31,Weekend,1,0.0,0.0
32,Weekend,1,0.0,0.0
33,Weekend,1,0.0581,11.61
34,Weekend,1,0.0573,10.21
35,Weekend,1,0.0512,1.5
36,Weekend,1,0.0,0.0
37,Weekend,1,0.0,0.0
38,Weekend,1,0.0,0.0
39,Weekend,1,0.0568,2.08
40,Weekend,1,0.0,0.0
41,Weekend,1,0.0,0.0
42,Weekend,1,0.0,0.0
43,Weekend,1,0.0,0.0
44,Weekend,1,0.0381,4.71
45,Weekend,1,0.0938,30.3
46,Weekend,1,0.0,0.0
47,Weekend,1,0.0,0.0
48,Weekend,1,0.0663,2.42
49,Weekend,1,0.0,0.0
50,Weekend,1,0.0802,2.78
51,Weekend,1,0.0,0.0
52,Weekend,1,0.0,0.0
53,Weekend,1,0.0,0.0
54,Weekend,1,0.0202,2.07
55,Weekend,1,0.0,0.0
56,Weekend,1,0.0,0.0
57,Weekend,1,0.0482,3.75
58,Weekend,1,0.0,0.0
59,Weekend,1,0.0,0.0
60,Weekend,1,0.0,0.0
61,Weekend,1,0.0901,6.15
62,Weekend,1,0.0,0.0
63,Weekend,1,0.0,0.0
64,Weekend,1,0.0,0.0
65,Weekend,1,0.0,0.0
66,Weekend,1,0.0,0.0
67,Weekend,1,0.0,0.0
68,Weekend,1,0.0759,12.4
69,Weekend,1,0.0,0.0
70,Weekend,1,0.0,0.0
71,Weekend,1,0.0161,6.32
72,Weekend,1,0.0754,14.58
73,Weekend,1,0.0,0.0
74,Weekend,1,0.0,0.0
75,Weekend,1,0.0,0.0
76,Weekend,1,0.0,0.0
77,Weekend,1,0.0822,5.3
78,Weekend,1,0.0638,2.55
79,Weekend,1,0.077,1.03
80,Weekend,1,0.0831,6.27
81,Weekend,1,0.0,0.0
82,Weekend,1,0.0,0.0
83,Weekend,1,0.0,0.0
84,Weekend,1,0.0,0.0
85,Weekend,1,0.0,0.0
86,Weekend,1,0.0,0.0
87,Weekend,1,0.0,0.0
88,Weekend,1,0.0,0.0
89,Weekend,1,0.0,0.0
90,Weekend,1,0.0,0.0
91,Weekend,1,0.0,0.0
92,Weekend,1,0.0237,2.01
93,Weekend,1,0.0,0.0
94,Weekend,1,0.0,0.0
95,Weekend,1,0.0,0.0
96,Weekend,1,0.0,0.0
97,Weekend,1,0.0,0.0
98,Weekend,1,0.0,3.76
99,Weekend,1,0.0485,10.01
100,Weekend,1,0.0701,4.25
101,Weekend,1,0.0,0.0
102,Weekend,1,0.0,0.0
103,Weekend,1,0.0,0.0
104,Weekend,1,0.0,0.0
105,Weekend,1,0.0,0.0
106,Weekend,1,0.0513,6.71
107,Weekend,1,0.0318,2.43
108,Weekend,1,0.0,0.0
109,Weekend,1,0.0373,1.18
110,Weekend,1,0.0324,4.16
111,Weekend,1,0.0,0.0
112,Weekend,1,0.1127,6.04
113,Weekend,1,0.0,0.0
114,Weekend,1,0.0,0.0
115,Weekend,1,0.0,0.0
116,Weekend,1,0.0,0.0
117,Weekend,1,0.0761,4.15
118,Weekend,1,0.0813,23.69
119,Weekend,1,0.0,0.0
120,Weekend,1,0.0,0.0
1,Weekend,2,0.0,0.0
2,Weekend,2,0.0,0.0
3,Weekend,2,0.0,0.0
4,Weekend,2,0.0787,6.36
5,Weekend,2,0.0,0.0
6,Weekend,2,0.0886,21.38
7,Weekend,2,0.0,0.0
8,Weekend,2,0.0,0.0
9,Weekend,2,0.0,0.0
10,Weekend,2,0.0,0.0
11,Weekend,2,0.0,0.0
12,Weekend,2,0.0,0.0
13,Weekend,2,0.0993,28.63
14,Weekend,2,0.0,0.0
15,Weekend,2,0.0825,24.98
16,Weekend,2,0.0693,14.28
17,Weekend,2,0.0,0.0
18,Weekend,2,0.1218,28.46
19,Weekend,2,0.0741,11.63
20,Weekend,2,0.0,0.0
21,Weekend,2,0.0,0.0
22,Weekend,2,0.083,23.56
23,Weekend,2,0.0,0.0
24,Weekend,2,0.0,0.0
25,Weekend,2,0.0,0.0
26,Weekend,2,0.0,0.0
27,Weekend,2,0.0,0.0
28,Weekend,2,0.0,0.0
29,Weekend,2,0.0934,8.25
30,Weekend,2,0.0,0.0
31,Weekend,2,0.0,0.0
32,Weekend,2,0.0,0.0
33,Weekend,2,0.0589,12.31
34,Weekend,2,0.052,10.83
35,Weekend,2,0.0637,1.59
36,Weekend,2,0.0,0.0
37,Weekend,2,0.0,0.0
38,Weekend,2,0.0,0.0
39,Weekend,2,0.0392,2.1
40,Weekend,2,0.0,0.0
41,Weekend,2,0.0,0.0
42,Weekend,2,0.0,0.0
43,Weekend,2,0.0,0.0
44,Weekend,2,0.0481,4.74
45,Weekend,2,0.0452,30.52
46,Weekend,2,0.0,0.0
47,Weekend,2,0.0,0.0
48,Weekend,2,0.0768,2.44
49,Weekend,2,0.0,0.0
50,Weekend,2,0.0389,2.8
51,Weekend,2,0.0,0.0
52,Weekend,2,0.0,0.0
53,Weekend,2,0.0,0.0
54,Weekend,2,0.0222,2.08
55,Weekend,2,0.0,0.0
56,Weekend,2,0.0,0.0
57,Weekend,2,0.0691,3.9
58,Weekend,2,0.0,0.0
59,Weekend,2,0.0,0.0
60,Weekend,2,0.0,0.0
61,Weekend,2,0.061,6.39
62,Weekend,2,0.0,0.0
63,Weekend,2,0.0,0.0
64,Weekend,2,0.0,0.0
65,Weekend,2,0.0,0.0
66,Weekend,2,0.0,0.0
67,Weekend,2,0.0,0.0
68,Weekend,2,0.0635,13.0
69,Weekend,2,0.0,0.0
70,Weekend,2,0.0,0.0
71,Weekend,2,0.0151,6.62
72,Weekend,2,0.0688,15.34
73,Weekend,2,0.0,0.0
74,Weekend,2,0.0,0.0
75,Weekend,2,0.0,0.0
76,Weekend,2,0.0,0.0
77,Weekend,2,0.0446,5.57
78,Weekend,2,0.0451,2.69
79,Weekend,2,0.0882,1.08
80,Weekend,2,0.0964,6.6
81,Weekend,2,0.0,0.0
82,Weekend,2,0.0,0.0
83,Weekend,2,0.0,0.0
84,Weekend,2,0.0,0.0
85,Weekend,2,0.0,0.0
86,Weekend,2,0.0,0.0
87,Weekend,2,0.0,0.0
88,Weekend,2,0.0,0.0
89,Weekend,2,0.0,0.0
90,Weekend,2,0.0,0.0
91,Weekend,2,0.0,0.0
92,Weekend,2,0.0505,2.11
93,Weekend,2,0.0,0.0
94,Weekend,2,0.0,0.0
95,Weekend,2,0.0,0.0
96,Weekend,2,0.0,0.0
97,Weekend,2,0.0,0.0
98,Weekend,2,0.0165,3.79
99,Weekend,2,0.0442,10.09
100,Weekend,2,0.0363,4.28
101,Weekend,2,0.0,0.0
102,Weekend,2,0.0,0.0
103,Weekend,2,0.0,0.0
104,Weekend,2,0.0,0.0
105,Weekend,2,0.0,0.0
106,Weekend,2,0.086,7.12
107,Weekend,2,0.0418,2.58
108,Weekend,2,0.0,0.0
109,Weekend,2,0.0528,1.25
110,Weekend,2,0.0823,4.32
111,Weekend,2,0.0,0.0
112,Weekend,2,0.0648,6.27
113,Weekend,2,0.0,0.0
114,Weekend,2,0.0,0.0
115,Weekend,2,0.0,0.0
116,Weekend,2,0.0,0.0
117,Weekend,2,0.0622,4.37
118,Weekend,2,0.1065,24.93
119,Weekend,2,0.0,0.0
120,Weekend,2,0.0,0.0
1,Weekend,3,0.0,0.0
2,Weekend,3,0.0,0.0
3,Weekend,3,0.0,0.0
4,Weekend,3,0.0767,6.85
5,Weekend,3,0.0,0.0
6,Weekend,3,0.0896,23.01
7,Weekend,3,0.0,0.0
8,Weekend,3,0.0,0.0
9,Weekend,3,0.0,0.0
10,Weekend,3,0.0,0.0
11,Weekend,3,0.0,0.0
12,Weekend,3,0.0,0.0
13,Weekend,3,0.1004,30.81
14,Weekend,3,0.0,0.0
15,Weekend,3,0.0834,26.88
16,Weekend,3,0.1,15.36
17,Weekend,3,0.0,0.0
18,Weekend,3,0.1651,30.63
19,Weekend,3,0.0735,12.51
20,Weekend,3,0.0,0.0
21,Weekend,3,0.0,0.0
22,Weekend,3,0.087,25.36
23,Weekend,3,0.0,0.0
24,Weekend,3,0.0,0.0
25,Weekend,3,0.0,0.0
26,Weekend,3,0.0,0.0
27,Weekend,3,0.0,0.0
28,Weekend,3,0.0,0.0
29,Weekend,3,0.0879,8.88
30,Weekend,3,0.0,0.0
31,Weekend,3,0.0,0.0
32,Weekend,3,0.0,0.0
33,Weekend,3,0.0488,14.08
34,Weekend,3,0.09,12.38
35,Weekend,3,0.0596,1.82
36,Weekend,3,0.0,0.0
37,Weekend,3,0.0,0.0
38,Weekend,3,0.0,0.0
39,Weekend,3,0.0469,2.13
40,Weekend,3,0.0,0.0
41,Weekend,3,0.0,0.0
42,Weekend,3,0.0,0.0
43,Weekend,3,0.0,0.0
44,Weekend,3,0.0243,4.82
45,Weekend,3,0.0643,31.01
46,Weekend,3,0.0,0.0
47,Weekend,3,0.0,0.0
48,Weekend,3,0.0767,2.48
49,Weekend,3,0.0,0.0
50,Weekend,3,0.0503,2.85
51,Weekend,3,0.0,0.0
52,Weekend,3,0.0,0.0
53,Weekend,3,0.0,0.0
54,Weekend,3,0.0101,2.12
55,Weekend,3,0.0,0.0
56,Weekend,3,0.0,0.0
57,Weekend,3,0.0845,4.26
58,Weekend,3,0.0,0.0
59,Weekend,3,0.0,0.0
60,Weekend,3,0.0,0.0
61,Weekend,3,0.0652,6.98
62,Weekend,3,0.0,0.0
63,Weekend,3,0.0,0.0
64,Weekend,3,0.0,0.0
65,Weekend,3,0.0,0.0
66,Weekend,3,0.0,0.0
67,Weekend,3,0.0,0.0
68,Weekend,3,0.0771,13.99
69,Weekend,3,0.0,0.0
70,Weekend,3,0.0,0.0
71,Weekend,3,0.0181,7.13
72,Weekend,3,0.0474,16.51
73,Weekend,3,0.0,0.0
74,Weekend,3,0.0,0.0
75,Weekend,3,0.0,0.0
76,Weekend,3,0.0,0.0
77,Weekend,3,0.0565,6.0
78,Weekend,3,0.1019,2.89
79,Weekend,3,0.0517,1.16
80,Weekend,3,0.0793,7.1
81,Weekend,3,0.0,0.0
82,Weekend,3,0.0,0.0
83,Weekend,3,0.0,0.0
84,Weekend,3,0.0,0.0
85,Weekend,3,0.0,0.0
86,Weekend,3,0.0,0.0
87,Weekend,3,0.0,0.0
88,Weekend,3,0.0,0.0
89,Weekend,3,0.0,0.0
90,Weekend,3,0.0,0.0
91,Weekend,3,0.0,0.0
92,Weekend,3,0.0104,2.27
93,Weekend,3,0.0,0.0
94,Weekend,3,0.0,0.0
95,Weekend,3,0.0,0.0
96,Weekend,3,0.0,0.0
97,Weekend,3,0.0,0.0
98,Weekend,3,0.0065,3.85
99,Weekend,3,0.0616,10.25
100,Weekend,3,0.0694,4.35
101,Weekend,3,0.0,0.0
102,Weekend,3,0.0,0.0
103,Weekend,3,0.0,0.0
104,Weekend,3,0.0,0.0
105,Weekend,3,0.0,0.0
106,Weekend,3,0.0414,8.14
107,Weekend,3,0.0674,2.94
108,Weekend,3,0.0,0.0
109,Weekend,3,0.08,1.43
110,Weekend,3,0.0864,4.72
111,Weekend,3,0.0,0.0
112,Weekend,3,0.0502,6.85
113,Weekend,3,0.0,0.0
114,Weekend,3,0.0,0.0
115,Weekend,3,0.0,0.0
116,Weekend,3,0.0,0.0
117,Weekend,3,0.0948,4.7
118,Weekend,3,0.0812,26.83
119,Weekend,3,0.0,0.0
120,Weekend,3,0.0,0.0
1,Weekend,4,0.0,0.0
2,Weekend,4,0.0,0.0
3,Weekend,4,0.0,0.0
4,Weekend,4,0.1485,7.59
5,Weekend,4,0.0,0.0
6,Weekend,4,0.106,25.51
7,Weekend,4,0.0,0.0
8,Weekend,4,0.0,0.0
9,Weekend,4,0.0,0.0
10,Weekend,4,0.0,0.0
11,Weekend,4,0.0,0.0
12,Weekend,4,0.0,0.0
13,Weekend,4,0.0681,34.15
14,Weekend,4,0.0,0.0
15,Weekend,4,0.1314,29.8
16,Weekend,4,0.1116,17.03
17,Weekend,4,0.0,0.0
18,Weekend,4,0.1571,33.95
19,Weekend,4,0.1176,13.87
20,Weekend,4,0.0,0.0
21,Weekend,4,0.0,0.0
22,Weekend,4,0.1061,28.11
23,Weekend,4,0.0,0.0
24,Weekend,4,0.0,0.0
25,Weekend,4,0.0,0.0
26,Weekend,4,0.0,0.0
27,Weekend,4,0.0,0.0
28,Weekend,4,0.0,0.0
29,Weekend,4,0.1227,9.77
30,Weekend,4,0.0,0.0
31,Weekend,4,0.0,0.0
32,Weekend,4,0.0,0.0
33,Weekend,4,0.0891,17.6
34,Weekend,4,0.047,15.48
35,Weekend,4,0.06,2.28
36,Weekend,4,0.0,0.0
37,Weekend,4,0.0,0.0
38,Weekend,4,0.0,0.0
39,Weekend,4,0.0222,2.2
40,Weekend,4,0.0,0.0
41,Weekend,4,0.0,0.0
42,Weekend,4,0.0,0.0
43,Weekend,4,0.0,0.0
44,Weekend,4,0.0619,4.97
45,Weekend,4,0.0618,31.99
46,Weekend,4,0.0,0.0
47,Weekend,4,0.0,0.0
48,Weekend,4,0.0781,2.56
49,Weekend,4,0.0,0.0
50,Weekend,4,0.0637,2.94
51,Weekend,4,0.0,0.0
52,Weekend,4,0.0,0.0
53,Weekend,4,0.0,0.0
54,Weekend,4,0.0228,2.18
55,Weekend,4,0.0,0.0
56,Weekend,4,0.0,0.0
57,Weekend,4,0.11,4.94
58,Weekend,4,0.0,0.0
59,Weekend,4,0.0,0.0
60,Weekend,4,0.0,0.0
61,Weekend,4,0.1025,8.1
62,Weekend,4,0.0,0.0
63,Weekend,4,0.0,0.0
64,Weekend,4,0.0,0.0
65,Weekend,4,0.0,0.0
66,Weekend,4,0.0,0.0
67,Weekend,4,0.0,0.0
68,Weekend,4,0.0622,15.51
69,Weekend,4,0.0,0.0
70,Weekend,4,0.0,0.0
71,Weekend,4,0.0356,7.9
72,Weekend,4,0.1056,18.17
73,Weekend,4,0.0,0.0
74,Weekend,4,0.0,0.0
75,Weekend,4,0.0,0.0
76,Weekend,4,0.0,0.0
77,Weekend,4,0.0858,6.6
78,Weekend,4,0.1105,3.18
79,Weekend,4,0.1269,1.28
80,Weekend,4,0.1147,7.81
81,Weekend,4,0.0,0.0
82,Weekend,4,0.0,0.0
83,Weekend,4,0.0,0.0
84,Weekend,4,0.0,0.0
85,Weekend,4,0.0,0.0
86,Weekend,4,0.0,0.0
87,Weekend,4,0.0,0.0
88,Weekend,4,0.0,0.0
89,Weekend,4,0.0,0.0
90,Weekend,4,0.0,0.0
91,Weekend,4,0.0,0.0
92,Weekend,4,0.0632,2.51
93,Weekend,4,0.0,0.0
94,Weekend,4,0.0,0.0
95,Weekend,4,0.0,0.0
96,Weekend,4,0.0,0.0
97,Weekend,4,0.0,0.0
98,Weekend,4,0.0446,3.98
99,Weekend,4,0.0414,10.57
100,Weekend,4,0.0627,4.49
101,Weekend,4,0.0,0.0
102,Weekend,4,0.0,0.0
103,Weekend,4,0.0,0.0
104,Weekend,4,0.0,0.0
105,Weekend,4,0.0,0.0
106,Weekend,4,0.0462,10.18
107,Weekend,4,0.0622,3.68
108,Weekend,4,0.0,0.0
109,Weekend,4,0.1081,1.79
110,Weekend,4,0.0985,5.47
111,Weekend,4,0.0,0.0
112,Weekend,4,0.091,7.95
113,Weekend,4,0.0,0.0
114,Weekend,4,0.0,0.0
115,Weekend,4,0.0,0.0
116,Weekend,4,0.0,0.0
117,Weekend,4,0.1341,5.17
118,Weekend,4,0.1671,29.53
119,Weekend,4,0.0,0.0
120,Weekend,4,0.0,0.0
1,Weekend,5,0.0,0.0
2,Weekend,5,0.0,0.0
3,Weekend,5,0.0,0.0
4,Weekend,5,0.1192,8.64
5,Weekend,5,0.0,0.0
6,Weekend,5,0.1729,29.05
7,Weekend,5,0.0,0.0
8,Weekend,5,0.0,0.0
9,Weekend,5,0.0,0.0
10,Weekend,5,0.0,0.0
11,Weekend,5,0.0,0.0
12,Weekend,5,0.0,0.0
13,Weekend,5,0.1147,38.9
14,Weekend,5,0.0,0.0
15,Weekend,5,0.1406,33.94
16,Weekend,5,0.1537,19.4
17,Weekend,5,0.0,0.0
18,Weekend,5,0.2065,38.67
19,Weekend,5,0.1322,15.8
20,Weekend,5,0.0,0.0
21,Weekend,5,0.0,0.0
22,Weekend,5,0.1492,32.02
23,Weekend,5,0.0,0.0
24,Weekend,5,0.0,0.0
25,Weekend,5,0.0,0.0
26,Weekend,5,0.0,0.0
27,Weekend,5,0.0,0.0
28,Weekend,5,0.0,0.0
29,Weekend,5,0.1389,10.93
30,Weekend,5,0.0,0.0
31,Weekend,5,0.0,0.0
32,Weekend,5,0.0,0.0
33,Weekend,5,0.0958,23.05
34,Weekend,5,0.1412,20.28
35,Weekend,5,0.1185,2.98
36,Weekend,5,0.0,0.0
37,Weekend,5,0.0,0.0
38,Weekend,5,0.0,0.0
39,Weekend,5,0.0475,2.32
40,Weekend,5,0.0,0.0
41,Weekend,5,0.0,0.0
42,Weekend,5,0.0,0.0
43,Weekend,5,0.0,0.0
44,Weekend,5,0.0706,5.25
45,Weekend,5,0.0859,33.78
46,Weekend,5,0.0,0.0
47,Weekend,5,0.0,0.0
48,Weekend,5,0.0662,2.7
49,Weekend,5,0.0,0.0
50,Weekend,5,0.0817,3.1
51,Weekend,5,0.0,0.0
52,Weekend,5,0.0,0.0
53,Weekend,5,0.0,0.0
54,Weekend,5,0.0216,2.31
55,Weekend,5,0.0,0.0
56,Weekend,5,0.0,0.0
57,Weekend,5,0.1726,5.87
58,Weekend,5,0.0,0.0
59,Weekend,5,0.0,0.0
60,Weekend,5,0.0,0.0
61,Weekend,5,0.1097,9.63
62,Weekend,5,0.0,0.0
63,Weekend,5,0.0,0.0
64,Weekend,5,0.0,0.0
65,Weekend,5,0.0,0.0
66,Weekend,5,0.0,0.0
67,Weekend,5,0.0,0.0
68,Weekend,5,0.0465,17.66
69,Weekend,5,0.0,0.0
70,Weekend,5,0.0,0.0
71,Weekend,5,0.0226,9.0
72,Weekend,5,0.1248,20.33
73,Weekend,5,0.0,0.0
74,Weekend,5,0.0,0.0
75,Weekend,5,0.0,0.0
76,Weekend,5,0.0,0.0
77,Weekend,5,0.1126,7.39
78,Weekend,5,0.1386,3.56
79,Weekend,5,0.1234,1.43
80,Weekend,5,0.1319,8.74
81,Weekend,5,0.0,0.0
82,Weekend,5,0.0,0.0
83,Weekend,5,0.0,0.0
84,Weekend,5,0.0,0.0
85,Weekend,5,0.0,0.0
86,Weekend,5,0.0,0.0
87,Weekend,5,0.0,0.0
88,Weekend,5,0.0,0.0
89,Weekend,5,0.0,0.0
90,Weekend,5,0.0,0.0
91,Weekend,5,0.0,0.0
92,Weekend,5,0.0585,2.86
93,Weekend,5,0.0,0.0
94,Weekend,5,0.0,0.0
95,Weekend,5,0.0,0.0
96,Weekend,5,0.0,0.0
97,Weekend,5,0.0,0.0
98,Weekend,5,0.0354,4.2
99,Weekend,5,0.0548,11.16
100,Weekend,5,0.0528,4.74
101,Weekend,5,0.0,0.0
102,Weekend,5,0.0,0.0
103,Weekend,5,0.0,0.0
104,Weekend,5,0.0,0.0
105,Weekend,5,0.0,0.0
106,Weekend,5,0.1028,13.33
107,Weekend,5,0.1014,4.82
108,Weekend,5,0.0,0.0
109,Weekend,5,0.1505,2.34
110,Weekend,5,0.069,6.51
111,Weekend,5,0.0,0.0
112,Weekend,5,0.1413,9.45
113,Weekend,5,0.0,0.0
114,Weekend,5,0.0,0.0
115,Weekend,5,0.0,0.0
116,Weekend,5,0.0,0.0
117,Weekend,5,0.1019,5.79
118,Weekend,5,0.1326,33.04
119,Weekend,5,0.0,0.0
120,Weekend,5,0.0,0.0
1,Weekend,6,0.2476,38.2
2,Weekend,6,0.1404,42.75
3,Weekend,6,0.1825,12.18
4,Weekend,6,0.1678,10.02
5,Weekend,6,0.2102,16.45
6,Weekend,6,0.2373,33.67
7,Weekend,6,0.1836,9.41
8,Weekend,6,0.1917,23.18
9,Weekend,6,0.1959,18.96
10,Weekend,6,0.194,14.71
11,Weekend,6,0.0935,11.54
12,Weekend,6,0.2475,18.63
13,Weekend,6,0.1352,45.08
14,Weekend,6,0.1602,28.25
15,Weekend,6,0.1683,39.34
16,Weekend,6,0.1809,22.48
17,Weekend,6,0.2335,30.25
18,Weekend,6,0.259,44.81
19,Weekend,6,0.1701,18.31
20,Weekend,6,0.1302,12.54
21,Weekend,6,0.2044,74.26
22,Weekend,6,0.2252,37.11
23,Weekend,6,0.1436,15.92
24,Weekend,6,0.1224,8.14
25,Weekend,6,0.1136,15.14
26,Weekend,6,0.1787,37.86
27,Weekend,6,0.1376,20.48
28,Weekend,6,0.1111,18.14
29,Weekend,6,0.2056,12.32
30,Weekend,6,0.1386,12.19
31,Weekend,6,0.1481,39.92
32,Weekend,6,0.2126,29.32
33,Weekend,6,0.2039,29.29
34,Weekend,6,0.2269,25.76
35,Weekend,6,0.1908,3.79
36,Weekend,6,0.0617,13.64
37,Weekend,6,0.0487,13.07
38,Weekend,6,0.0585,7.42
39,Weekend,6,0.051,2.52
40,Weekend,6,0.0724,22.29
41,Weekend,6,0.0657,37.45
42,Weekend,6,0.0813,11.96
43,Weekend,6,0.0965,22.37
44,Weekend,6,0.0995,5.71
45,Weekend,6,0.0422,36.72
46,Weekend,6,0.116,32.63
47,Weekend,6,0.0553,7.9
48,Weekend,6,0.0958,2.94
49,Weekend,6,0.1111,12.27
50,Weekend,6,0.0897,3.37
51,Weekend,6,0.1188,9.72
52,Weekend,6,0.0944,42.41
53,Weekend,6,0.0503,6.54
54,Weekend,6,0.0409,2.51
55,Weekend,6,0.1344,29.29
56,Weekend,6,0.0785,12.91
57,Weekend,6,0.2276,6.68
58,Weekend,6,0.1308,2.93
59,Weekend,6,0.1363,18.93
60,Weekend,6,0.2541,13.28
61,Weekend,6,0.1938,10.96
62,Weekend,6,0.0948,5.14
63,Weekend,6,0.1322,18.25
64,Weekend,6,0.0855,9.69
65,Weekend,6,0.0917,20.0
66,Weekend,6,0.1096,12.04
67,Weekend,6,0.1077,23.2
68,Weekend,6,0.1454,20.47
69,Weekend,6,0.0857,5.62
70,Weekend,6,0.0906,3.77
71,Weekend,6,0.0459,10.43
72,Weekend,6,0.1418,22.91
73,Weekend,6,0.1291,11.95
74,Weekend,6,0.0944,21.68
75,Weekend,6,0.1299,31.55
76,Weekend,6,0.1305,5.49
77,Weekend,6,0.1174,8.32
78,Weekend,6,0.1622,4.01
79,Weekend,6,0.1639,1.61
80,Weekend,6,0.2103,9.85
81,Weekend,6,0.1312,6.82
82,Weekend,6,0.0971,5.58
83,Weekend,6,0.1179,22.43
84,Weekend,6,0.0952,38.98
85,Weekend,6,0.159,12.93
86,Weekend,6,0.156,7.45
87,Weekend,6,0.1155,40.15
88,Weekend,6,0.0693,18.92
89,Weekend,6,0.0684,6.22
90,Weekend,6,0.1275,34.38
91,Weekend,6,0.0358,3.43
92,Weekend,6,0.1178,3.32
93,Weekend,6,0.1008,9.83
94,Weekend,6,0.0577,5.09
95,Weekend,6,0.1093,35.55
96,Weekend,6,0.0614,7.54
97,Weekend,6,0.0657,4.4
98,Weekend,6,0.0277,4.56
99,Weekend,6,0.0456,12.14
100,Weekend,6,0.0562,5.16
101,Weekend,6,0.1091,32.25
102,Weekend,6,0.1363,11.03
103,Weekend,6,0.1027,4.54
104,Weekend,6,0.1619,47.05
105,Weekend,6,0.1847,55.87
106,Weekend,6,0.171,16.94
107,Weekend,6,0.2136,6.13
108,Weekend,6,0.1999,17.28
109,Weekend,6,0.2204,2.97
110,Weekend,6,0.1404,7.41
111,Weekend,6,0.1883,16.73
112,Weekend,6,0.2019,10.76
113,Weekend,6,0.2104,9.93
114,Weekend,6,0.197,15.73
115,Weekend,6,0.0737,5.01
116,Weekend,6,0.1252,5.27
117,Weekend,6,0.1582,6.53
118,Weekend,6,0.1527,37.23
119,Weekend,6,0.1037,5.28
120,Weekend,6,0.1162,13.06
1,Weekend,7,0.3011,44.44
2,Weekend,7,0.187,49.73
3,Weekend,7,0.2677,14.17
4,Weekend,7,0.2523,11.65
5,Weekend,7,0.2987,19.14
6,Weekend,7,0.295,39.17
7,Weekend,7,0.2823,10.95
8,Weekend,7,0.2288,26.97
9,Weekend,7,0.27,22.06
10,Weekend,7,0.2586,17.11
11,Weekend,7,0.1342,13.43
12,Weekend,7,0.289,21.67
13,Weekend,7,0.2334,52.44
14,Weekend,7,0.2107,32.86
15,Weekend,7,0.2626,45.76
16,Weekend,7,0.2699,26.15
17,Weekend,7,0.2848,35.19
18,Weekend,7,0.3625,52.13
19,Weekend,7,0.2375,21.3
20,Weekend,7,0.2243,14.59
21,Weekend,7,0.2545,86.39
22,Weekend,7,0.2692,43.16
23,Weekend,7,0.1528,17.85
24,Weekend,7,0.1484,9.13
25,Weekend,7,0.1469,16.97
26,Weekend,7,0.166,42.45
27,Weekend,7,0.1599,22.96
28,Weekend,7,0.1971,20.34
29,Weekend,7,0.2472,13.81
30,Weekend,7,0.2076,13.67
31,Weekend,7,0.1771,44.76
32,Weekend,7,0.2684,32.88
33,Weekend,7,0.2961,33.8
34,Weekend,7,0.3702,29.73
35,Weekend,7,0.2735,4.37
36,Weekend,7,0.0925,15.27
37,Weekend,7,0.0722,14.63
38,Weekend,7,0.0591,8.3
39,Weekend,7,0.067,2.82
40,Weekend,7,0.1006,24.95
41,Weekend,7,0.1312,41.93
42,Weekend,7,0.1063,13.39
43,Weekend,7,0.113,25.04
44,Weekend,7,0.0769,6.39
45,Weekend,7,0.0729,41.11
46,Weekend,7,0.1408,36.53
47,Weekend,7,0.0915,8.84
48,Weekend,7,0.133,3.29
49,Weekend,7,0.1479,13.74
50,Weekend,7,0.109,3.77
51,Weekend,7,0.1405,10.88
52,Weekend,7,0.1336,47.47
53,Weekend,7,0.0199,7.32
54,Weekend,7,0.0441,2.81
55,Weekend,7,0.1463,32.79
56,Weekend,7,0.0578,14.45
57,Weekend,7,0.2383,6.9
58,Weekend,7,0.1437,3.03
59,Weekend,7,0.1654,19.54
60,Weekend,7,0.3085,13.71
61,Weekend,7,0.2246,11.31
62,Weekend,7,0.0957,5.98
63,Weekend,7,0.1483,21.23
64,Weekend,7,0.1517,11.27
65,Weekend,7,0.1437,23.26
66,Weekend,7,0.1803,14.01
67,Weekend,7,0.1438,26.98
68,Weekend,7,0.1253,23.81
69,Weekend,7,0.145,6.54
70,Weekend,7,0.0992,4.39
71,Weekend,7,0.0873,12.13
72,Weekend,7,0.1648,25.69
73,Weekend,7,0.162,13.4
74,Weekend,7,0.1032,24.31
75,Weekend,7,0.1015,35.38
76,Weekend,7,0.1694,6.15
77,Weekend,7,0.1811,9.33
78,Weekend,7,0.1836,4.5
79,Weekend,7,0.1489,1.81
80,Weekend,7,0.197,11.05
81,Weekend,7,0.1559,7.65
82,Weekend,7,0.1489,6.49
83,Weekend,7,0.2045,26.09
84,Weekend,7,0.1134,45.35
85,Weekend,7,0.162,15.04
86,Weekend,7,0.193,8.66
87,Weekend,7,0.1086,46.7
88,Weekend,7,0.1386,22.01
89,Weekend,7,0.1459,7.24
90,Weekend,7,0.1421,39.99
91,Weekend,7,0.0746,3.99
92,Weekend,7,0.1329,3.86
93,Weekend,7,0.114,11.43
94,Weekend,7,0.0964,5.93
95,Weekend,7,0.1519,41.35
96,Weekend,7,0.0599,8.77
97,Weekend,7,0.1024,4.93
98,Weekend,7,0.0903,5.11
99,Weekend,7,0.0947,13.59
100,Weekend,7,0.1131,5.77
101,Weekend,7,0.1476,37.51
102,Weekend,7,0.1864,12.83
103,Weekend,7,0.0813,5.29
104,Weekend,7,0.1997,54.73
105,Weekend,7,0.2978,64.48
106,Weekend,7,0.2559,19.55
107,Weekend,7,0.2732,7.07
108,Weekend,7,0.2896,19.94
109,Weekend,7,0.3394,3.43
110,Weekend,7,0.1541,7.65
111,Weekend,7,0.3123,17.27
112,Weekend,7,0.2672,11.11
113,Weekend,7,0.2542,10.26
114,Weekend,7,0.2217,16.25
115,Weekend,7,0.1066,5.18
116,Weekend,7,0.148,5.91
117,Weekend,7,0.2016,7.32
118,Weekend,7,0.1893,41.75
119,Weekend,7,0.1545,5.92
120,Weekend,7,0.1668,14.64
1,Weekend,8,0.3692,51.12
2,Weekend,8,0.226,57.21
3,Weekend,8,0.3654,16.3
4,Weekend,8,0.2856,13.41
5,Weekend,8,0.3544,22.02
6,Weekend,8,0.385,45.06
7,Weekend,8,0.3233,12.6
8,Weekend,8,0.3368,31.03
9,Weekend,8,0.3388,25.38
10,Weekend,8,0.3336,19.69
11,Weekend,8,0.1549,15.45
12,Weekend,8,0.4071,24.93
13,Weekend,8,0.2984,60.33
14,Weekend,8,0.292,37.8
15,Weekend,8,0.2917,52.65
16,Weekend,8,0.2986,30.08
17,Weekend,8,0.3381,40.48
18,Weekend,8,0.4673,59.97
19,Weekend,8,0.3097,24.5
20,Weekend,8,0.2944,16.79
21,Weekend,8,0.3458,99.38
22,Weekend,8,0.3594,49.66
23,Weekend,8,0.188,19.71
24,Weekend,8,0.1869,10.08
25,Weekend,8,0.2094,18.74
26,Weekend,8,0.2464,46.86
27,Weekend,8,0.2103,25.35
28,Weekend,8,0.2068,22.46
29,Weekend,8,0.2918,15.25
30,Weekend,8,0.1844,15.09
31,Weekend,8,0.2519,49.41
32,Weekend,8,0.3262,36.29
33,Weekend,8,0.3351,34.23
34,Weekend,8,0.4675,30.11
35,Weekend,8,0.361,4.43
36,Weekend,8,0.0901,17.45
37,Weekend,8,0.1351,16.72
38,Weekend,8,0.0996,9.48
39,Weekend,8,0.0885,3.22
40,Weekend,8,0.1144,28.51
41,Weekend,8,0.1668,47.9
42,Weekend,8,0.1607,15.3
43,Weekend,8,0.1422,28.61
44,Weekend,8,0.1397,7.3
45,Weekend,8,0.093,46.97
46,Weekend,8,0.1556,41.74
47,Weekend,8,0.1196,10.1
48,Weekend,8,0.1556,3.76
49,Weekend,8,0.186,15.7
50,Weekend,8,0.1468,4.31
51,Weekend,8,0.1916,12.43
52,Weekend,8,0.1555,54.23
53,Weekend,8,0.0507,8.36
54,Weekend,8,0.0632,3.21
55,Weekend,8,0.1659,37.47
56,Weekend,8,0.1258,16.51
57,Weekend,8,0.2395,6.43
58,Weekend,8,0.1862,2.82
59,Weekend,8,0.2309,18.22
60,Weekend,8,0.3109,12.78
61,Weekend,8,0.2448,10.54
62,Weekend,8,0.1341,6.88
63,Weekend,8,0.1852,24.42
64,Weekend,8,0.1805,12.96
65,Weekend,8,0.1942,26.76
66,Weekend,8,0.1987,16.11
67,Weekend,8,0.1918,31.04
68,Weekend,8,0.178,27.39
69,Weekend,8,0.1459,7.52
70,Weekend,8,0.1403,5.05
71,Weekend,8,0.094,13.95
72,Weekend,8,0.2425,28.36
73,Weekend,8,0.1834,14.79
74,Weekend,8,0.1133,26.83
75,Weekend,8,0.1456,39.06
76,Weekend,8,0.1968,6.79
77,Weekend,8,0.1972,10.3
78,Weekend,8,0.2367,4.97
79,Weekend,8,0.1712,2.0
80,Weekend,8,0.2975,12.2
81,Weekend,8,0.195,8.44
82,Weekend,8,0.2082,7.47
83,Weekend,8,0.2161,30.02
84,Weekend,8,0.143,52.17
85,Weekend,8,0.2923,17.31
86,Weekend,8,0.2467,9.97
87,Weekend,8,0.1548,53.73
88,Weekend,8,0.1666,25.32
89,Weekend,8,0.1415,8.33
90,Weekend,8,0.2102,46.0
91,Weekend,8,0.0729,4.59
92,Weekend,8,0.1666,4.44
93,Weekend,8,0.1651,13.15
94,Weekend,8,0.0986,6.82
95,Weekend,8,0.154,47.57
96,Weekend,8,0.0805,10.09
97,Weekend,8,0.1101,5.63
98,Weekend,8,0.0586,5.84
99,Weekend,8,0.114,15.52
100,Weekend,8,0.0819,6.59
101,Weekend,8,0.1568,43.15
102,Weekend,8,0.2515,14.77
103,Weekend,8,0.1284,6.08
104,Weekend,8,0.2756,62.96
105,Weekend,8,0.3815,65.3
106,Weekend,8,0.3359,19.8
107,Weekend,8,0.2969,7.16
108,Weekend,8,0.3676,20.19
109,Weekend,8,0.435,3.47
110,Weekend,8,0.1975,7.13
111,Weekend,8,0.3182,16.1
112,Weekend,8,0.2766,10.35
113,Weekend,8,0.2626,9.56
114,Weekend,8,0.2381,15.14
115,Weekend,8,0.1319,4.82
116,Weekend,8,0.1755,6.52
117,Weekend,8,0.2422,8.08
118,Weekend,8,0.2501,46.09
119,Weekend,8,0.1801,6.54
120,Weekend,8,0.1984,16.17
1,Weekend,9,0.5559,57.44
2,Weekend,9,0.2906,64.28
3,Weekend,9,0.4245,18.32
4,Weekend,9,0.3769,15.06
5,Weekend,9,0.4396,24.74
6,Weekend,9,0.4607,50.63
7,Weekend,9,0.416,14.16
8,Weekend,9,0.4122,34.86
9,Weekend,9,0.42,28.52
10,Weekend,9,0.4431,22.12
11,Weekend,9,0.1988,17.36
12,Weekend,9,0.4594,28.01
13,Weekend,9,0.3623,67.79
14,Weekend,9,0.2917,42.47
15,Weekend,9,0.4036,59.16
16,Weekend,9,0.4032,33.8
17,Weekend,9,0.4424,45.49
18,Weekend,9,0.603,67.39
19,Weekend,9,0.3943,27.53
20,Weekend,9,0.377,18.86
21,Weekend,9,0.443,111.67
22,Weekend,9,0.448,55.8
23,Weekend,9,0.2723,21.26
24,Weekend,9,0.1924,10.88
25,Weekend,9,0.2162,20.21
26,Weekend,9,0.2685,50.55
27,Weekend,9,0.2204,27.34
28,Weekend,9,0.2588,24.23
29,Weekend,9,0.2813,16.45
30,Weekend,9,0.2507,16.28
31,Weekend,9,0.2643,53.31
32,Weekend,9,0.3654,39.15
33,Weekend,9,0.3893,30.29
34,Weekend,9,0.491,26.64
35,Weekend,9,0.4314,3.92
36,Weekend,9,0.1619,20.04
37,Weekend,9,0.1251,19.2
38,Weekend,9,0.1191,10.89
39,Weekend,9,0.121,3.7
40,Weekend,9,0.1422,32.74
41,Weekend,9,0.1869,55.02
42,Weekend,9,0.2027,17.57
43,Weekend,9,0.1946,32.86
44,Weekend,9,0.1601,8.39
45,Weekend,9,0.1363,53.95
46,Weekend,9,0.2198,47.94
47,Weekend,9,0.1381,11.61
48,Weekend,9,0.2271,4.31
49,Weekend,9,0.2022,18.03
50,Weekend,9,0.1772,4.95
51,Weekend,9,0.2444,14.28
52,Weekend,9,0.268,62.3
53,Weekend,9,0.0541,9.61
54,Weekend,9,0.1105,3.68
55,Weekend,9,0.2497,43.04
56,Weekend,9,0.1182,18.96
57,Weekend,9,0.2513,5.68
58,Weekend,9,0.1764,2.49
59,Weekend,9,0.2011,16.07
60,Weekend,9,0.3189,11.27
61,Weekend,9,0.2221,9.3
62,Weekend,9,0.1838,7.73
63,Weekend,9,0.2346,27.44
64,Weekend,9,0.2105,14.57
65,Weekend,9,0.2403,30.07
66,Weekend,9,0.2305,18.11
67,Weekend,9,0.2609,34.88
68,Weekend,9,0.226,30.78
69,Weekend,9,0.1932,8.45
70,Weekend,9,0.1883,5.67
71,Weekend,9,0.1412,15.68
72,Weekend,9,0.2559,30.6
73,Weekend,9,0.2359,15.95
74,Weekend,9,0.1397,28.95
75,Weekend,9,0.1931,42.13
76,Weekend,9,0.2053,7.33
77,Weekend,9,0.2422,11.11
78,Weekend,9,0.257,5.36
79,Weekend,9,0.2285,2.15
80,Weekend,9,0.3437,13.16
81,Weekend,9,0.2299,9.1
82,Weekend,9,0.2714,8.39
83,Weekend,9,0.2983,33.73
84,Weekend,9,0.1885,58.62
85,Weekend,9,0.3372,19.45
86,Weekend,9,0.3077,11.2
87,Weekend,9,0.2264,60.38
88,Weekend,9,0.1696,28.45
89,Weekend,9,0.1774,9.36
90,Weekend,9,0.2873,51.69
91,Weekend,9,0.1235,5.15
92,Weekend,9,0.2096,4.99
93,Weekend,9,0.2028,14.77
94,Weekend,9,0.1911,7.66
95,Weekend,9,0.2339,53.45
96,Weekend,9,0.0889,11.34
97,Weekend,9,0.1699,6.47
98,Weekend,9,0.1012,6.7
99,Weekend,9,0.144,17.83
100,Weekend,9,0.1539,7.57
101,Weekend,9,0.2662,48.49
102,Weekend,9,0.2857,16.59
103,Weekend,9,0.174,6.83
104,Weekend,9,0.3306,70.75
105,Weekend,9,0.4342,57.77
106,Weekend,9,0.3551,17.52
107,Weekend,9,0.3371,6.34
108,Weekend,9,0.429,17.86
109,Weekend,9,0.435,3.07
110,Weekend,9,0.1664,6.29
111,Weekend,9,0.3001,14.2
112,Weekend,9,0.2488,9.13
113,Weekend,9,0.2501,8.44
114,Weekend,9,0.2617,13.36
115,Weekend,9,0.1412,4.26
116,Weekend,9,0.2324,7.04
117,Weekend,9,0.2793,8.71
118,Weekend,9,0.3072,49.72
119,Weekend,9,0.1918,7.05
120,Weekend,9,0.2804,17.44
1,Weekend,10,0.62,62.49
2,Weekend,10,0.321,69.93
3,Weekend,10,0.5486,19.93
4,Weekend,10,0.4357,16.39
5,Weekend,10,0.5173,26.91
6,Weekend,10,0.5622,55.08
7,Weekend,10,0.4562,15.4
8,Weekend,10,0.5015,37.93
9,Weekend,10,0.5426,31.02
10,Weekend,10,0.5082,24.07
11,Weekend,10,0.2171,18.88
12,Weekend,10,0.529,30.47
13,Weekend,10,0.4766,73.75
14,Weekend,10,0.3956,46.21
15,Weekend,10,0.4716,64.36
16,Weekend,10,0.4672,36.78
17,Weekend,10,0.5342,49.49
18,Weekend,10,0.6901,73.31
19,Weekend,10,0.4223,29.95
20,Weekend,10,0.4124,20.52
21,Weekend,10,0.5219,121.49
22,Weekend,10,0.5024,60.7
23,Weekend,10,0.2529,22.36
24,Weekend,10,0.2438,11.44
25,Weekend,10,0.2738,21.26
26,Weekend,10,0.3054,53.17
27,Weekend,10,0.2599,28.76
28,Weekend,10,0.2812,25.48
29,Weekend,10,0.381,17.3
30,Weekend,10,0.3168,17.12
31,Weekend,10,0.3164,56.06
32,Weekend,10,0.4337,41.18
33,Weekend,10,0.3376,24.24
34,Weekend,10,0.4324,21.32
35,Weekend,10,0.3703,3.14
36,Weekend,10,0.2106,22.78
37,Weekend,10,0.1904,21.83
38,Weekend,10,0.1515,12.38
39,Weekend,10,0.1602,4.21
40,Weekend,10,0.2346,37.22
41,Weekend,10,0.2658,62.55
42,Weekend,10,0.2917,19.98
43,Weekend,10,0.2722,37.35
44,Weekend,10,0.2201,9.53
45,Weekend,10,0.1743,61.33
46,Weekend,10,0.2932,54.49
47,Weekend,10,0.2148,13.19
48,Weekend,10,0.3253,4.9
49,Weekend,10,0.3059,20.49
50,Weekend,10,0.2359,5.63
51,Weekend,10,0.3179,16.24
52,Weekend,10,0.2779,70.82
53,Weekend,10,0.1051,10.92
54,Weekend,10,0.1277,4.19
55,Weekend,10,0.357,48.92
56,Weekend,10,0.1524,21.55
57,Weekend,10,0.2033,5.13
58,Weekend,10,0.1637,2.25
59,Weekend,10,0.206,14.52
60,Weekend,10,0.2946,10.18
61,Weekend,10,0.2055,8.4
62,Weekend,10,0.2127,8.4
63,Weekend,10,0.2619,29.85
64,Weekend,10,0.2506,15.85
65,Weekend,10,0.2228,32.72
66,Weekend,10,0.278,19.7
67,Weekend,10,0.2906,37.95
68,Weekend,10,0.3309,33.48
69,Weekend,10,0.2618,9.2
70,Weekend,10,0.2333,6.17
71,Weekend,10,0.137,17.06
72,Weekend,10,0.3035,32.18
73,Weekend,10,0.235,16.78
74,Weekend,10,0.1799,30.44
75,Weekend,10,0.2075,44.31
76,Weekend,10,0.2527,7.71
77,Weekend,10,0.289,11.69
78,Weekend,10,0.2858,5.64
79,Weekend,10,0.2478,2.27
80,Weekend,10,0.4048,13.84
81,Weekend,10,0.2909,9.58
82,Weekend,10,0.3148,9.13
83,Weekend,10,0.3478,36.7
84,Weekend,10,0.2165,63.78
85,Weekend,10,0.4117,21.16
86,Weekend,10,0.3782,12.19
87,Weekend,10,0.2712,65.68
88,Weekend,10,0.2427,30.95
89,Weekend,10,0.1881,10.18
90,Weekend,10,0.2994,56.23
91,Weekend,10,0.1171,5.61
92,Weekend,10,0.2403,5.43
93,Weekend,10,0.232,16.07
94,Weekend,10,0.171,8.33
95,Weekend,10,0.2632,58.15
96,Weekend,10,0.1351,12.34
97,Weekend,10,0.2009,7.35
98,Weekend,10,0.0677,7.62
99,Weekend,10,0.2121,20.27
100,Weekend,10,0.1813,8.61
101,Weekend,10,0.2567,52.75
102,Weekend,10,0.3048,18.05
103,Weekend,10,0.218,7.43
104,Weekend,10,0.4114,76.97
105,Weekend,10,0.4206,46.24
106,Weekend,10,0.3643,14.02
107,Weekend,10,0.3172,5.07
108,Weekend,10,0.401,14.3
109,Weekend,10,0.4436,2.46
110,Weekend,10,0.1418,5.68
111,Weekend,10,0.2726,12.83
112,Weekend,10,0.2075,8.25
113,Weekend,10,0.223,7.62
114,Weekend,10,0.2097,12.07
115,Weekend,10,0.1229,3.84
116,Weekend,10,0.2311,7.4
117,Weekend,10,0.2999,9.16
118,Weekend,10,0.359,52.29
119,Weekend,10,0.2392,7.42
120,Weekend,10,0.2704,18.34
1,Weekend,11,0.7338,65.56
2,Weekend,11,0.3835,73.37
3,Weekend,11,0.5884,20.91
4,Weekend,11,0.4957,17.19
5,Weekend,11,0.6139,28.23
6,Weekend,11,0.633,57.79
7,Weekend,11,0.5584,16.16
8,Weekend,11,0.5802,39.79
9,Weekend,11,0.5631,32.55
10,Weekend,11,0.568,25.25
11,Weekend,11,0.2893,19.81
12,Weekend,11,0.6009,31.97
13,Weekend,11,0.5232,77.37
14,Weekend,11,0.4273,48.48
15,Weekend,11,0.5443,67.52
16,Weekend,11,0.5904,38.58
17,Weekend,11,0.6343,51.92
18,Weekend,11,0.8284,76.91
19,Weekend,11,0.5835,31.42
20,Weekend,11,0.4871,21.53
21,Weekend,11,0.5784,127.46
22,Weekend,11,0.5728,63.69
23,Weekend,11,0.3137,23.01
24,Weekend,11,0.2682,11.77
25,Weekend,11,0.2965,21.88
26,Weekend,11,0.3092,54.72
27,Weekend,11,0.2986,29.6
28,Weekend,11,0.348,26.23
29,Weekend,11,0.4017,17.81
30,Weekend,11,0.2892,17.62
31,Weekend,11,0.3553,57.7
32,Weekend,11,0.4536,42.38
33,Weekend,11,0.2621,19.33
34,Weekend,11,0.3812,17.0
35,Weekend,11,0.2744,2.5
36,Weekend,11,0.274,25.37
37,Weekend,11,0.2151,24.31
38,Weekend,11,0.2501,13.79
39,Weekend,11,0.1914,4.69
40,Weekend,11,0.2872,41.44
41,Weekend,11,0.311,69.64
42,Weekend,11,0.3506,22.24
43,Weekend,11,0.3694,41.59
44,Weekend,11,0.2916,10.61
45,Weekend,11,0.2812,68.28
46,Weekend,11,0.3472,60.67
47,Weekend,11,0.242,14.69
48,Weekend,11,0.4,5.46
49,Weekend,11,0.3475,22.82
50,Weekend,11,0.3027,6.27
51,Weekend,11,0.3917,18.08
52,Weekend,11,0.3842,78.84
53,Weekend,11,0.1215,12.16
54,Weekend,11,0.1501,4.66
55,Weekend,11,0.4161,54.47
56,Weekend,11,0.1703,24.0
57,Weekend,11,0.2269,4.98
58,Weekend,11,0.1305,2.19
59,Weekend,11,0.1809,14.09
60,Weekend,11,0.2326,9.88
61,Weekend,11,0.173,8.16
62,Weekend,11,0.2147,8.82
63,Weekend,11,0.3435,31.32
64,Weekend,11,0.2886,16.62
65,Weekend,11,0.2908,34.33
66,Weekend,11,0.3327,20.66
67,Weekend,11,0.346,39.81
68,Weekend,11,0.3412,35.13
69,Weekend,11,0.2742,9.65
70,Weekend,11,0.278,6.47
71,Weekend,11,0.1703,17.9
72,Weekend,11,0.3599,33.12
73,Weekend,11,0.3057,17.27
74,Weekend,11,0.2046,31.33
75,Weekend,11,0.2046,45.6
76,Weekend,11,0.3086,7.93
77,Weekend,11,0.2882,12.03
78,Weekend,11,0.3391,5.8
79,Weekend,11,0.2909,2.33
80,Weekend,11,0.4424,14.24
81,Weekend,11,0.2612,9.86
82,Weekend,11,0.4064,9.58
83,Weekend,11,0.3896,38.5
84,Weekend,11,0.242,66.91
85,Weekend,11,0.4508,22.2
86,Weekend,11,0.4428,12.78
87,Weekend,11,0.2873,68.91
88,Weekend,11,0.2644,32.47
89,Weekend,11,0.253,10.68
90,Weekend,11,0.3766,59.0
91,Weekend,11,0.1632,5.88
92,Weekend,11,0.2796,5.7
93,Weekend,11,0.2218,16.86
94,Weekend,11,0.1976,8.74
95,Weekend,11,0.3162,61.01
96,Weekend,11,0.1159,12.95
97,Weekend,11,0.2504,8.19
98,Weekend,11,0.1573,8.48
99,Weekend,11,0.2383,22.57
100,Weekend,11,0.2554,9.58
101,Weekend,11,0.3305,55.35
102,Weekend,11,0.392,18.94
103,Weekend,11,0.1958,7.8
104,Weekend,11,0.4551,80.75
105,Weekend,11,0.3063,36.86
106,Weekend,11,0.2779,11.18
107,Weekend,11,0.2655,4.04
108,Weekend,11,0.3257,11.4
109,Weekend,11,0.3091,1.96
110,Weekend,11,0.1673,5.51
111,Weekend,11,0.2226,12.45
112,Weekend,11,0.1427,8.01
113,Weekend,11,0.2099,7.4
114,Weekend,11,0.1785,11.72
115,Weekend,11,0.104,3.73
116,Weekend,11,0.2819,7.62
117,Weekend,11,0.3241,9.43
118,Weekend,11,0.3816,53.82
119,Weekend,11,0.2524,7.64
120,Weekend,11,0.2788,18.88
1,Weekend,12,0.7552,66.48
2,Weekend,12,0.4294,74.39
3,Weekend,12,0.6802,21.2
4,Weekend,12,0.5371,17.43
5,Weekend,12,0.642,28.63
6,Weekend,12,0.6967,58.59
7,Weekend,12,0.603,16.38
8,Weekend,12,0.6298,40.34
9,Weekend,12,0.6613,33.0
10,Weekend,12,0.6579,25.6
11,Weekend,12,0.3154,20.09
12,Weekend,12,0.6858,32.41
13,Weekend,12,0.5718,78.45
14,Weekend,12,0.4657,49.15
15,Weekend,12,0.5857,68.46
16,Weekend,12,0.6125,39.12
17,Weekend,12,0.6761,52.64
18,Weekend,12,0.8736,77.98
19,Weekend,12,0.5796,31.86
20,Weekend,12,0.5533,21.83
21,Weekend,12,0.6008,129.23
22,Weekend,12,0.6513,64.57
23,Weekend,12,0.3312,23.41
24,Weekend,12,0.2683,11.98
25,Weekend,12,0.3127,22.26
26,Weekend,12,0.3524,55.66
27,Weekend,12,0.3213,30.11
28,Weekend,12,0.347,26.68
29,Weekend,12,0.443,18.11
30,Weekend,12,0.3453,17.92
31,Weekend,12,0.3606,58.69
32,Weekend,12,0.4785,43.11
33,Weekend,12,0.2326,17.76
34,Weekend,12,0.2688,15.62
35,Weekend,12,0.2119,2.3
36,Weekend,12,0.2596,27.63
37,Weekend,12,0.2548,26.47
38,Weekend,12,0.2367,15.02
39,Weekend,12,0.263,5.11
40,Weekend,12,0.287,45.13
41,Weekend,12,0.3504,75.84
42,Weekend,12,0.4172,24.22
43,Weekend,12,0.4633,45.29
44,Weekend,12,0.3226,11.56
45,Weekend,12,0.294,74.36
46,Weekend,12,0.4551,66.08
47,Weekend,12,0.322,16.0
48,Weekend,12,0.4567,5.95
49,Weekend,12,0.4564,24.85
50,Weekend,12,0.367,6.83
51,Weekend,12,0.5039,19.69
52,Weekend,12,0.4834,85.87
53,Weekend,12,0.1433,13.24
54,Weekend,12,0.2218,5.08
55,Weekend,12,0.4759,59.32
56,Weekend,12,0.2521,26.14
57,Weekend,12,0.1924,5.15
58,Weekend,12,0.0786,2.26
59,Weekend,12,0.1489,14.59
60,Weekend,12,0.2433,10.23
61,Weekend,12,0.167,8.45
62,Weekend,12,0.2602,8.94
63,Weekend,12,0.3807,31.76
64,Weekend,12,0.3002,16.86
65,Weekend,12,0.3212,34.8
66,Weekend,12,0.3579,20.95
67,Weekend,12,0.3726,40.36
68,Weekend,12,0.3794,35.62
69,Weekend,12,0.3321,9.78
70,Weekend,12,0.2611,6.56
71,Weekend,12,0.204,18.15
72,Weekend,12,0.335,33.69
73,Weekend,12,0.3068,17.56
74,Weekend,12,0.1947,31.87
75,Weekend,12,0.2457,46.39
76,Weekend,12,0.293,8.07
77,Weekend,12,0.2909,12.24
78,Weekend,12,0.3569,5.9
79,Weekend,12,0.322,2.37
80,Weekend,12,0.4494,14.49
81,Weekend,12,0.3197,10.03
82,Weekend,12,0.4309,9.71
83,Weekend,12,0.4392,39.03
84,Weekend,12,0.2491,67.84
85,Weekend,12,0.4831,22.51
86,Weekend,12,0.4794,12.96
87,Weekend,12,0.3182,69.87
88,Weekend,12,0.31,32.92
89,Weekend,12,0.2855,10.83
90,Weekend,12,0.4274,59.82
91,Weekend,12,0.109,5.96
92,Weekend,12,0.2629,5.78
93,Weekend,12,0.3265,17.1
94,Weekend,12,0.1887,8.87
95,Weekend,12,0.362,61.86
96,Weekend,12,0.1734,13.13
97,Weekend,12,0.2997,8.92
98,Weekend,12,0.1702,9.24
99,Weekend,12,0.2626,24.58
100,Weekend,12,0.2748,10.44
101,Weekend,12,0.3686,56.12
102,Weekend,12,0.4239,19.2
103,Weekend,12,0.284,7.91
104,Weekend,12,0.5135,81.87
105,Weekend,12,0.1883,33.88
106,Weekend,12,0.1693,10.27
107,Weekend,12,0.1667,3.72
108,Weekend,12,0.2387,10.48
109,Weekend,12,0.2312,1.8
110,Weekend,12,0.1227,5.71
111,Weekend,12,0.2229,12.89
112,Weekend,12,0.1624,8.29
113,Weekend,12,0.1597,7.66
114,Weekend,12,0.1557,12.13
115,Weekend,12,0.0903,3.86
116,Weekend,12,0.2648,7.75
117,Weekend,12,0.3783,9.59
118,Weekend,12,0.4046,54.75
119,Weekend,12,0.2833,7.77
120,Weekend,12,0.315,19.2
1,Weekend,13,0.8137,65.68
2,Weekend,13,0.4363,73.5
3,Weekend,13,0.715,20.95
4,Weekend,13,0.5708,17.22
5,Weekend,13,0.6842,28.28
6,Weekend,13,0.7392,57.89
7,Weekend,13,0.6116,16.19
8,Weekend,13,0.63,39.86
9,Weekend,13,0.6662,32.61
10,Weekend,13,0.6297,25.29
11,Weekend,13,0.3221,19.85
12,Weekend,13,0.7199,32.03
13,Weekend,13,0.5714,77.51
14,Weekend,13,0.5272,48.56
15,Weekend,13,0.5922,67.64
16,Weekend,13,0.6563,38.65
17,Weekend,13,0.7196,52.01
18,Weekend,13,0.9492,77.05
19,Weekend,13,0.5801,31.48
20,Weekend,13,0.558,21.57
21,Weekend,13,0.6607,127.69
22,Weekend,13,0.6772,63.8
23,Weekend,13,0.339,23.85
24,Weekend,13,0.3221,12.2
25,Weekend,13,0.2921,22.67
26,Weekend,13,0.3568,56.7
27,Weekend,13,0.3154,30.67
28,Weekend,13,0.3909,27.18
29,Weekend,13,0.4028,18.45
30,Weekend,13,0.3742,18.26
31,Weekend,13,0.3871,59.79
32,Weekend,13,0.5205,43.92
33,Weekend,13,0.1807,20.0
34,Weekend,13,0.2021,17.59
35,Weekend,13,0.1379,2.59
36,Weekend,13,0.349,29.66
37,Weekend,13,0.3067,28.42
38,Weekend,13,0.2889,16.12
39,Weekend,13,0.2648,5.48
40,Weekend,13,0.3911,48.45
41,Weekend,13,0.4502,81.42
42,Weekend,13,0.4949,26.01
43,Weekend,13,0.4992,48.63
44,Weekend,13,0.3801,12.41
45,Weekend,13,0.3195,79.83
46,Weekend,13,0.5172,70.94
47,Weekend,13,0.3592,17.17
48,Weekend,13,0.527,6.38
49,Weekend,13,0.5545,26.68
50,Weekend,13,0.4411,7.33
51,Weekend,13,0.5349,21.14
52,Weekend,13,0.5532,92.18
53,Weekend,13,0.1218,14.21
54,Weekend,13,0.2325,5.45
55,Weekend,13,0.5921,63.68
56,Weekend,13,0.2894,28.06
57,Weekend,13,0.1628,5.55
58,Weekend,13,0.0974,2.44
59,Weekend,13,0.1583,15.71
60,Weekend,13,0.1988,11.02
61,Weekend,13,0.1653,9.1
62,Weekend,13,0.2935,8.83
63,Weekend,13,0.3281,31.38
64,Weekend,13,0.3509,16.65
65,Weekend,13,0.3635,34.39
66,Weekend,13,0.3995,20.7
67,Weekend,13,0.3903,39.88
68,Weekend,13,0.3052,35.19
69,Weekend,13,0.3428,9.67
70,Weekend,13,0.3006,6.48
71,Weekend,13,0.2121,17.93
72,Weekend,13,0.3463,34.32
73,Weekend,13,0.298,17.89
74,Weekend,13,0.2104,32.47
75,Weekend,13,0.2356,47.26
76,Weekend,13,0.3171,8.22
77,Weekend,13,0.3336,12.47
78,Weekend,13,0.3698,6.01
79,Weekend,13,0.2942,2.42
80,Weekend,13,0.4846,14.76
81,Weekend,13,0.3272,10.21
82,Weekend,13,0.4315,9.6
83,Weekend,13,0.4463,38.57
84,Weekend,13,0.267,67.03
85,Weekend,13,0.4907,22.24
86,Weekend,13,0.4669,12.81
87,Weekend,13,0.3571,69.03
88,Weekend,13,0.2978,32.53
89,Weekend,13,0.289,10.7
90,Weekend,13,0.4245,59.1
91,Weekend,13,0.165,5.89
92,Weekend,13,0.2729,5.71
93,Weekend,13,0.3153,16.89
94,Weekend,13,0.2004,8.76
95,Weekend,13,0.3365,61.12
96,Weekend,13,0.1692,12.97
97,Weekend,13,0.3654,9.57
98,Weekend,13,0.1761,9.92
99,Weekend,13,0.3147,26.38
100,Weekend,13,0.3199,11.21
101,Weekend,13,0.3384,55.44
102,Weekend,13,0.4055,18.97
103,Weekend,13,0.2545,7.81
104,Weekend,13,0.5403,80.89
105,Weekend,13,0.15,38.14
106,Weekend,13,0.1402,11.57
107,Weekend,13,0.1311,4.18
108,Weekend,13,0.1959,11.8
109,Weekend,13,0.2041,2.03
110,Weekend,13,0.1429,6.15
111,Weekend,13,0.1828,13.89
112,Weekend,13,0.1567,8.93
113,Weekend,13,0.1709,8.25
114,Weekend,13,0.1515,13.06
115,Weekend,13,0.1095,4.16
116,Weekend,13,0.285,7.89
117,Weekend,13,0.3267,9.77
118,Weekend,13,0.4355,55.77
119,Weekend,13,0.3022,7.91
120,Weekend,13,0.3366,19.56
1,Weekend,14,0.8122,63.9
2,Weekend,14,0.4705,71.51
3,Weekend,14,0.6854,20.38
4,Weekend,14,0.5326,16.76
5,Weekend,14,0.7102,27.52
6,Weekend,14,0.7691,56.32
7,Weekend,14,0.6248,15.75
8,Weekend,14,0.6242,38.78
9,Weekend,14,0.6916,31.72
10,Weekend,14,0.6623,24.61
11,Weekend,14,0.3258,19.31
12,Weekend,14,0.7141,31.16
13,Weekend,14,0.5972,75.41
14,Weekend,14,0.445,47.25
15,Weekend,14,0.5938,65.8
16,Weekend,14,0.6275,37.6
17,Weekend,14,0.69,50.6
18,Weekend,14,0.9609,74.96
19,Weekend,14,0.5972,30.63
20,Weekend,14,0.5802,20.98
21,Weekend,14,0.6512,124.23
22,Weekend,14,0.6851,62.07
23,Weekend,14,0.3452,24.55
24,Weekend,14,0.2924,12.56
25,Weekend,14,0.3433,23.34
26,Weekend,14,0.3862,58.38
27,Weekend,14,0.3465,31.58
28,Weekend,14,0.3836,27.98
29,Weekend,14,0.4432,19.0
30,Weekend,14,0.354,18.8
31,Weekend,14,0.3825,61.56
32,Weekend,14,0.5155,45.22
33,Weekend,14,0.1982,25.03
34,Weekend,14,0.2446,22.01
35,Weekend,14,0.17,3.24
36,Weekend,14,0.356,31.72
37,Weekend,14,0.3442,30.4
38,Weekend,14,0.3037,17.24
39,Weekend,14,0.311,5.86
40,Weekend,14,0.4163,51.82
41,Weekend,14,0.4907,87.09
42,Weekend,14,0.5671,27.82
43,Weekend,14,0.567,52.01
44,Weekend,14,0.4505,13.27
45,Weekend,14,0.3924,85.39
46,Weekend,14,0.5734,75.88
47,Weekend,14,0.3868,18.37
48,Weekend,14,0.6015,6.83
49,Weekend,14,0.5965,28.54
50,Weekend,14,0.4965,7.84
51,Weekend,14,0.6233,22.61
52,Weekend,14,0.6187,98.6
53,Weekend,14,0.1576,15.2
54,Weekend,14,0.3087,5.83
55,Weekend,14,0.6584,68.11
56,Weekend,14,0.2804,30.01
57,Weekend,14,0.1788,6.14
58,Weekend,14,0.1105,2.7
59,Weekend,14,0.1189,17.38
60,Weekend,14,0.2148,12.19
61,Weekend,14,0.177,10.06
62,Weekend,14,0.2816,8.59
63,Weekend,14,0.3672,30.53
64,Weekend,14,0.3136,16.2
65,Weekend,14,0.3443,33.45
66,Weekend,14,0.3533,20.14
67,Weekend,14,0.3793,38.8
68,Weekend,14,0.3803,34.24
69,Weekend,14,0.386,9.4
70,Weekend,14,0.3522,6.31
71,Weekend,14,0.1705,17.44
72,Weekend,14,0.3508,35.34
73,Weekend,14,0.2835,18.42
74,Weekend,14,0.2308,33.43
75,Weekend,14,0.2674,48.66
76,Weekend,14,0.3385,8.46
77,Weekend,14,0.2941,12.84
78,Weekend,14,0.3934,6.19
79,Weekend,14,0.3162,2.49
80,Weekend,14,0.4652,15.2
81,Weekend,14,0.3224,10.51
82,Weekend,14,0.4449,9.34
83,Weekend,14,0.4355,37.52
84,Weekend,14,0.2932,65.21
85,Weekend,14,0.4965,21.63
86,Weekend,14,0.4785,12.46
87,Weekend,14,0.3545,67.16
88,Weekend,14,0.2925,31.64
89,Weekend,14,0.2777,10.41
90,Weekend,14,0.4108,57.5
91,Weekend,14,0.1269,5.73
92,Weekend,14,0.2926,5.55
93,Weekend,14,0.2744,16.44
94,Weekend,14,0.1725,8.52
95,Weekend,14,0.3673,59.46
96,Weekend,14,0.1364,12.62
97,Weekend,14,0.3891,10.24
98,Weekend,14,0.2041,10.61
99,Weekend,14,0.3872,28.22
100,Weekend,14,0.3863,11.99
101,Weekend,14,0.3474,53.94
102,Weekend,14,0.4136,18.46
103,Weekend,14,0.2518,7.6
104,Weekend,14,0.4985,78.7
105,Weekend,14,0.2105,47.74
106,Weekend,14,0.1562,14.47
107,Weekend,14,0.1708,5.24
108,Weekend,14,0.1979,14.76
109,Weekend,14,0.2132,2.54
110,Weekend,14,0.1366,6.8
111,Weekend,14,0.2614,15.36
112,Weekend,14,0.1626,9.88
113,Weekend,14,0.1596,9.12
114,Weekend,14,0.153,14.45
115,Weekend,14,0.0996,4.6
116,Weekend,14,0.2991,8.13
117,Weekend,14,0.3933,10.06
118,Weekend,14,0.4371,57.42
119,Weekend,14,0.2689,8.15
120,Weekend,14,0.344,20.14
1,Weekend,15,0.7667,61.38
2,Weekend,15,0.418,68.68
3,Weekend,15,0.6904,19.57
4,Weekend,15,0.5657,16.09
5,Weekend,15,0.7066,26.43
6,Weekend,15,0.7169,54.09
7,Weekend,15,0.614,15.12
8,Weekend,15,0.6454,37.25
9,Weekend,15,0.6318,30.47
10,Weekend,15,0.6435,23.64
11,Weekend,15,0.3085,18.55
12,Weekend,15,0.6913,29.93
13,Weekend,15,0.5624,72.43
14,Weekend,15,0.4891,45.38
15,Weekend,15,0.5914,63.2
16,Weekend,15,0.6278,36.12
17,Weekend,15,0.6959,48.6
18,Weekend,15,0.9042,72.0
19,Weekend,15,0.6322,29.42
20,Weekend,15,0.5543,20.15
21,Weekend,15,0.6414,119.32
22,Weekend,15,0.6431,59.62
23,Weekend,15,0.3737,25.49
24,Weekend,15,0.3031,13.04
25,Weekend,15,0.3334,24.24
26,Weekend,15,0.3926,60.62
27,Weekend,15,0.3416,32.78
28,Weekend,15,0.3543,29.05
29,Weekend,15,0.4857,19.72
30,Weekend,15,0.354,19.52
31,Weekend,15,0.3993,63.91
32,Weekend,15,0.5343,46.95
33,Weekend,15,0.2201,30.81
34,Weekend,15,0.2817,27.1
35,Weekend,15,0.254,3.98
36,Weekend,15,0.3807,33.87
37,Weekend,15,0.3722,32.45
38,Weekend,15,0.3616,18.41
39,Weekend,15,0.3462,6.26
40,Weekend,15,0.4723,55.33
41,Weekend,15,0.5296,92.99
42,Weekend,15,0.6162,29.7
43,Weekend,15,0.5799,55.53
44,Weekend,15,0.5081,14.17
45,Weekend,15,0.4204,91.17
46,Weekend,15,0.6648,81.02
47,Weekend,15,0.4452,19.61
48,Weekend,15,0.6856,7.29
49,Weekend,15,0.6714,30.47
50,Weekend,15,0.516,8.37
51,Weekend,15,0.6807,24.14
52,Weekend,15,0.6682,105.28
53,Weekend,15,0.1726,16.23
54,Weekend,15,0.29,6.22
55,Weekend,15,0.6619,72.73
56,Weekend,15,0.3539,32.04
57,Weekend,15,0.2161,6.9
58,Weekend,15,0.1694,3.03
59,Weekend,15,0.1803,19.55
60,Weekend,15,0.2601,13.71
61,Weekend,15,0.2099,11.32
62,Weekend,15,0.2643,8.25
63,Weekend,15,0.3862,29.32
64,Weekend,15,0.2895,15.56
65,Weekend,15,0.3562,32.13
66,Weekend,15,0.3537,19.34
67,Weekend,15,0.3954,37.27
68,Weekend,15,0.3398,32.88
69,Weekend,15,0.3519,9.03
70,Weekend,15,0.295,6.06
71,Weekend,15,0.1896,16.75
72,Weekend,15,0.384,36.69
73,Weekend,15,0.3567,19.13
74,Weekend,15,0.2081,34.71
75,Weekend,15,0.2403,50.52
76,Weekend,15,0.3393,8.79
77,Weekend,15,0.3406,13.33
78,Weekend,15,0.3874,6.43
79,Weekend,15,0.3821,2.58
80,Weekend,15,0.489,15.78
81,Weekend,15,0.3137,10.92
82,Weekend,15,0.4028,8.97
83,Weekend,15,0.4446,36.04
84,Weekend,15,0.2776,62.63
85,Weekend,15,0.5203,20.78
86,Weekend,15,0.5166,11.97
87,Weekend,15,0.3598,64.51
88,Weekend,15,0.2827,30.39
89,Weekend,15,0.3045,10.0
90,Weekend,15,0.4237,55.23
91,Weekend,15,0.1577,5.51
92,Weekend,15,0.254,5.33
93,Weekend,15,0.2811,15.79
94,Weekend,15,0.1864,8.19
95,Weekend,15,0.3655,57.11
96,Weekend,15,0.1552,12.12
97,Weekend,15,0.4206,10.93
98,Weekend,15,0.2137,11.33
99,Weekend,15,0.3743,30.13
100,Weekend,15,0.3943,12.8
101,Weekend,15,0.3336,51.81
102,Weekend,15,0.3843,17.73
103,Weekend,15,0.2507,7.3
104,Weekend,15,0.4985,75.59
105,Weekend,15,0.2396,58.76
106,Weekend,15,0.2172,17.82
107,Weekend,15,0.2063,6.44
108,Weekend,15,0.2327,18.17
109,Weekend,15,0.2631,3.13
110,Weekend,15,0.149,7.65
111,Weekend,15,0.2559,17.28
112,Weekend,15,0.2231,11.11
113,Weekend,15,0.223,10.26
114,Weekend,15,0.162,16.25
115,Weekend,15,0.1285,5.18
116,Weekend,15,0.3131,8.44
117,Weekend,15,0.3828,10.45
118,Weekend,15,0.4497,59.62
119,Weekend,15,0.2939,8.46
120,Weekend,15,0.346,20.91
1,Weekend,16,0.7604,57.48
2,Weekend,16,0.4524,64.32
3,Weekend,16,0.6372,18.33
4,Weekend,16,0.563,15.07
5,Weekend,16,0.6598,24.75
6,Weekend,16,0.7222,50.66
7,Weekend,16,0.5789,14.16
8,Weekend,16,0.5891,34.88
9,Weekend,16,0.6162,28.53
10,Weekend,16,0.6505,22.13
11,Weekend,16,0.2875,17.37
12,Weekend,16,0.6422,28.03
13,Weekend,16,0.5226,67.83
14,Weekend,16,0.5021,42.5
15,Weekend,16,0.6197,59.19
16,Weekend,16,0.6268,33.82
17,Weekend,16,0.6393,45.52
18,Weekend,16,0.8529,67.43
19,Weekend,16,0.5917,27.55
20,Weekend,16,0.5571,18.87
21,Weekend,16,0.6349,111.74
22,Weekend,16,0.5976,55.83
23,Weekend,16,0.3679,26.29
24,Weekend,16,0.332,13.45
25,Weekend,16,0.3478,25.0
26,Weekend,16,0.3803,62.51
27,Weekend,16,0.3592,33.81
28,Weekend,16,0.3737,29.96
29,Weekend,16,0.5159,20.34
30,Weekend,16,0.3708,20.13
31,Weekend,16,0.4129,65.91
32,Weekend,16,0.5365,48.41
33,Weekend,16,0.3025,34.82
34,Weekend,16,0.4133,30.63
35,Weekend,16,0.3216,4.5
36,Weekend,16,0.4398,35.59
37,Weekend,16,0.417,34.1
38,Weekend,16,0.3892,19.35
39,Weekend,16,0.3577,6.58
40,Weekend,16,0.5203,58.14
41,Weekend,16,0.6194,97.7
42,Weekend,16,0.6847,31.21
43,Weekend,16,0.6804,58.35
44,Weekend,16,0.5807,14.89
45,Weekend,16,0.443,95.8
46,Weekend,16,0.714,85.12
47,Weekend,16,0.496,20.61
48,Weekend,16,0.7299,7.66
49,Weekend,16,0.688,32.01
50,Weekend,16,0.5526,8.79
51,Weekend,16,0.7731,25.36
52,Weekend,16,0.7705,110.62
53,Weekend,16,0.1942,17.06
54,Weekend,16,0.3791,6.54
55,Weekend,16,0.746,76.42
56,Weekend,16,0.3644,33.67
57,Weekend,16,0.2557,7.75
58,Weekend,16,0.1578,3.4
59,Weekend,16,0.217,21.95
60,Weekend,16,0.3153,15.4
61,Weekend,16,0.2411,12.71
62,Weekend,16,0.2549,7.73
63,Weekend,16,0.3091,27.46
64,Weekend,16,0.3132,14.57
65,Weekend,16,0.3427,30.09
66,Weekend,16,0.334,18.12
67,Weekend,16,0.3503,34.9
68,Weekend,16,0.3437,30.79
69,Weekend,16,0.3195,8.46
70,Weekend,16,0.2479,5.67
71,Weekend,16,0.1661,15.69
72,Weekend,16,0.404,37.84
73,Weekend,16,0.3539,19.73
74,Weekend,16,0.2261,35.79
75,Weekend,16,0.2899,52.1
76,Weekend,16,0.366,9.06
77,Weekend,16,0.3905,13.74
78,Weekend,16,0.398,6.63
79,Weekend,16,0.3453,2.66
80,Weekend,16,0.5266,16.27
81,Weekend,16,0.3594,11.26
82,Weekend,16,0.395,8.4
83,Weekend,16,0.472,33.75
84,Weekend,16,0.2545,58.66
85,Weekend,16,0.4657,19.46
86,Weekend,16,0.4629,11.21
87,Weekend,16,0.3286,60.41
88,Weekend,16,0.2685,28.46
89,Weekend,16,0.295,9.36
90,Weekend,16,0.4034,51.72
91,Weekend,16,0.145,5.16
92,Weekend,16,0.2448,4.99
93,Weekend,16,0.2656,14.78
94,Weekend,16,0.1908,7.67
95,Weekend,16,0.3396,53.48
96,Weekend,16,0.1508,11.35
97,Weekend,16,0.4891,11.49
98,Weekend,16,0.2355,11.9
99,Weekend,16,0.4139,31.66
100,Weekend,16,0.4612,13.45
101,Weekend,16,0.3859,48.52
102,Weekend,16,0.4164,16.6
103,Weekend,16,0.2547,6.84
104,Weekend,16,0.4952,70.79
105,Weekend,16,0.3242,66.42
106,Weekend,16,0.2729,20.14
107,Weekend,16,0.2457,7.28
108,Weekend,16,0.3247,20.54
109,Weekend,16,0.3647,3.53
110,Weekend,16,0.1804,8.59
111,Weekend,16,0.3144,19.4
112,Weekend,16,0.255,12.47
113,Weekend,16,0.2593,11.52
114,Weekend,16,0.2799,18.25
115,Weekend,16,0.148,5.81
116,Weekend,16,0.3247,8.7
117,Weekend,16,0.4264,10.77
118,Weekend,16,0.4331,61.48
119,Weekend,16,0.3452,8.72
120,Weekend,16,0.3499,21.57
1,Weekend,17,0.7167,51.42
2,Weekend,17,0.3634,57.54
3,Weekend,17,0.6434,16.4
4,Weekend,17,0.5078,13.48
5,Weekend,17,0.6169,22.14
6,Weekend,17,0.6359,45.32
7,Weekend,17,0.5313,12.67
8,Weekend,17,0.5573,31.2
9,Weekend,17,0.5857,25.53
10,Weekend,17,0.5514,19.8
11,Weekend,17,0.2695,15.54
12,Weekend,17,0.6281,25.07
13,Weekend,17,0.5178,60.68
14,Weekend,17,0.4367,38.02
15,Weekend,17,0.5117,52.95
16,Weekend,17,0.5388,30.26
17,Weekend,17,0.6289,40.72
18,Weekend,17,0.828,60.32
19,Weekend,17,0.5345,24.64
20,Weekend,17,0.4784,16.88
21,Weekend,17,0.6014,99.96
22,Weekend,17,0.5728,49.94
23,Weekend,17,0.3765,26.37
24,Weekend,17,0.3731,13.49
25,Weekend,17,0.349,25.07
26,Weekend,17,0.4439,62.71
27,Weekend,17,0.3909,33.92
28,Weekend,17,0.3994,30.05
29,Weekend,17,0.5179,20.4
30,Weekend,17,0.384,20.19
31,Weekend,17,0.4144,66.12
32,Weekend,17,0.5922,48.57
33,Weekend,17,0.3904,35.12
34,Weekend,17,0.488,30.89
35,Weekend,17,0.3916,4.54
36,Weekend,17,0.4983,35.86
37,Weekend,17,0.4567,34.36
38,Weekend,17,0.4045,19.49
39,Weekend,17,0.4079,6.63
40,Weekend,17,0.5624,58.59
41,Weekend,17,0.669,98.45
42,Weekend,17,0.7243,31.45
43,Weekend,17,0.7275,58.8
44,Weekend,17,0.6215,15.0
45,Weekend,17,0.4723,96.53
46,Weekend,17,0.7737,85.78
47,Weekend,17,0.5056,20.77
48,Weekend,17,0.7786,7.72
49,Weekend,17,0.7758,32.26
50,Weekend,17,0.6127,8.86
51,Weekend,17,0.8165,25.56
52,Weekend,17,0.8336,111.47
53,Weekend,17,0.1994,17.19
54,Weekend,17,0.3595,6.59
55,Weekend,17,0.8095,77.0
56,Weekend,17,0.4008,33.93
57,Weekend,17,0.3157,8.49
58,Weekend,17,0.1983,3.73
59,Weekend,17,0.2274,24.04
60,Weekend,17,0.3582,16.86
61,Weekend,17,0.2584,13.92
62,Weekend,17,0.2321,6.91
63,Weekend,17,0.3253,24.56
64,Weekend,17,0.2816,13.04
65,Weekend,17,0.3056,26.92
66,Weekend,17,0.2932,16.21
67,Weekend,17,0.3638,31.22
68,Weekend,17,0.3185,27.55
69,Weekend,17,0.2989,7.57
70,Weekend,17,0.2414,5.08
71,Weekend,17,0.2022,14.03
72,Weekend,17,0.3996,37.95
73,Weekend,17,0.3612,19.79
74,Weekend,17,0.2556,35.9
75,Weekend,17,0.2756,52.26
76,Weekend,17,0.3668,9.09
77,Weekend,17,0.3876,13.79
78,Weekend,17,0.4461,6.65
79,Weekend,17,0.3682,2.67
80,Weekend,17,0.5212,16.32
81,Weekend,17,0.3765,11.29
82,Weekend,17,0.3561,7.51
83,Weekend,17,0.4105,30.19
84,Weekend,17,0.2466,52.47
85,Weekend,17,0.4489,17.41
86,Weekend,17,0.4087,10.03
87,Weekend,17,0.3132,54.04
88,Weekend,17,0.2751,25.46
89,Weekend,17,0.2324,8.38
90,Weekend,17,0.3753,46.27
91,Weekend,17,0.1296,4.61
92,Weekend,17,0.2337,4.47
93,Weekend,17,0.2488,13.22
94,Weekend,17,0.1479,6.86
95,Weekend,17,0.2936,47.84
96,Weekend,17,0.1625,10.15
97,Weekend,17,0.5061,11.58
98,Weekend,17,0.294,12.0
99,Weekend,17,0.4764,31.9
100,Weekend,17,0.4822,13.55
101,Weekend,17,0.3148,43.4
102,Weekend,17,0.3643,14.85
103,Weekend,17,0.2145,6.12
104,Weekend,17,0.4349,63.33
105,Weekend,17,0.4066,66.99
106,Weekend,17,0.3458,20.31
107,Weekend,17,0.3698,7.35
108,Weekend,17,0.399,20.72
109,Weekend,17,0.4247,3.56
110,Weekend,17,0.1829,9.41
111,Weekend,17,0.3516,21.25
112,Weekend,17,0.3103,13.66
113,Weekend,17,0.3367,12.62
114,Weekend,17,0.301,19.99
115,Weekend,17,0.1457,6.37
116,Weekend,17,0.2943,8.73
117,Weekend,17,0.4582,10.81
118,Weekend,17,0.5131,61.68
119,Weekend,17,0.3268,8.75
120,Weekend,17,0.3462,21.63
1,Weekend,18,0.6389,43.5
2,Weekend,18,0.3123,48.68
3,Weekend,18,0.525,13.87
4,Weekend,18,0.4588,11.41
5,Weekend,18,0.5396,18.73
6,Weekend,18,0.5468,38.34
7,Weekend,18,0.5273,10.72
8,Weekend,18,0.5198,26.4
9,Weekend,18,0.5022,21.6
10,Weekend,18,0.5009,16.75
11,Weekend,18,0.2334,13.15
12,Weekend,18,0.5469,21.21
13,Weekend,18,0.4206,51.34
14,Weekend,18,0.3855,32.17
15,Weekend,18,0.4872,44.8
16,Weekend,18,0.4847,25.6
17,Weekend,18,0.5367,34.45
18,Weekend,18,0.7002,51.04
19,Weekend,18,0.4404,20.85
20,Weekend,18,0.4243,14.28
21,Weekend,18,0.5282,84.57
22,Weekend,18,0.5252,42.26
23,Weekend,18,0.4079,25.28
24,Weekend,18,0.368,12.93
25,Weekend,18,0.3554,24.03
26,Weekend,18,0.4539,60.11
27,Weekend,18,0.3713,32.51
28,Weekend,18,0.4255,28.81
29,Weekend,18,0.5455,19.56
30,Weekend,18,0.4463,19.35
31,Weekend,18,0.4193,63.38
32,Weekend,18,0.5796,46.55
33,Weekend,18,0.4327,31.48
34,Weekend,18,0.5116,27.69
35,Weekend,18,0.4214,4.07
36,Weekend,18,0.5029,33.83
37,Weekend,18,0.4581,32.41
38,Weekend,18,0.436,18.39
39,Weekend,18,0.406,6.25
40,Weekend,18,0.5771,55.26
41,Weekend,18,0.6782,92.86
42,Weekend,18,0.7698,29.66
43,Weekend,18,0.7721,55.46
44,Weekend,18,0.6434,14.15
45,Weekend,18,0.5004,91.05
46,Weekend,18,0.7728,80.9
47,Weekend,18,0.5035,19.58
48,Weekend,18,0.7979,7.28
49,Weekend,18,0.781,30.43
50,Weekend,18,0.6736,8.36
51,Weekend,18,0.8437,24.1
52,Weekend,18,0.881,105.13
53,Weekend,18,0.1917,16.21
54,Weekend,18,0.3908,6.21
55,Weekend,18,0.8397,72.63
56,Weekend,18,0.4421,32.0
57,Weekend,18,0.3564,8.89
58,Weekend,18,0.2517,3.9
59,Weekend,18,0.2708,25.17
60,Weekend,18,0.4713,17.65
61,Weekend,18,0.3434,14.57
62,Weekend,18,0.1889,5.85
63,Weekend,18,0.2713,20.78
64,Weekend,18,0.2807,11.03
65,Weekend,18,0.2891,22.78
66,Weekend,18,0.2914,13.71
67,Weekend,18,0.307,26.41
68,Weekend,18,0.2526,23.31
69,Weekend,18,0.2682,6.4
70,Weekend,18,0.2216,4.29
71,Weekend,18,0.1404,11.87
72,Weekend,18,0.4545,36.38
73,Weekend,18,0.372,18.97
74,Weekend,18,0.2098,34.42
75,Weekend,18,0.2842,50.1
76,Weekend,18,0.3592,8.72
77,Weekend,18,0.3553,13.22
78,Weekend,18,0.4403,6.37
79,Weekend,18,0.367,2.56
80,Weekend,18,0.5279,15.65
81,Weekend,18,0.402,10.83
82,Weekend,18,0.3502,6.36
83,Weekend,18,0.334,25.55
84,Weekend,18,0.2094,44.4
85,Weekend,18,0.3834,14.73
86,Weekend,18,0.383,8.48
87,Weekend,18,0.2759,45.72
88,Weekend,18,0.211,21.54
89,Weekend,18,0.2561,7.09
90,Weekend,18,0.3391,39.15
91,Weekend,18,0.1131,3.9
92,Weekend,18,0.2311,3.78
93,Weekend,18,0.2858,11.19
94,Weekend,18,0.1973,5.8
95,Weekend,18,0.2809,40.48
96,Weekend,18,0.1576,8.59
97,Weekend,18,0.5316,10.92
98,Weekend,18,0.2734,11.31
99,Weekend,18,0.5039,30.09
100,Weekend,18,0.4686,12.78
101,Weekend,18,0.3039,36.72
102,Weekend,18,0.3316,12.57
103,Weekend,18,0.2074,5.17
104,Weekend,18,0.3925,53.58
105,Weekend,18,0.4298,60.04
106,Weekend,18,0.3823,18.2
107,Weekend,18,0.3629,6.59
108,Weekend,18,0.4762,18.57
109,Weekend,18,0.4832,3.19
110,Weekend,18,0.2692,9.85
111,Weekend,18,0.3928,22.24
112,Weekend,18,0.357,14.3
113,Weekend,18,0.3504,13.21
114,Weekend,18,0.3176,20.92
115,Weekend,18,0.2044,6.67
116,Weekend,18,0.3569,8.37
117,Weekend,18,0.451,10.36
118,Weekend,18,0.492,59.12
119,Weekend,18,0.3398,8.39
120,Weekend,18,0.367,20.74
1,Weekend,19,0.4936,35.42
2,Weekend,19,0.2847,39.63
3,Weekend,19,0.4082,11.29
4,Weekend,19,0.351,9.29
5,Weekend,19,0.4331,15.25
6,Weekend,19,0.4749,31.21
7,Weekend,19,0.401,8.73
8,Weekend,19,0.4115,21.49
9,Weekend,19,0.4316,17.58
10,Weekend,19,0.395,13.64
11,Weekend,19,0.206,10.7
12,Weekend,19,0.4374,17.27
13,Weekend,19,0.3675,41.79
14,Weekend,19,0.3493,26.19
15,Weekend,19,0.3969,36.47
16,Weekend,19,0.4133,20.84
17,Weekend,19,0.4265,28.04
18,Weekend,19,0.5644,41.55
19,Weekend,19,0.3866,16.97
20,Weekend,19,0.3467,11.63
21,Weekend,19,0.4022,68.85
22,Weekend,19,0.421,34.4
23,Weekend,19,0.397,22.96
24,Weekend,19,0.3511,11.74
25,Weekend,19,0.3442,21.83
26,Weekend,19,0.4146,54.59
27,Weekend,19,0.3552,29.52
28,Weekend,19,0.3805,26.16
29,Weekend,19,0.5325,17.76
30,Weekend,19,0.4019,17.58
31,Weekend,19,0.3919,57.56
32,Weekend,19,0.5869,42.28
33,Weekend,19,0.3867,25.49
34,Weekend,19,0.4958,22.42
35,Weekend,19,0.4027,3.3
36,Weekend,19,0.4947,29.51
37,Weekend,19,0.4519,28.27
38,Weekend,19,0.4058,16.04
39,Weekend,19,0.4056,5.45
40,Weekend,19,0.5483,48.21
41,Weekend,19,0.6553,81.01
42,Weekend,19,0.7189,25.87
43,Weekend,19,0.7038,48.38
44,Weekend,19,0.5967,12.35
45,Weekend,19,0.5144,79.43
46,Weekend,19,0.7517,70.58
47,Weekend,19,0.5264,17.09
48,Weekend,19,0.7639,6.35
49,Weekend,19,0.7636,26.54
50,Weekend,19,0.6553,7.29
51,Weekend,19,0.8095,21.03
52,Weekend,19,0.809,91.72
53,Weekend,19,0.2083,14.14
54,Weekend,19,0.3361,5.42
55,Weekend,19,0.7763,63.36
56,Weekend,19,0.4205,27.92
57,Weekend,19,0.3639,8.77
58,Weekend,19,0.237,3.85
59,Weekend,19,0.3309,24.85
60,Weekend,19,0.4455,17.43
61,Weekend,19,0.3554,14.38
62,Weekend,19,0.174,4.76
63,Weekend,19,0.1816,16.92
64,Weekend,19,0.2272,8.98
65,Weekend,19,0.2339,18.54
66,Weekend,19,0.2462,11.16
67,Weekend,19,0.2814,21.5
68,Weekend,19,0.2135,18.97
69,Weekend,19,0.2183,5.21
70,Weekend,19,0.2077,3.5
71,Weekend,19,0.1191,9.67
72,Weekend,19,0.3944,33.04
73,Weekend,19,0.361,17.22
74,Weekend,19,0.2376,31.25
75,Weekend,19,0.2938,45.49
76,Weekend,19,0.3608,7.91
77,Weekend,19,0.3375,12.0
78,Weekend,19,0.4303,5.79
79,Weekend,19,0.3435,2.33
80,Weekend,19,0.4999,14.21
81,Weekend,19,0.367,9.83
82,Weekend,19,0.2387,5.18
83,Weekend,19,0.297,20.8
84,Weekend,19,0.1715,36.14
85,Weekend,19,0.3287,11.99
86,Weekend,19,0.279,6.91
87,Weekend,19,0.2101,37.22
88,Weekend,19,0.1626,17.54
89,Weekend,19,0.1841,5.77
90,Weekend,19,0.267,31.87
91,Weekend,19,0.0896,3.18
92,Weekend,19,0.2164,3.08
93,Weekend,19,0.2197,9.11
94,Weekend,19,0.1579,4.72
95,Weekend,19,0.2236,32.95
96,Weekend,19,0.0862,6.99
97,Weekend,19,0.5123,9.53
98,Weekend,19,0.2444,9.87
99,Weekend,19,0.4422,26.25
100,Weekend,19,0.4765,11.15
101,Weekend,19,0.2362,29.9
102,Weekend,19,0.2372,10.23
103,Weekend,19,0.1781,4.21
104,Weekend,19,0.2921,43.62
105,Weekend,19,0.3807,48.63
106,Weekend,19,0.3623,14.74
107,Weekend,19,0.3409,5.33
108,Weekend,19,0.4081,15.04
109,Weekend,19,0.43,2.59
110,Weekend,19,0.2805,9.72
111,Weekend,19,0.4726,21.96
112,Weekend,19,0.3814,14.12
113,Weekend,19,0.4013,13.04
114,Weekend,19,0.3647,20.65
115,Weekend,19,0.2271,6.58
116,Weekend,19,0.3403,7.6
117,Weekend,19,0.4372,9.41
118,Weekend,19,0.4905,53.69
119,Weekend,19,0.3234,7.62
120,Weekend,19,0.38,18.83
1,Weekend,20,0.3654,29.01
2,Weekend,20,0.2245,32.47
3,Weekend,20,0.3286,9.25
4,Weekend,20,0.2681,7.61
5,Weekend,20,0.2958,12.49
6,Weekend,20,0.3607,25.57
7,Weekend,20,0.3008,7.15
8,Weekend,20,0.333,17.61
9,Weekend,20,0.3171,14.4
10,Weekend,20,0.303,11.17
11,Weekend,20,0.1054,8.77
12,Weekend,20,0.3331,14.15
13,Weekend,20,0.2965,34.24
14,Weekend,20,0.2364,21.45
15,Weekend,20,0.2958,29.88
16,Weekend,20,0.3242,17.07
17,Weekend,20,0.3556,22.97
18,Weekend,20,0.4447,34.03
19,Weekend,20,0.2953,13.9
20,Weekend,20,0.277,9.53
21,Weekend,20,0.2889,56.4
22,Weekend,20,0.3305,28.18
23,Weekend,20,0.3491,19.82
24,Weekend,20,0.2937,10.14
25,Weekend,20,0.3178,18.84
26,Weekend,20,0.386,47.12
27,Weekend,20,0.3136,25.49
28,Weekend,20,0.38,22.58
29,Weekend,20,0.452,15.33
30,Weekend,20,0.3734,15.17
31,Weekend,20,0.4117,49.69
32,Weekend,20,0.5365,36.49
33,Weekend,20,0.299,19.49
34,Weekend,20,0.3859,17.15
35,Weekend,20,0.3072,2.52
36,Weekend,20,0.4396,24.0
37,Weekend,20,0.3889,22.99
38,Weekend,20,0.3572,13.04
39,Weekend,20,0.374,4.43
40,Weekend,20,0.4571,39.2
41,Weekend,20,0.5682,65.88
42,Weekend,20,0.6199,21.04
43,Weekend,20,0.6361,39.34
44,Weekend,20,0.538,10.04
45,Weekend,20,0.4247,64.59
46,Weekend,20,0.6706,57.4
47,Weekend,20,0.4302,13.89
48,Weekend,20,0.6705,5.16
49,Weekend,20,0.6796,21.59
50,Weekend,20,0.5576,5.93
51,Weekend,20,0.7024,17.1
52,Weekend,20,0.6993,74.59
53,Weekend,20,0.1948,11.5
54,Weekend,20,0.3388,4.41
55,Weekend,20,0.7097,51.53
56,Weekend,20,0.342,22.7
57,Weekend,20,0.3878,8.14
58,Weekend,20,0.2394,3.58
59,Weekend,20,0.3067,23.06
60,Weekend,20,0.5235,16.18
61,Weekend,20,0.3477,13.35
62,Weekend,20,0.1253,3.9
63,Weekend,20,0.1421,13.86
64,Weekend,20,0.1315,7.36
65,Weekend,20,0.1809,15.19
66,Weekend,20,0.151,9.14
67,Weekend,20,0.1566,17.62
68,Weekend,20,0.1642,15.54
69,Weekend,20,0.1814,4.27
70,Weekend,20,0.1596,2.86
71,Weekend,20,0.1012,7.92
72,Weekend,20,0.3795,28.52
73,Weekend,20,0.3407,14.87
74,Weekend,20,0.2213,26.98
75,Weekend,20,0.2696,39.27
76,Weekend,20,0.3129,6.83
77,Weekend,20,0.3163,10.36
78,Weekend,20,0.4158,5.0
79,Weekend,20,0.3504,2.01
80,Weekend,20,0.4642,12.27
81,Weekend,20,0.3336,8.49
82,Weekend,20,0.2171,4.24
83,Weekend,20,0.2387,17.04
84,Weekend,20,0.1522,29.61
85,Weekend,20,0.2622,9.82
86,Weekend,20,0.2327,5.66
87,Weekend,20,0.1483,30.49
88,Weekend,20,0.1623,14.37
89,Weekend,20,0.1308,4.73
90,Weekend,20,0.202,26.11
91,Weekend,20,0.0417,2.6
92,Weekend,20,0.1567,2.52
93,Weekend,20,0.1312,7.46
94,Weekend,20,0.1118,3.87
95,Weekend,20,0.1604,27.0
96,Weekend,20,0.0858,5.73
97,Weekend,20,0.4363,7.75
98,Weekend,20,0.2204,8.03
99,Weekend,20,0.4014,21.35
100,Weekend,20,0.4659,9.07
101,Weekend,20,0.1956,24.49
102,Weekend,20,0.1774,8.38
103,Weekend,20,0.1156,3.45
104,Weekend,20,0.2264,35.73
105,Weekend,20,0.3128,37.19
106,Weekend,20,0.2625,11.27
107,Weekend,20,0.2824,4.08
108,Weekend,20,0.3563,11.5
109,Weekend,20,0.3523,1.98
110,Weekend,20,0.313,9.02
111,Weekend,20,0.4474,20.38
112,Weekend,20,0.3455,13.11
113,Weekend,20,0.4047,12.11
114,Weekend,20,0.3278,19.17
115,Weekend,20,0.1804,6.11
116,Weekend,20,0.2922,6.56
117,Weekend,20,0.419,8.12
118,Weekend,20,0.4432,46.35
119,Weekend,20,0.2856,6.58
120,Weekend,20,0.2936,16.26
1,Weekend,21,0.2626,25.06
2,Weekend,21,0.1683,28.04
3,Weekend,21,0.2148,7.99
4,Weekend,21,0.1935,6.57
5,Weekend,21,0.2323,10.79
6,Weekend,21,0.2332,22.09
7,Weekend,21,0.2356,6.18
8,Weekend,21,0.207,15.21
9,Weekend,21,0.2301,12.44
10,Weekend,21,0.2087,9.65
11,Weekend,21,0.088,7.57
12,Weekend,21,0.2192,12.22
13,Weekend,21,0.1909,29.57
14,Weekend,21,0.1571,18.53
15,Weekend,21,0.1949,25.81
16,Weekend,21,0.1895,14.75
17,Weekend,21,0.2381,19.84
18,Weekend,21,0.3407,29.4
19,Weekend,21,0.1785,12.01
20,Weekend,21,0.2041,8.23
21,Weekend,21,0.1985,48.72
22,Weekend,21,0.2469,24.34
23,Weekend,21,0.2842,16.54
24,Weekend,21,0.2702,8.46
25,Weekend,21,0.2964,15.72
26,Weekend,21,0.3304,39.32
27,Weekend,21,0.2875,21.27
28,Weekend,21,0.3195,18.84
29,Weekend,21,0.3771,12.79
30,Weekend,21,0.3237,12.66
31,Weekend,21,0.3341,41.46
32,Weekend,21,0.4813,30.45
33,Weekend,21,0.2119,15.1
34,Weekend,21,0.2731,13.28
35,Weekend,21,0.1935,1.95
36,Weekend,21,0.3421,18.79
37,Weekend,21,0.3026,18.0
38,Weekend,21,0.2703,10.21
39,Weekend,21,0.2827,3.47
40,Weekend,21,0.4027,30.69
41,Weekend,21,0.4546,51.58
42,Weekend,21,0.4943,16.47
43,Weekend,21,0.5398,30.8
44,Weekend,21,0.4037,7.86
45,Weekend,21,0.3295,50.57
46,Weekend,21,0.5195,44.94
47,Weekend,21,0.3902,10.88
48,Weekend,21,0.5501,4.04
49,Weekend,21,0.5438,16.9
50,Weekend,21,0.4626,4.64
51,Weekend,21,0.6015,13.39
52,Weekend,21,0.5649,58.4
53,Weekend,21,0.171,9.0
54,Weekend,21,0.237,3.45
55,Weekend,21,0.571,40.34
56,Weekend,21,0.2674,17.77
57,Weekend,21,0.345,7.16
58,Weekend,21,0.2051,3.14
59,Weekend,21,0.2893,20.28
60,Weekend,21,0.4799,14.23
61,Weekend,21,0.3377,11.74
62,Weekend,21,0.12,3.37
63,Weekend,21,0.117,11.97
64,Weekend,21,0.1128,6.35
65,Weekend,21,0.1299,13.12
66,Weekend,21,0.1144,7.9
67,Weekend,21,0.1296,15.22
68,Weekend,21,0.0997,13.43
69,Weekend,21,0.0845,3.69
70,Weekend,21,0.0867,2.47
71,Weekend,21,0.0886,6.84
72,Weekend,21,0.3383,23.8
73,Weekend,21,0.2736,12.41
74,Weekend,21,0.224,22.51
75,Weekend,21,0.2086,32.77
76,Weekend,21,0.26,5.7
77,Weekend,21,0.2448,8.64
78,Weekend,21,0.3305,4.17
79,Weekend,21,0.2974,1.68
80,Weekend,21,0.3913,10.23
81,Weekend,21,0.2923,7.08
82,Weekend,21,0.1136,3.66
83,Weekend,21,0.1548,14.71
84,Weekend,21,0.1011,25.57
85,Weekend,21,0.1724,8.48
86,Weekend,21,0.1385,4.89
87,Weekend,21,0.1073,26.34
88,Weekend,21,0.0901,12.41
89,Weekend,21,0.085,4.08
90,Weekend,21,0.1778,22.55
91,Weekend,21,0.0503,2.25
92,Weekend,21,0.0764,2.18
93,Weekend,21,0.1047,6.45
94,Weekend,21,0.0721,3.34
95,Weekend,21,0.1339,23.32
96,Weekend,21,0.0684,4.95
97,Weekend,21,0.3666,6.06
98,Weekend,21,0.1636,6.28
99,Weekend,21,0.3159,16.71
100,Weekend,21,0.359,7.1
101,Weekend,21,0.1274,21.15
102,Weekend,21,0.1304,7.24
103,Weekend,21,0.0919,2.98
104,Weekend,21,0.1221,30.86
105,Weekend,21,0.2615,28.8
106,Weekend,21,0.2035,8.73
107,Weekend,21,0.1884,3.16
108,Weekend,21,0.231,8.91
109,Weekend,21,0.2223,1.53
110,Weekend,21,0.2589,7.94
111,Weekend,21,0.4359,17.93
112,Weekend,21,0.3377,11.53
113,Weekend,21,0.3458,10.65
114,Weekend,21,0.3914,16.86
115,Weekend,21,0.2149,5.37
116,Weekend,21,0.2418,5.47
117,Weekend,21,0.3275,6.78
118,Weekend,21,0.3648,38.67
119,Weekend,21,0.2272,5.49
120,Weekend,21,0.289,13.56
1,Weekend,22,0.2014,23.13
2,Weekend,22,0.0,0.0
3,Weekend,22,0.1421,7.37
4,Weekend,22,0.1477,6.06
5,Weekend,22,0.1558,9.96
6,Weekend,22,0.1591,20.38
7,Weekend,22,0.1731,5.7
8,Weekend,22,0.0,0.0
9,Weekend,22,0.0,0.0
10,Weekend,22,0.0,0.0
11,Weekend,22,0.0,0.0
12,Weekend,22,0.1825,11.28
13,Weekend,22,0.1351,27.29
14,Weekend,22,0.1247,17.1
15,Weekend,22,0.1067,23.81
16,Weekend,22,0.1263,13.61
17,Weekend,22,0.1861,18.31
18,Weekend,22,0.2105,27.13
19,Weekend,22,0.1536,11.08
20,Weekend,22,0.1429,7.59
21,Weekend,22,0.0,0.0
22,Weekend,22,0.1287,22.46
23,Weekend,22,0.2228,13.72
24,Weekend,22,0.2102,7.02
25,Weekend,22,0.0,0.0
26,Weekend,22,0.2675,32.64
27,Weekend,22,0.2362,17.65
28,Weekend,22,0.0,0.0
29,Weekend,22,0.3026,10.62
30,Weekend,22,0.0,0.0
31,Weekend,22,0.0,0.0
32,Weekend,22,0.0,0.0
33,Weekend,22,0.1319,12.65
34,Weekend,22,0.2151,11.12
35,Weekend,22,0.1481,1.64
36,Weekend,22,0.0,0.0
37,Weekend,22,0.0,0.0
38,Weekend,22,0.1859,8.12
39,Weekend,22,0.201,2.76
40,Weekend,22,0.275,24.4
41,Weekend,22,0.298,41.01
42,Weekend,22,0.0,0.0
43,Weekend,22,0.3729,24.49
44,Weekend,22,0.3168,6.25
45,Weekend,22,0.2304,40.21
46,Weekend,22,0.3878,35.73
47,Weekend,22,0.2672,8.65
48,Weekend,22,0.3662,3.21
49,Weekend,22,0.0,0.0
50,Weekend,22,0.3356,3.69
51,Weekend,22,0.0,0.0
52,Weekend,22,0.4104,46.43
53,Weekend,22,0.0768,7.16
54,Weekend,22,0.1744,2.74
55,Weekend,22,0.4321,32.07
56,Weekend,22,0.1837,14.13
57,Weekend,22,0.3003,6.09
58,Weekend,22,0.0,0.0
59,Weekend,22,0.2696,17.23
60,Weekend,22,0.4047,12.09
61,Weekend,22,0.3036,9.98
62,Weekend,22,0.0661,3.11
63,Weekend,22,0.0,0.0
64,Weekend,22,0.0,0.0
65,Weekend,22,0.0,0.0
66,Weekend,22,0.0709,7.29
67,Weekend,22,0.1122,14.04
68,Weekend,22,0.0874,12.39
69,Weekend,22,0.0576,3.4
70,Weekend,22,0.0755,2.28
71,Weekend,22,0.0501,6.31
72,Weekend,22,0.2672,19.75
73,Weekend,22,0.0,0.0
74,Weekend,22,0.1616,18.69
75,Weekend,22,0.1562,27.2
76,Weekend,22,0.0,0.0
77,Weekend,22,0.1989,7.18
78,Weekend,22,0.2422,3.46
79,Weekend,22,0.1804,1.39
80,Weekend,22,0.3368,8.49
81,Weekend,22,0.0,0.0
82,Weekend,22,0.0935,3.38
83,Weekend,22,0.1066,13.58
84,Weekend,22,0.0654,23.6
85,Weekend,22,0.0839,7.83
86,Weekend,22,0.1086,4.51
87,Weekend,22,0.0,0.0
88,Weekend,22,0.0713,11.45
89,Weekend,22,0.0196,3.77
90,Weekend,22,0.1007,20.81
91,Weekend,22,0.0,0.0
92,Weekend,22,0.0732,2.01
93,Weekend,22,0.0944,5.95
94,Weekend,22,0.0642,3.08
95,Weekend,22,0.0842,21.52
96,Weekend,22,0.0309,4.57
97,Weekend,22,0.239,4.82
98,Weekend,22,0.1225,5.0
99,Weekend,22,0.2462,13.29
100,Weekend,22,0.2207,5.64
101,Weekend,22,0.1111,19.52
102,Weekend,22,0.1034,6.68
103,Weekend,22,0.0276,2.75
104,Weekend,22,0.0,0.0
105,Weekend,22,0.1679,24.12
106,Weekend,22,0.1281,7.31
107,Weekend,22,0.1323,2.65
108,Weekend,22,0.1327,7.46
109,Weekend,22,0.176,1.28
110,Weekend,22,0.2308,6.74
111,Weekend,22,0.0,0.0
112,Weekend,22,0.3037,9.79
113,Weekend,22,0.352,9.05
114,Weekend,22,0.0,0.0
115,Weekend,22,0.1759,4.56
116,Weekend,22,0.0,0.0
117,Weekend,22,0.2554,5.63
118,Weekend,22,0.3184,32.1
119,Weekend,22,0.0,0.0
120,Weekend,22,0.224,11.26
1,Weekend,23,0.0,0.0
2,Weekend,23,0.0,0.0
3,Weekend,23,0.1181,6.6
4,Weekend,23,0.1209,5.43
5,Weekend,23,0.0,0.0
6,Weekend,23,0.1188,18.25
7,Weekend,23,0.0,0.0
8,Weekend,23,0.0,0.0
9,Weekend,23,0.0,0.0
10,Weekend,23,0.0,0.0
11,Weekend,23,0.0,0.0
12,Weekend,23,0.1207,10.1
13,Weekend,23,0.0845,24.44
14,Weekend,23,0.0854,15.31
15,Weekend,23,0.1278,21.33
16,Weekend,23,0.1068,12.19
17,Weekend,23,0.0,0.0
18,Weekend,23,0.127,24.3
19,Weekend,23,0.1394,9.93
20,Weekend,23,0.0,0.0
21,Weekend,23,0.0,0.0
22,Weekend,23,0.1354,20.12
23,Weekend,23,0.1542,6.52
24,Weekend,23,0.1573,3.34
25,Weekend,23,0.0,0.0
26,Weekend,23,0.1509,15.51
27,Weekend,23,0.1934,8.39
28,Weekend,23,0.0,0.0
29,Weekend,23,0.2025,5.05
30,Weekend,23,0.0,0.0
31,Weekend,23,0.0,0.0
32,Weekend,23,0.0,0.0
33,Weekend,23,0.0889,9.66
34,Weekend,23,0.1163,8.49
35,Weekend,23,0.1062,1.25
36,Weekend,23,0.0,0.0
37,Weekend,23,0.0,0.0
38,Weekend,23,0.0,0.0
39,Weekend,23,0.1465,1.47
40,Weekend,23,0.0,0.0
41,Weekend,23,0.0,0.0
42,Weekend,23,0.0,0.0
43,Weekend,23,0.0,0.0
44,Weekend,23,0.1864,3.33
45,Weekend,23,0.1732,21.43
46,Weekend,23,0.0,0.0
47,Weekend,23,0.0,0.0
48,Weekend,23,0.2677,1.71
49,Weekend,23,0.0,0.0
50,Weekend,23,0.18,1.97
51,Weekend,23,0.0,0.0
52,Weekend,23,0.0,0.0
53,Weekend,23,0.0,0.0
54,Weekend,23,0.1032,1.46
55,Weekend,23,0.0,0.0
56,Weekend,23,0.0,0.0
57,Weekend,23,0.2549,2.11
58,Weekend,23,0.0,0.0
59,Weekend,23,0.0,0.0
60,Weekend,23,0.0,0.0
61,Weekend,23,0.2295,3.45
62,Weekend,23,0.0446,2.79
63,Weekend,23,0.0,0.0
64,Weekend,23,0.0,0.0
65,Weekend,23,0.0,0.0
66,Weekend,23,0.0,0.0
67,Weekend,23,0.0,0.0
68,Weekend,23,0.0513,11.1
69,Weekend,23,0.0383,3.05
70,Weekend,23,0.0,0.0
71,Weekend,23,0.0547,5.65
72,Weekend,23,0.2031,9.39
73,Weekend,23,0.0,0.0
74,Weekend,23,0.0,0.0
75,Weekend,23,0.0,0.0
76,Weekend,23,0.0,0.0
77,Weekend,23,0.1532,3.41
78,Weekend,23,0.2161,1.64
79,Weekend,23,0.1582,0.66
80,Weekend,23,0.2434,4.04
81,Weekend,23,0.0,0.0
82,Weekend,23,0.0,0.0
83,Weekend,23,0.0598,12.16
84,Weekend,23,0.0,0.0
85,Weekend,23,0.0,0.0
86,Weekend,23,0.0,0.0
87,Weekend,23,0.0,0.0
88,Weekend,23,0.0,0.0
89,Weekend,23,0.0,0.0
90,Weekend,23,0.0539,18.64
91,Weekend,23,0.0,0.0
92,Weekend,23,0.0533,1.8
93,Weekend,23,0.0,0.0
94,Weekend,23,0.0,0.0
95,Weekend,23,0.0,0.0
96,Weekend,23,0.0,0.0
97,Weekend,23,0.0,0.0
98,Weekend,23,0.0894,2.66
99,Weekend,23,0.1509,7.08
100,Weekend,23,0.1573,3.01
101,Weekend,23,0.0,0.0
102,Weekend,23,0.0,0.0
103,Weekend,23,0.0,0.0
104,Weekend,23,0.0,0.0
105,Weekend,23,0.0,0.0
106,Weekend,23,0.0833,5.58
107,Weekend,23,0.0833,2.02
108,Weekend,23,0.0,0.0
109,Weekend,23,0.1176,0.98
110,Weekend,23,0.1823,2.33
111,Weekend,23,0.0,0.0
112,Weekend,23,0.2266,3.39
113,Weekend,23,0.0,0.0
114,Weekend,23,0.0,0.0
115,Weekend,23,0.0,0.0
116,Weekend,23,0.0,0.0
117,Weekend,23,0.1708,2.67
118,Weekend,23,0.2056,15.26
119,Weekend,23,0.0,0.0
120,Weekend,23,0.0,0.0
