parking_id,scenario_id,dimension_code,subscore,weight_applied,weighted_contribution
52,1,DEMAND,81.91400215185098,0.3,24.574200645555294
18,1,DEMAND,83.90716413798003,0.3,25.17214924139401
1,1,DEMAND,87.6022292064125,0.3,26.28066876192375
17,1,DEMAND,76.44915879637628,0.3,22.934747638912885
6,1,DEMAND,83.67415560065014,0.3,25.10224668019504
51,1,DEMAND,81.4210944538978,0.3,24.426328336169338
41,1,DEMAND,67.39266635560617,0.3,20.21779990668185
3,1,DEMAND,78.02095273354942,0.3,23.406285820064827
8,1,DEMAND,74.9933366812722,0.3,22.49800100438166
13,1,DEMAND,68.80186296150517,0.3,20.640558888451547
16,1,DEMAND,73.36267224708465,0.3,22.008801674125394
21,1,DEMAND,67.34304679112077,0.3,20.20291403733623
15,1,DEMAND,70.82627236247953,0.3,21.247881708743858
19,1,DEMAND,71.57963704087973,0.3,21.473891112263917
55,1,DEMAND,81.4428900553814,0.3,24.43286701661442
46,1,DEMAND,73.34336231043629,0.3,22.003008693130887
22,1,DEMAND,61.85590767747229,0.3,18.556772303241686
7,1,DEMAND,74.62298693517744,0.3,22.38689608055323
43,1,DEMAND,70.59934188555627,0.3,21.17980256566688
12,1,DEMAND,77.92370930311955,0.3,23.377112790935865
2,1,DEMAND,62.22919402828535,0.3,18.668758208485603
4,1,DEMAND,72.22443068411252,0.3,21.667329205233756
14,1,DEMAND,63.79760397381464,0.3,19.13928119214439
45,1,DEMAND,51.322172403868464,0.3,15.396651721160538
42,1,DEMAND,70.11332988616556,0.3,21.033998965849666
9,1,DEMAND,75.13225479354617,0.3,22.53967643806385
85,1,DEMAND,35.051889157763185,0.3,10.515566747328956
5,1,DEMAND,80.16765723811618,0.3,24.050297171434853
10,1,DEMAND,62.56865235869486,0.3,18.770595707608457
83,1,DEMAND,30.51963874667961,0.3,9.155891624003884
44,1,DEMAND,58.62939942242583,0.3,17.588819826727747
40,1,DEMAND,38.85182823582255,0.3,11.655548470746766
50,1,DEMAND,65.44111873863201,0.3,19.632335621589604
11,1,DEMAND,38.15855652609858,0.3,11.447566957829574
34,1,DEMAND,34.57087286074559,0.3,10.371261858223676
118,1,DEMAND,28.84687932542555,0.3,8.654063797627664
49,1,DEMAND,78.16209407470151,0.3,23.448628222410452
101,1,DEMAND,23.11180041973354,0.3,6.933540125920062
20,1,DEMAND,61.60374118078423,0.3,18.481122354235268
104,1,DEMAND,36.64172294836256,0.3,10.992516884508769
86,1,DEMAND,29.796456478329706,0.3,8.938936943498911
75,1,DEMAND,10.191878853787792,0.3,3.0575636561363373
99,1,DEMAND,29.114297667594037,0.3,8.734289300278212
120,1,DEMAND,16.83775923998316,0.3,5.051327771994948
84,1,DEMAND,9.921633146519287,0.3,2.976489943955786
72,1,DEMAND,27.191762276720752,0.3,8.157528683016226
102,1,DEMAND,26.656075744264648,0.3,7.996822723279394
31,1,DEMAND,28.146348386171013,0.3,8.443904515851303
26,1,DEMAND,24.423494121859584,0.3,7.327048236557875
33,1,DEMAND,21.33977291629675,0.3,6.401931874889025
48,1,DEMAND,79.75488973442346,0.3,23.926466920327037
68,1,DEMAND,19.64328715538016,0.3,5.8929861466140485
53,1,DEMAND,10.928245787562936,0.3,3.278473736268881
36,1,DEMAND,35.37456543487069,0.3,10.612369630461206
47,1,DEMAND,48.038766208971275,0.3,14.411629862691381
90,1,DEMAND,25.52511700522063,0.3,7.6575351015661886
23,1,DEMAND,21.41325868691867,0.3,6.423977606075601
29,1,DEMAND,35.405725312697015,0.3,10.621717593809104
56,1,DEMAND,22.513651791748092,0.3,6.754095537524427
117,1,DEMAND,24.065899415962477,0.3,7.2197698247887425
80,1,DEMAND,34.24145384534328,0.3,10.272436153602984
30,1,DEMAND,23.67819169957536,0.3,7.103457509872608
32,1,DEMAND,42.34861714318533,0.3,12.7045851429556
38,1,DEMAND,27.63066499858505,0.3,8.289199499575515
67,1,DEMAND,24.21811184775808,0.3,7.265433554327424
105,1,DEMAND,26.439007956666774,0.3,7.931702387000032
100,1,DEMAND,33.53673843601762,0.3,10.061021530805286
74,1,DEMAND,9.05183917805066,0.3,2.715551753415198
28,1,DEMAND,21.83876080985671,0.3,6.551628242957013
37,1,DEMAND,30.172422403772455,0.3,9.051726721131736
59,1,DEMAND,11.71356603935138,0.3,3.5140698118054137
95,1,DEMAND,16.85816663470208,0.3,5.057449990410624
93,1,DEMAND,12.251399701886328,0.3,3.675419910565898
63,1,DEMAND,23.599507669134184,0.3,7.079852300740255
87,1,DEMAND,17.80288719632449,0.3,5.340866158897347
27,1,DEMAND,21.887290372596624,0.3,6.566187111778987
65,1,DEMAND,22.750122265420863,0.3,6.825036679626259
61,1,DEMAND,10.588518801482122,0.3,3.1765556404446365
66,1,DEMAND,23.875226421292343,0.3,7.162567926387703
35,1,DEMAND,22.007786541890344,0.3,6.6023359625671025
108,1,DEMAND,25.278178550031093,0.3,7.583453565009328
82,1,DEMAND,25.30700322170148,0.3,7.5921009665104435
107,1,DEMAND,17.00181508727649,0.3,5.100544526182947
112,1,DEMAND,15.657275079193091,0.3,4.697182523757927
54,1,DEMAND,20.1614937583494,0.3,6.0484481275048205
39,1,DEMAND,25.482981171698967,0.3,7.64489435150969
73,1,DEMAND,18.851693330550553,0.3,5.655507999165166
116,1,DEMAND,12.937429050286596,0.3,3.8812287150859786
77,1,DEMAND,22.127558290806483,0.3,6.6382674872419445
97,1,DEMAND,36.68862829547686,0.3,11.006588488643057
106,1,DEMAND,21.380852214304184,0.3,6.414255664291255
60,1,DEMAND,24.529582123238217,0.3,7.358874636971465
109,1,DEMAND,27.593005354546374,0.3,8.277901606363912
110,1,DEMAND,6.49567113669864,0.3,1.948701341009592
25,1,DEMAND,21.59447768327202,0.3,6.478343304981606
96,1,DEMAND,7.111111360970765,0.3,2.133333408291229
119,1,DEMAND,12.346909029777004,0.3,3.704072708933101
24,1,DEMAND,17.04509325929383,0.3,5.113527977788149
69,1,DEMAND,16.794398900990622,0.3,5.038319670297186
111,1,DEMAND,23.31553333816699,0.3,6.994660001450097
94,1,DEMAND,7.244084615644571,0.3,2.1732253846933713
98,1,DEMAND,14.731177972754272,0.3,4.419353391826282
81,1,DEMAND,18.62379888369688,0.3,5.587139665109064
79,1,DEMAND,18.09508815759409,0.3,5.4285264472782275
70,1,DEMAND,17.848266175062925,0.3,5.354479852518877
78,1,DEMAND,25.8152880345841,0.3,7.74458641037523
71,1,DEMAND,8.68197645150202,0.3,2.604592935450606
103,1,DEMAND,9.190454510067312,0.3,2.7571363530201936
114,1,DEMAND,13.34487764797246,0.3,4.003463294391738
57,1,DEMAND,16.274543962717903,0.3,4.882363188815371
62,1,DEMAND,17.423016147345816,0.3,5.2269048442037445
88,1,DEMAND,15.568522271940893,0.3,4.6705566815822674
64,1,DEMAND,21.07447805618154,0.3,6.322343416854462
115,1,DEMAND,6.017744974061693,0.3,1.8053234922185077
58,1,DEMAND,4.447429757450675,0.3,1.3342289272352026
92,1,DEMAND,11.539990697102194,0.3,3.4619972091306583
113,1,DEMAND,17.66821784508599,0.3,5.300465353525797
76,1,DEMAND,17.08232284653186,0.3,5.124696853959557
91,1,DEMAND,9.341563715276743,0.3,2.802469114583023
89,1,DEMAND,16.88892719013028,0.3,5.0666781570390835
18,4,DEMAND,82.29754785020172,0.3,24.689264355060516
52,4,DEMAND,73.94236414478726,0.3,22.18270924343618
6,4,DEMAND,74.23410544758148,0.3,22.270231634274445
1,4,DEMAND,78.63754281588682,0.3,23.591262844766046
51,4,DEMAND,73.65930815081396,0.3,22.097792445244185
17,4,DEMAND,67.49538360241087,0.3,20.24861508072326
41,4,DEMAND,58.55127762502547,0.3,17.56538328750764
3,4,DEMAND,69.05633388554334,0.3,20.716900165663002
13,4,DEMAND,61.18083446192396,0.3,18.354250338577188
21,4,DEMAND,58.9523102089075,0.3,17.68569306267225
8,4,DEMAND,66.72578596628985,0.3,20.017735789886952
55,4,DEMAND,74.14199090679617,0.3,22.24259727203885
15,4,DEMAND,62.94810850397326,0.3,18.884432551191978
16,4,DEMAND,65.06811395169434,0.3,19.520434185508304
19,4,DEMAND,63.63742812665825,0.3,19.091228437997476
46,4,DEMAND,61.38735499020685,0.3,18.416206497062056
22,4,DEMAND,51.86842326044099,0.3,15.560526978132296
7,4,DEMAND,66.49508292303048,0.3,19.948524876909143
12,4,DEMAND,68.91147257249091,0.3,20.67344177174727
2,4,DEMAND,56.007887612950896,0.3,16.802366283885267
45,4,DEMAND,44.495856318714,0.3,13.3487568956142
43,4,DEMAND,59.11247253283882,0.3,17.733741759851647
14,4,DEMAND,56.947612836416816,0.3,17.084283850925043
4,4,DEMAND,64.48577466783722,0.3,19.345732400351164
42,4,DEMAND,58.7162578762061,0.3,17.61487736286183
9,4,DEMAND,66.58154827517723,0.3,19.974464482553167
85,4,DEMAND,26.80595630321767,0.3,8.0417868909653
5,4,DEMAND,71.20853789133983,0.3,21.36256136740195
10,4,DEMAND,52.92429363576936,0.3,15.877288090730808
83,4,DEMAND,23.560783345099324,0.3,7.068235003529797
40,4,DEMAND,29.884477944996902,0.3,8.96534338349907
50,4,DEMAND,57.11143888036624,0.3,17.13343166410987
44,4,DEMAND,49.57694407000756,0.3,14.873083221002268
11,4,DEMAND,33.432140783757944,0.3,10.029642235127383
34,4,DEMAND,26.32552685650193,0.3,7.897658056950579
101,4,DEMAND,17.72754050067105,0.3,5.318262150201315
118,4,DEMAND,20.67940784614637,0.3,6.20382235384391
20,4,DEMAND,54.20694418141973,0.3,16.262083254425917
75,4,DEMAND,7.296488558048489,0.3,2.1889465674145465
49,4,DEMAND,66.43672390165077,0.3,19.931017170495227
104,4,DEMAND,28.19632966662073,0.3,8.458898899986218
84,4,DEMAND,7.333334744467978,0.3,2.200000423340393
86,4,DEMAND,21.711731886876592,0.3,6.513519566062977
99,4,DEMAND,21.398928442376494,0.3,6.419678532712948
120,4,DEMAND,10.464655187734,0.3,3.1393965563201998
72,4,DEMAND,20.564563678104182,0.3,6.169369103431254
53,4,DEMAND,10.928245787562936,0.3,3.278473736268881
31,4,DEMAND,21.342811725043227,0.3,6.402843517512967
102,4,DEMAND,20.03133316993854,0.3,6.009399950981562
33,4,DEMAND,14.61136682614712,0.3,4.383410047844136
26,4,DEMAND,17.312064605372708,0.3,5.193619381611812
68,4,DEMAND,14.290289827359906,0.3,4.287086948207972
47,4,DEMAND,40.989360227570465,0.3,12.296808068271138
48,4,DEMAND,67.9708526517385,0.3,20.39125579552155
36,4,DEMAND,27.14928474256831,0.3,8.144785422770493
90,4,DEMAND,18.354358809306017,0.3,5.506307642791805
56,4,DEMAND,15.98221486541634,0.3,4.794664459624902
23,4,DEMAND,14.62785518753854,0.3,4.388356556261562
117,4,DEMAND,16.920487615557775,0.3,5.076146284667332
29,4,DEMAND,27.16755770892154,0.3,8.150267312676462
74,4,DEMAND,8.417412392979294,0.3,2.525223717893788
30,4,DEMAND,17.390440079120506,0.3,5.217132023736151
38,4,DEMAND,21.1417255390294,0.3,6.34251766170882
67,4,DEMAND,18.688568170908283,0.3,5.606570451272485
80,4,DEMAND,25.76240119519637,0.3,7.7287203585589115
105,4,DEMAND,19.638488420189564,0.3,5.891546526056869
32,4,DEMAND,33.12801471556874,0.3,9.938404414670622
59,4,DEMAND,8.45708431339544,0.3,2.5371252940186317
100,4,DEMAND,25.493081116362113,0.3,7.647924334908634
37,4,DEMAND,22.829142912938888,0.3,6.848742873881666
28,4,DEMAND,14.966288934854871,0.3,4.489886680456461
95,4,DEMAND,10.959532837438294,0.3,3.287859851231488
93,4,DEMAND,7.750989060039103,0.3,2.3252967180117308
63,4,DEMAND,18.276027989193256,0.3,5.482808396757977
87,4,DEMAND,12.76618377742052,0.3,3.829855133226156
82,4,DEMAND,18.61637010613986,0.3,5.584911031841958
65,4,DEMAND,17.56028831267247,0.3,5.26808649380174
27,4,DEMAND,16.11328653644972,0.3,4.833985960934916
61,4,DEMAND,5.046751211379794,0.3,1.5140253634139382
66,4,DEMAND,18.46095470105772,0.3,5.5382864103173155
116,4,DEMAND,8.064766329808425,0.3,2.419429898942527
109,4,DEMAND,19.962237237179224,0.3,5.988671171153767
108,4,DEMAND,18.02817737127755,0.3,5.408453211383265
35,4,DEMAND,15.242028027327825,0.3,4.572608408198347
107,4,DEMAND,11.875101992057278,0.3,3.5625305976171835
54,4,DEMAND,14.481269514743447,0.3,4.344380854423034
96,4,DEMAND,7.111111360970765,0.3,2.133333408291229
73,4,DEMAND,12.813645940779772,0.3,3.8440937822339314
77,4,DEMAND,16.778958793630572,0.3,5.033687638089171
119,4,DEMAND,7.476930680712892,0.3,2.2430792042138674
112,4,DEMAND,9.464223310229066,0.3,2.8392669930687195
39,4,DEMAND,18.797850365025237,0.3,5.639355109507571
110,4,DEMAND,4.28167846058127,0.3,1.284503538174381
106,4,DEMAND,16.12041772544284,0.3,4.8361253176328525
97,4,DEMAND,28.11218058094571,0.3,8.433654174283713
70,4,DEMAND,14.01674278988375,0.3,4.205022836965125
79,4,DEMAND,12.244411980079027,0.3,3.673323594023708
60,4,DEMAND,16.832556140175743,0.3,5.049766842052723
94,4,DEMAND,7.244084615644571,0.3,2.1732253846933713
25,4,DEMAND,16.33991946988673,0.3,4.901975840966019
24,4,DEMAND,11.955976255815523,0.3,3.586792876744657
98,4,DEMAND,11.756286579602715,0.3,3.5268859738808147
69,4,DEMAND,11.65961064254934,0.3,3.497883192764802
111,4,DEMAND,16.00157540646425,0.3,4.800472621939275
103,4,DEMAND,7.4460143461390995,0.3,2.2338043038417297
71,4,DEMAND,8.68197645150202,0.3,2.604592935450606
81,4,DEMAND,12.65981695118352,0.3,3.797945085355056
115,4,DEMAND,6.017744974061693,0.3,1.8053234922185077
62,4,DEMAND,14.31546172615926,0.3,4.294638517847778
78,4,DEMAND,18.94547771436,0.3,5.683643314307999
114,4,DEMAND,7.291325206630079,0.3,2.1873975619890236
58,4,DEMAND,4.344381270793128,0.3,1.3033143812379382
88,4,DEMAND,11.575253218844548,0.3,3.4725759656533643
57,4,DEMAND,9.887008842337776,0.3,2.9661026527013328
64,4,DEMAND,16.137737554016795,0.3,4.841321266205038
92,4,DEMAND,7.359624983226726,0.3,2.2078874949680176
91,4,DEMAND,9.341563715276743,0.3,2.802469114583023
113,4,DEMAND,11.094034553479355,0.3,3.3282103660438067
76,4,DEMAND,11.006845799424532,0.3,3.3020537398273597
89,4,DEMAND,13.049440747556538,0.3,3.914832224266961
52,5,DEMAND,81.91400215185098,0.3,24.574200645555294
17,5,DEMAND,84.19563151742703,0.3,25.258689455228108
18,5,DEMAND,83.90716413798003,0.3,25.17214924139401
1,5,DEMAND,87.6022292064125,0.3,26.28066876192375
41,5,DEMAND,77.47988798654683,0.3,23.243966395964048
51,5,DEMAND,81.4210944538978,0.3,24.426328336169338
6,5,DEMAND,87.38216251229545,0.3,26.214648753688635
3,5,DEMAND,85.25427129578631,0.3,25.576281388735893
8,5,DEMAND,82.90648175569606,0.3,24.87194452670882
16,5,DEMAND,81.67623323190217,0.3,24.50286996957065
21,5,DEMAND,77.30244715997092,0.3,23.190734147991275
13,5,DEMAND,76.42289146108635,0.3,22.926867438325903
19,5,DEMAND,79.52184595510123,0.3,23.856553786530366
15,5,DEMAND,78.70443622098578,0.3,23.611330866295734
22,5,DEMAND,71.87918943173908,0.3,21.563756829521722
55,5,DEMAND,81.4428900553814,0.3,24.43286701661442
46,5,DEMAND,74.08624802038733,0.3,22.225874406116198
7,5,DEMAND,82.59772301336021,0.3,24.779316904008063
12,5,DEMAND,85.06347706061777,0.3,25.51904311818533
2,5,DEMAND,68.4505004436198,0.3,20.53515013308594
43,5,DEMAND,74.46981404558713,0.3,22.34094421367614
4,5,DEMAND,79.96308670038783,0.3,23.988926010116348
14,5,DEMAND,70.64759511121245,0.3,21.194278533363736
45,5,DEMAND,58.14848848902293,0.3,17.444546546706878
42,5,DEMAND,74.58245099791644,0.3,22.37473529937493
9,5,DEMAND,82.7308257509785,0.3,24.819247725293547
85,5,DEMAND,43.29782201230869,0.3,12.989346603692608
5,5,DEMAND,87.14192812249388,0.3,26.142578436748163
10,5,DEMAND,71.65019662988284,0.3,21.495058988964853
83,5,DEMAND,37.92414777824482,0.3,11.377244333473447
44,5,DEMAND,68.40005759787911,0.3,20.52001727936373
40,5,DEMAND,47.81917852664819,0.3,14.345753557994456
50,5,DEMAND,75.4680154266927,0.3,22.64040462800781
34,5,DEMAND,42.816218864989246,0.3,12.844865659496774
11,5,DEMAND,42.89072390910925,0.3,12.867217172732774
118,5,DEMAND,37.01435080470473,0.3,11.104305241411419
20,5,DEMAND,69.00053818014872,0.3,20.700161454044615
101,5,DEMAND,29.164324136281905,0.3,8.749297240884571
104,5,DEMAND,45.08711623010439,0.3,13.526134869031317
86,5,DEMAND,37.88118106978281,0.3,11.364354320934844
49,5,DEMAND,78.17944702511615,0.3,23.453834107534842
99,5,DEMAND,36.829666892811574,0.3,11.048900067843471
75,5,DEMAND,14.53466926098291,0.3,4.360400778294872
120,5,DEMAND,23.21086329223232,0.3,6.963258987669696
72,5,DEMAND,34.28102520936432,0.3,10.284307562809296
102,5,DEMAND,33.73710243610377,0.3,10.12113073083113
31,5,DEMAND,35.31964104157886,0.3,10.595892312473659
84,5,DEMAND,14.20796019085352,0.3,4.2623880572560555
26,5,DEMAND,31.53492363834645,0.3,9.460477091503934
33,5,DEMAND,28.06817900644637,0.3,8.42045370193391
68,5,DEMAND,25.921861744349457,0.3,7.776558523304836
36,5,DEMAND,43.599846127173066,0.3,13.07995383815192
47,5,DEMAND,56.37008785422183,0.3,16.911026356266547
48,5,DEMAND,79.77590936669027,0.3,23.93277281000708
90,5,DEMAND,32.69587520113523,0.3,9.808762560340568
29,5,DEMAND,43.64389291647248,0.3,13.093167874941743
23,5,DEMAND,28.198662186298797,0.3,8.45959865588964
56,5,DEMAND,29.23751751141315,0.3,8.771255253423945
80,5,DEMAND,42.72050649549018,0.3,12.816151948647052
117,5,DEMAND,31.211311216367186,0.3,9.363393364910156
53,5,DEMAND,12.3146700564655,0.3,3.6944010169396497
32,5,DEMAND,51.56921957080192,0.3,15.470765871240575
30,5,DEMAND,30.42134630265774,0.3,9.126403890797322
38,5,DEMAND,34.692055284757835,0.3,10.40761658542735
67,5,DEMAND,30.639883558817473,0.3,9.191965067645242
100,5,DEMAND,41.58039575567313,0.3,12.474118726701938
105,5,DEMAND,33.50188816593672,0.3,10.050566449781016
28,5,DEMAND,28.71123268485854,0.3,8.613369805457562
37,5,DEMAND,37.61733903205064,0.3,11.28520170961519
74,5,DEMAND,13.045085479837898,0.3,3.913525643951369
95,5,DEMAND,23.100998442840822,0.3,6.9302995328522465
59,5,DEMAND,16.387523881476167,0.3,4.916257164442849
63,5,DEMAND,29.148347142231337,0.3,8.7445041426694
93,5,DEMAND,17.419548871091248,0.3,5.225864661327374
27,5,DEMAND,28.39108888547748,0.3,8.517326665643244
87,5,DEMAND,23.54452499019063,0.3,7.063357497057189
65,5,DEMAND,28.007558295217137,0.3,8.40226748856514
61,5,DEMAND,16.436482825799622,0.3,4.9309448477398865
66,5,DEMAND,29.791852678062103,0.3,8.93755580341863
35,5,DEMAND,28.773545056452853,0.3,8.632063516935856
108,5,DEMAND,32.52817972878462,0.3,9.758453918635386
82,5,DEMAND,32.27749854461408,0.3,9.683249563384225
39,5,DEMAND,32.475890117327076,0.3,9.742767035198122
107,5,DEMAND,23.010175682640153,0.3,6.903052704792046
97,5,DEMAND,45.26507601000801,0.3,13.579522803002403
112,5,DEMAND,21.850326848157117,0.3,6.555098054447135
54,5,DEMAND,26.515914174612703,0.3,7.95477425238381
73,5,DEMAND,25.219719315390076,0.3,7.565915794617022
77,5,DEMAND,28.482292169974393,0.3,8.544687650992318
116,5,DEMAND,18.69755920497775,0.3,5.609267761493325
60,5,DEMAND,32.22660810630069,0.3,9.667982431890206
106,5,DEMAND,27.61664827004614,0.3,8.284994481013841
109,5,DEMAND,35.22377347191352,0.3,10.567132041574055
25,5,DEMAND,27.597392172697404,0.3,8.27921765180922
110,5,DEMAND,11.191571643799092,0.3,3.3574714931397276
111,5,DEMAND,30.629491269869725,0.3,9.188847380960917
69,5,DEMAND,22.839161761690217,0.3,6.851748528507065
24,5,DEMAND,23.040450429880465,0.3,6.912135128964139
119,5,DEMAND,18.04638555330533,0.3,5.413915665991599
81,5,DEMAND,24.949436726372205,0.3,7.484831017911661
96,5,DEMAND,7.417586662612363,0.3,2.225275998783709
98,5,DEMAND,19.075493965753537,0.3,5.722648189726061
94,5,DEMAND,9.111555195131082,0.3,2.7334665585393245
78,5,DEMAND,32.84455982311941,0.3,9.853367946935823
79,5,DEMAND,24.359969984497713,0.3,7.307990995349313
57,5,DEMAND,22.662079083098035,0.3,6.798623724929411
114,5,DEMAND,19.398430089314836,0.3,5.81952902679445
103,5,DEMAND,13.350202818683078,0.3,4.005060845604923
70,5,DEMAND,22.351023455648217,0.3,6.705307036694465
62,5,DEMAND,21.787231594550335,0.3,6.5361694783651005
88,5,DEMAND,20.0955435792156,0.3,6.0286630737646805
71,5,DEMAND,9.437428309688638,0.3,2.8312284929065914
64,5,DEMAND,26.01121855834628,0.3,7.803365567503883
92,5,DEMAND,16.389631509320257,0.3,4.9168894527960765
113,5,DEMAND,24.242401136692628,0.3,7.272720341007788
115,5,DEMAND,7.082669958723983,0.3,2.1248009876171947
58,5,DEMAND,8.36096931447584,0.3,2.5082907943427517
76,5,DEMAND,23.327543181009652,0.3,6.998262954302896
89,5,DEMAND,21.364684524522044,0.3,6.409405357356613
91,5,DEMAND,9.341563715276743,0.3,2.802469114583023
52,2,DEMAND,81.91400215185098,0.3,24.574200645555294
18,2,DEMAND,83.90716413798003,0.3,25.17214924139401
1,2,DEMAND,87.6022292064125,0.3,26.28066876192375
17,2,DEMAND,76.44915879637628,0.3,22.934747638912885
6,2,DEMAND,83.67415560065014,0.3,25.10224668019504
51,2,DEMAND,81.4210944538978,0.3,24.426328336169338
41,2,DEMAND,67.39266635560617,0.3,20.21779990668185
3,2,DEMAND,78.02095273354942,0.3,23.406285820064827
8,2,DEMAND,74.9933366812722,0.3,22.49800100438166
13,2,DEMAND,68.80186296150517,0.3,20.640558888451547
16,2,DEMAND,73.36267224708465,0.3,22.008801674125394
21,2,DEMAND,67.34304679112077,0.3,20.20291403733623
15,2,DEMAND,70.82627236247953,0.3,21.247881708743858
55,2,DEMAND,81.4428900553814,0.3,24.43286701661442
19,2,DEMAND,71.57963704087973,0.3,21.473891112263917
46,2,DEMAND,73.34336231043629,0.3,22.003008693130887
22,2,DEMAND,61.85590767747229,0.3,18.556772303241686
7,2,DEMAND,74.62298693517744,0.3,22.38689608055323
12,2,DEMAND,77.92370930311955,0.3,23.377112790935865
43,2,DEMAND,70.59934188555627,0.3,21.17980256566688
2,2,DEMAND,62.22919402828535,0.3,18.668758208485603
4,2,DEMAND,72.22443068411252,0.3,21.667329205233756
14,2,DEMAND,63.79760397381464,0.3,19.13928119214439
45,2,DEMAND,51.322172403868464,0.3,15.396651721160538
42,2,DEMAND,70.11332988616556,0.3,21.033998965849666
9,2,DEMAND,75.13225479354617,0.3,22.53967643806385
85,2,DEMAND,35.051889157763185,0.3,10.515566747328956
5,2,DEMAND,80.16765723811618,0.3,24.050297171434853
10,2,DEMAND,62.56865235869486,0.3,18.770595707608457
83,2,DEMAND,30.51963874667961,0.3,9.155891624003884
44,2,DEMAND,58.62939942242583,0.3,17.588819826727747
40,2,DEMAND,38.85182823582255,0.3,11.655548470746766
50,2,DEMAND,65.44111873863201,0.3,19.632335621589604
11,2,DEMAND,38.15855652609858,0.3,11.447566957829574
118,2,DEMAND,28.84687932542555,0.3,8.654063797627664
34,2,DEMAND,34.57087286074559,0.3,10.371261858223676
49,2,DEMAND,78.16209407470151,0.3,23.448628222410452
101,2,DEMAND,23.11180041973354,0.3,6.933540125920062
20,2,DEMAND,61.60374118078423,0.3,18.481122354235268
104,2,DEMAND,36.64172294836256,0.3,10.992516884508769
75,2,DEMAND,10.191878853787792,0.3,3.0575636561363373
86,2,DEMAND,29.796456478329706,0.3,8.938936943498911
99,2,DEMAND,29.114297667594037,0.3,8.734289300278212
84,2,DEMAND,9.921633146519287,0.3,2.976489943955786
120,2,DEMAND,16.83775923998316,0.3,5.051327771994948
72,2,DEMAND,27.191762276720752,0.3,8.157528683016226
102,2,DEMAND,26.656075744264648,0.3,7.996822723279394
31,2,DEMAND,28.146348386171013,0.3,8.443904515851303
26,2,DEMAND,24.423494121859584,0.3,7.327048236557875
33,2,DEMAND,21.33977291629675,0.3,6.401931874889025
48,2,DEMAND,79.75488973442346,0.3,23.926466920327037
68,2,DEMAND,19.64328715538016,0.3,5.8929861466140485
53,2,DEMAND,10.928245787562936,0.3,3.278473736268881
36,2,DEMAND,35.37456543487069,0.3,10.612369630461206
47,2,DEMAND,48.038766208971275,0.3,14.411629862691381
90,2,DEMAND,25.52511700522063,0.3,7.6575351015661886
23,2,DEMAND,21.41325868691867,0.3,6.423977606075601
29,2,DEMAND,35.405725312697015,0.3,10.621717593809104
56,2,DEMAND,22.513651791748092,0.3,6.754095537524427
117,2,DEMAND,24.065899415962477,0.3,7.2197698247887425
80,2,DEMAND,34.24145384534328,0.3,10.272436153602984
30,2,DEMAND,23.67819169957536,0.3,7.103457509872608
38,2,DEMAND,27.63066499858505,0.3,8.289199499575515
32,2,DEMAND,42.34861714318533,0.3,12.7045851429556
67,2,DEMAND,24.21811184775808,0.3,7.265433554327424
105,2,DEMAND,26.439007956666774,0.3,7.931702387000032
100,2,DEMAND,33.53673843601762,0.3,10.061021530805286
74,2,DEMAND,9.05183917805066,0.3,2.715551753415198
28,2,DEMAND,21.83876080985671,0.3,6.551628242957013
37,2,DEMAND,30.172422403772455,0.3,9.051726721131736
59,2,DEMAND,11.71356603935138,0.3,3.5140698118054137
95,2,DEMAND,16.85816663470208,0.3,5.057449990410624
63,2,DEMAND,23.599507669134184,0.3,7.079852300740255
93,2,DEMAND,12.251399701886328,0.3,3.675419910565898
87,2,DEMAND,17.80288719632449,0.3,5.340866158897347
27,2,DEMAND,21.887290372596624,0.3,6.566187111778987
65,2,DEMAND,22.750122265420863,0.3,6.825036679626259
61,2,DEMAND,10.588518801482122,0.3,3.1765556404446365
66,2,DEMAND,23.875226421292343,0.3,7.162567926387703
35,2,DEMAND,22.007786541890344,0.3,6.6023359625671025
108,2,DEMAND,25.278178550031093,0.3,7.583453565009328
82,2,DEMAND,25.30700322170148,0.3,7.5921009665104435
107,2,DEMAND,17.00181508727649,0.3,5.100544526182947
73,2,DEMAND,18.851693330550553,0.3,5.655507999165166
39,2,DEMAND,25.482981171698967,0.3,7.64489435150969
54,2,DEMAND,20.1614937583494,0.3,6.0484481275048205
112,2,DEMAND,15.657275079193091,0.3,4.697182523757927
116,2,DEMAND,12.937429050286596,0.3,3.8812287150859786
77,2,DEMAND,22.127558290806483,0.3,6.6382674872419445
97,2,DEMAND,36.68862829547686,0.3,11.006588488643057
106,2,DEMAND,21.380852214304184,0.3,6.414255664291255
109,2,DEMAND,27.593005354546374,0.3,8.277901606363912
60,2,DEMAND,24.529582123238217,0.3,7.358874636971465
110,2,DEMAND,6.49567113669864,0.3,1.948701341009592
96,2,DEMAND,7.111111360970765,0.3,2.133333408291229
25,2,DEMAND,21.59447768327202,0.3,6.478343304981606
119,2,DEMAND,12.346909029777004,0.3,3.704072708933101
24,2,DEMAND,17.04509325929383,0.3,5.113527977788149
69,2,DEMAND,16.794398900990622,0.3,5.038319670297186
111,2,DEMAND,23.31553333816699,0.3,6.994660001450097
94,2,DEMAND,7.244084615644571,0.3,2.1732253846933713
98,2,DEMAND,14.731177972754272,0.3,4.419353391826282
81,2,DEMAND,18.62379888369688,0.3,5.587139665109064
79,2,DEMAND,18.09508815759409,0.3,5.4285264472782275
70,2,DEMAND,17.848266175062925,0.3,5.354479852518877
78,2,DEMAND,25.8152880345841,0.3,7.74458641037523
71,2,DEMAND,8.68197645150202,0.3,2.604592935450606
103,2,DEMAND,9.190454510067312,0.3,2.7571363530201936
114,2,DEMAND,13.34487764797246,0.3,4.003463294391738
57,2,DEMAND,16.274543962717903,0.3,4.882363188815371
62,2,DEMAND,17.423016147345816,0.3,5.2269048442037445
88,2,DEMAND,15.568522271940893,0.3,4.6705566815822674
64,2,DEMAND,21.07447805618154,0.3,6.322343416854462
115,2,DEMAND,6.017744974061693,0.3,1.8053234922185077
58,2,DEMAND,4.447429757450675,0.3,1.3342289272352026
92,2,DEMAND,11.539990697102194,0.3,3.4619972091306583
113,2,DEMAND,17.66821784508599,0.3,5.300465353525797
76,2,DEMAND,17.08232284653186,0.3,5.124696853959557
91,2,DEMAND,9.341563715276743,0.3,2.802469114583023
89,2,DEMAND,16.88892719013028,0.3,5.0666781570390835
52,3,DEMAND,81.91400215185098,0.3,24.574200645555294
18,3,DEMAND,83.90716413798003,0.3,25.17214924139401
1,3,DEMAND,87.6022292064125,0.3,26.28066876192375
6,3,DEMAND,83.67415560065014,0.3,25.10224668019504
17,3,DEMAND,76.44915879637628,0.3,22.934747638912885
51,3,DEMAND,81.4210944538978,0.3,24.426328336169338
41,3,DEMAND,67.39266635560617,0.3,20.21779990668185
3,3,DEMAND,78.02095273354942,0.3,23.406285820064827
8,3,DEMAND,74.9933366812722,0.3,22.49800100438166
13,3,DEMAND,68.80186296150517,0.3,20.640558888451547
21,3,DEMAND,67.34304679112077,0.3,20.20291403733623
16,3,DEMAND,73.36267224708465,0.3,22.008801674125394
15,3,DEMAND,70.82627236247953,0.3,21.247881708743858
19,3,DEMAND,71.57963704087973,0.3,21.473891112263917
55,3,DEMAND,81.4428900553814,0.3,24.43286701661442
46,3,DEMAND,73.34336231043629,0.3,22.003008693130887
22,3,DEMAND,61.85590767747229,0.3,18.556772303241686
7,3,DEMAND,74.62298693517744,0.3,22.38689608055323
2,3,DEMAND,62.22919402828535,0.3,18.668758208485603
12,3,DEMAND,77.92370930311955,0.3,23.377112790935865
4,3,DEMAND,72.22443068411252,0.3,21.667329205233756
43,3,DEMAND,70.59934188555627,0.3,21.17980256566688
14,3,DEMAND,63.79760397381464,0.3,19.13928119214439
45,3,DEMAND,51.322172403868464,0.3,15.396651721160538
42,3,DEMAND,70.11332988616556,0.3,21.033998965849666
9,3,DEMAND,75.13225479354617,0.3,22.53967643806385
5,3,DEMAND,80.16765723811618,0.3,24.050297171434853
85,3,DEMAND,35.051889157763185,0.3,10.515566747328956
10,3,DEMAND,62.56865235869486,0.3,18.770595707608457
83,3,DEMAND,30.51963874667961,0.3,9.155891624003884
44,3,DEMAND,58.62939942242583,0.3,17.588819826727747
11,3,DEMAND,38.15855652609858,0.3,11.447566957829574
50,3,DEMAND,65.44111873863201,0.3,19.632335621589604
40,3,DEMAND,38.85182823582255,0.3,11.655548470746766
20,3,DEMAND,61.60374118078423,0.3,18.481122354235268
49,3,DEMAND,78.16209407470151,0.3,23.448628222410452
118,3,DEMAND,28.84687932542555,0.3,8.654063797627664
104,3,DEMAND,36.64172294836256,0.3,10.992516884508769
34,3,DEMAND,34.57087286074559,0.3,10.371261858223676
101,3,DEMAND,23.11180041973354,0.3,6.933540125920062
75,3,DEMAND,10.191878853787792,0.3,3.0575636561363373
86,3,DEMAND,29.796456478329706,0.3,8.938936943498911
99,3,DEMAND,29.114297667594037,0.3,8.734289300278212
72,3,DEMAND,27.191762276720752,0.3,8.157528683016226
31,3,DEMAND,28.146348386171013,0.3,8.443904515851303
120,3,DEMAND,16.83775923998316,0.3,5.051327771994948
48,3,DEMAND,79.75488973442346,0.3,23.926466920327037
68,3,DEMAND,19.64328715538016,0.3,5.8929861466140485
84,3,DEMAND,9.921633146519287,0.3,2.976489943955786
102,3,DEMAND,26.656075744264648,0.3,7.996822723279394
26,3,DEMAND,24.423494121859584,0.3,7.327048236557875
36,3,DEMAND,35.37456543487069,0.3,10.612369630461206
33,3,DEMAND,21.33977291629675,0.3,6.401931874889025
53,3,DEMAND,10.928245787562936,0.3,3.278473736268881
47,3,DEMAND,48.038766208971275,0.3,14.411629862691381
90,3,DEMAND,25.52511700522063,0.3,7.6575351015661886
29,3,DEMAND,35.405725312697015,0.3,10.621717593809104
23,3,DEMAND,21.41325868691867,0.3,6.423977606075601
56,3,DEMAND,22.513651791748092,0.3,6.754095537524427
30,3,DEMAND,23.67819169957536,0.3,7.103457509872608
67,3,DEMAND,24.21811184775808,0.3,7.265433554327424
32,3,DEMAND,42.34861714318533,0.3,12.7045851429556
80,3,DEMAND,34.24145384534328,0.3,10.272436153602984
38,3,DEMAND,27.63066499858505,0.3,8.289199499575515
117,3,DEMAND,24.065899415962477,0.3,7.2197698247887425
105,3,DEMAND,26.439007956666774,0.3,7.931702387000032
74,3,DEMAND,9.05183917805066,0.3,2.715551753415198
28,3,DEMAND,21.83876080985671,0.3,6.551628242957013
100,3,DEMAND,33.53673843601762,0.3,10.061021530805286
37,3,DEMAND,30.172422403772455,0.3,9.051726721131736
95,3,DEMAND,16.85816663470208,0.3,5.057449990410624
63,3,DEMAND,23.599507669134184,0.3,7.079852300740255
27,3,DEMAND,21.887290372596624,0.3,6.566187111778987
93,3,DEMAND,12.251399701886328,0.3,3.675419910565898
65,3,DEMAND,22.750122265420863,0.3,6.825036679626259
87,3,DEMAND,17.80288719632449,0.3,5.340866158897347
59,3,DEMAND,11.71356603935138,0.3,3.5140698118054137
66,3,DEMAND,23.875226421292343,0.3,7.162567926387703
61,3,DEMAND,10.588518801482122,0.3,3.1765556404446365
112,3,DEMAND,15.657275079193091,0.3,4.697182523757927
73,3,DEMAND,18.851693330550553,0.3,5.655507999165166
108,3,DEMAND,25.278178550031093,0.3,7.583453565009328
77,3,DEMAND,22.127558290806483,0.3,6.6382674872419445
54,3,DEMAND,20.1614937583494,0.3,6.0484481275048205
107,3,DEMAND,17.00181508727649,0.3,5.100544526182947
39,3,DEMAND,25.482981171698967,0.3,7.64489435150969
35,3,DEMAND,22.007786541890344,0.3,6.6023359625671025
82,3,DEMAND,25.30700322170148,0.3,7.5921009665104435
97,3,DEMAND,36.68862829547686,0.3,11.006588488643057
60,3,DEMAND,24.529582123238217,0.3,7.358874636971465
106,3,DEMAND,21.380852214304184,0.3,6.414255664291255
116,3,DEMAND,12.937429050286596,0.3,3.8812287150859786
25,3,DEMAND,21.59447768327202,0.3,6.478343304981606
110,3,DEMAND,6.49567113669864,0.3,1.948701341009592
96,3,DEMAND,7.111111360970765,0.3,2.133333408291229
111,3,DEMAND,23.31553333816699,0.3,6.994660001450097
109,3,DEMAND,27.593005354546374,0.3,8.277901606363912
69,3,DEMAND,16.794398900990622,0.3,5.038319670297186
24,3,DEMAND,17.04509325929383,0.3,5.113527977788149
81,3,DEMAND,18.62379888369688,0.3,5.587139665109064
94,3,DEMAND,7.244084615644571,0.3,2.1732253846933713
119,3,DEMAND,12.346909029777004,0.3,3.704072708933101
98,3,DEMAND,14.731177972754272,0.3,4.419353391826282
71,3,DEMAND,8.68197645150202,0.3,2.604592935450606
78,3,DEMAND,25.8152880345841,0.3,7.74458641037523
79,3,DEMAND,18.09508815759409,0.3,5.4285264472782275
70,3,DEMAND,17.848266175062925,0.3,5.354479852518877
62,3,DEMAND,17.423016147345816,0.3,5.2269048442037445
114,3,DEMAND,13.34487764797246,0.3,4.003463294391738
57,3,DEMAND,16.274543962717903,0.3,4.882363188815371
88,3,DEMAND,15.568522271940893,0.3,4.6705566815822674
64,3,DEMAND,21.07447805618154,0.3,6.322343416854462
103,3,DEMAND,9.190454510067312,0.3,2.7571363530201936
115,3,DEMAND,6.017744974061693,0.3,1.8053234922185077
113,3,DEMAND,17.66821784508599,0.3,5.300465353525797
92,3,DEMAND,11.539990697102194,0.3,3.4619972091306583
58,3,DEMAND,4.447429757450675,0.3,1.3342289272352026
76,3,DEMAND,17.08232284653186,0.3,5.124696853959557
91,3,DEMAND,9.341563715276743,0.3,2.802469114583023
89,3,DEMAND,16.88892719013028,0.3,5.0666781570390835
52,6,DEMAND,81.91400215185098,0.3,24.574200645555294
18,6,DEMAND,83.90716413798003,0.3,25.17214924139401
1,6,DEMAND,87.6022292064125,0.3,26.28066876192375
17,6,DEMAND,76.44915879637628,0.3,22.934747638912885
6,6,DEMAND,83.67415560065014,0.3,25.10224668019504
41,6,DEMAND,67.39266635560617,0.3,20.21779990668185
3,6,DEMAND,78.02095273354942,0.3,23.406285820064827
51,6,DEMAND,81.4210944538978,0.3,24.426328336169338
8,6,DEMAND,74.9933366812722,0.3,22.49800100438166
13,6,DEMAND,68.80186296150517,0.3,20.640558888451547
16,6,DEMAND,73.36267224708465,0.3,22.008801674125394
21,6,DEMAND,67.34304679112077,0.3,20.20291403733623
15,6,DEMAND,70.82627236247953,0.3,21.247881708743858
19,6,DEMAND,71.57963704087973,0.3,21.473891112263917
55,6,DEMAND,81.4428900553814,0.3,24.43286701661442
46,6,DEMAND,73.34336231043629,0.3,22.003008693130887
22,6,DEMAND,61.85590767747229,0.3,18.556772303241686
7,6,DEMAND,74.62298693517744,0.3,22.38689608055323
43,6,DEMAND,70.59934188555627,0.3,21.17980256566688
12,6,DEMAND,77.92370930311955,0.3,23.377112790935865
2,6,DEMAND,62.22919402828535,0.3,18.668758208485603
4,6,DEMAND,72.22443068411252,0.3,21.667329205233756
14,6,DEMAND,63.79760397381464,0.3,19.13928119214439
45,6,DEMAND,51.322172403868464,0.3,15.396651721160538
42,6,DEMAND,70.11332988616556,0.3,21.033998965849666
9,6,DEMAND,75.13225479354617,0.3,22.53967643806385
85,6,DEMAND,35.051889157763185,0.3,10.515566747328956
5,6,DEMAND,80.16765723811618,0.3,24.050297171434853
10,6,DEMAND,62.56865235869486,0.3,18.770595707608457
83,6,DEMAND,30.51963874667961,0.3,9.155891624003884
44,6,DEMAND,58.62939942242583,0.3,17.588819826727747
40,6,DEMAND,38.85182823582255,0.3,11.655548470746766
50,6,DEMAND,65.44111873863201,0.3,19.632335621589604
11,6,DEMAND,38.15855652609858,0.3,11.447566957829574
34,6,DEMAND,34.57087286074559,0.3,10.371261858223676
118,6,DEMAND,28.84687932542555,0.3,8.654063797627664
49,6,DEMAND,78.16209407470151,0.3,23.448628222410452
101,6,DEMAND,23.11180041973354,0.3,6.933540125920062
20,6,DEMAND,61.60374118078423,0.3,18.481122354235268
104,6,DEMAND,36.64172294836256,0.3,10.992516884508769
86,6,DEMAND,29.796456478329706,0.3,8.938936943498911
75,6,DEMAND,10.191878853787792,0.3,3.0575636561363373
99,6,DEMAND,29.114297667594037,0.3,8.734289300278212
120,6,DEMAND,16.83775923998316,0.3,5.051327771994948
84,6,DEMAND,9.921633146519287,0.3,2.976489943955786
72,6,DEMAND,27.191762276720752,0.3,8.157528683016226
102,6,DEMAND,26.656075744264648,0.3,7.996822723279394
31,6,DEMAND,28.146348386171013,0.3,8.443904515851303
26,6,DEMAND,24.423494121859584,0.3,7.327048236557875
33,6,DEMAND,21.33977291629675,0.3,6.401931874889025
48,6,DEMAND,79.75488973442346,0.3,23.926466920327037
68,6,DEMAND,19.64328715538016,0.3,5.8929861466140485
53,6,DEMAND,10.928245787562936,0.3,3.278473736268881
36,6,DEMAND,35.37456543487069,0.3,10.612369630461206
47,6,DEMAND,48.038766208971275,0.3,14.411629862691381
90,6,DEMAND,25.52511700522063,0.3,7.6575351015661886
23,6,DEMAND,21.41325868691867,0.3,6.423977606075601
29,6,DEMAND,35.405725312697015,0.3,10.621717593809104
56,6,DEMAND,22.513651791748092,0.3,6.754095537524427
117,6,DEMAND,24.065899415962477,0.3,7.2197698247887425
80,6,DEMAND,34.24145384534328,0.3,10.272436153602984
30,6,DEMAND,23.67819169957536,0.3,7.103457509872608
32,6,DEMAND,42.34861714318533,0.3,12.7045851429556
38,6,DEMAND,27.63066499858505,0.3,8.289199499575515
67,6,DEMAND,24.21811184775808,0.3,7.265433554327424
105,6,DEMAND,26.439007956666774,0.3,7.931702387000032
100,6,DEMAND,33.53673843601762,0.3,10.061021530805286
74,6,DEMAND,9.05183917805066,0.3,2.715551753415198
28,6,DEMAND,21.83876080985671,0.3,6.551628242957013
37,6,DEMAND,30.172422403772455,0.3,9.051726721131736
59,6,DEMAND,11.71356603935138,0.3,3.5140698118054137
95,6,DEMAND,16.85816663470208,0.3,5.057449990410624
93,6,DEMAND,12.251399701886328,0.3,3.675419910565898
63,6,DEMAND,23.599507669134184,0.3,7.079852300740255
87,6,DEMAND,17.80288719632449,0.3,5.340866158897347
27,6,DEMAND,21.887290372596624,0.3,6.566187111778987
65,6,DEMAND,22.750122265420863,0.3,6.825036679626259
61,6,DEMAND,10.588518801482122,0.3,3.1765556404446365
66,6,DEMAND,23.875226421292343,0.3,7.162567926387703
35,6,DEMAND,22.007786541890344,0.3,6.6023359625671025
108,6,DEMAND,25.278178550031093,0.3,7.583453565009328
82,6,DEMAND,25.30700322170148,0.3,7.5921009665104435
107,6,DEMAND,17.00181508727649,0.3,5.100544526182947
54,6,DEMAND,20.1614937583494,0.3,6.0484481275048205
39,6,DEMAND,25.482981171698967,0.3,7.64489435150969
73,6,DEMAND,18.851693330550553,0.3,5.655507999165166
116,6,DEMAND,12.937429050286596,0.3,3.8812287150859786
77,6,DEMAND,22.127558290806483,0.3,6.6382674872419445
97,6,DEMAND,36.68862829547686,0.3,11.006588488643057
106,6,DEMAND,21.380852214304184,0.3,6.414255664291255
60,6,DEMAND,24.529582123238217,0.3,7.358874636971465
109,6,DEMAND,27.593005354546374,0.3,8.277901606363912
112,6,DEMAND,15.657275079193091,0.3,4.697182523757927
25,6,DEMAND,21.59447768327202,0.3,6.478343304981606
96,6,DEMAND,7.111111360970765,0.3,2.133333408291229
119,6,DEMAND,12.346909029777004,0.3,3.704072708933101
24,6,DEMAND,17.04509325929383,0.3,5.113527977788149
69,6,DEMAND,16.794398900990622,0.3,5.038319670297186
94,6,DEMAND,7.244084615644571,0.3,2.1732253846933713
98,6,DEMAND,14.731177972754272,0.3,4.419353391826282
81,6,DEMAND,18.62379888369688,0.3,5.587139665109064
79,6,DEMAND,18.09508815759409,0.3,5.4285264472782275
110,6,DEMAND,6.49567113669864,0.3,1.948701341009592
70,6,DEMAND,17.848266175062925,0.3,5.354479852518877
111,6,DEMAND,23.31553333816699,0.3,6.994660001450097
78,6,DEMAND,25.8152880345841,0.3,7.74458641037523
71,6,DEMAND,8.68197645150202,0.3,2.604592935450606
103,6,DEMAND,9.190454510067312,0.3,2.7571363530201936
57,6,DEMAND,16.274543962717903,0.3,4.882363188815371
62,6,DEMAND,17.423016147345816,0.3,5.2269048442037445
88,6,DEMAND,15.568522271940893,0.3,4.6705566815822674
114,6,DEMAND,13.34487764797246,0.3,4.003463294391738
64,6,DEMAND,21.07447805618154,0.3,6.322343416854462
115,6,DEMAND,6.017744974061693,0.3,1.8053234922185077
58,6,DEMAND,4.447429757450675,0.3,1.3342289272352026
92,6,DEMAND,11.539990697102194,0.3,3.4619972091306583
76,6,DEMAND,17.08232284653186,0.3,5.124696853959557
113,6,DEMAND,17.66821784508599,0.3,5.300465353525797
91,6,DEMAND,9.341563715276743,0.3,2.802469114583023
89,6,DEMAND,16.88892719013028,0.3,5.0666781570390835
52,7,DEMAND,81.91400215185098,0.4,32.76560086074039
18,7,DEMAND,83.90716413798003,0.4,33.56286565519201
1,7,DEMAND,87.6022292064125,0.4,35.040891682565004
51,7,DEMAND,81.4210944538978,0.4,32.56843778155912
6,7,DEMAND,83.67415560065014,0.4,33.46966224026006
17,7,DEMAND,76.44915879637628,0.4,30.579663518550515
3,7,DEMAND,78.02095273354942,0.4,31.20838109341977
41,7,DEMAND,67.39266635560617,0.4,26.95706654224247
55,7,DEMAND,81.4428900553814,0.4,32.57715602215256
8,7,DEMAND,74.9933366812722,0.4,29.99733467250888
16,7,DEMAND,73.36267224708465,0.4,29.34506889883386
19,7,DEMAND,71.57963704087973,0.4,28.631854816351893
15,7,DEMAND,70.82627236247953,0.4,28.330508944991813
13,7,DEMAND,68.80186296150517,0.4,27.520745184602067
46,7,DEMAND,73.34336231043629,0.4,29.337344924174516
21,7,DEMAND,67.34304679112077,0.4,26.93721871644831
22,7,DEMAND,61.85590767747229,0.4,24.742363070988915
12,7,DEMAND,77.92370930311955,0.4,31.169483721247822
7,7,DEMAND,74.62298693517744,0.4,29.849194774070977
43,7,DEMAND,70.59934188555627,0.4,28.23973675422251
4,7,DEMAND,72.22443068411252,0.4,28.889772273645008
2,7,DEMAND,62.22919402828535,0.4,24.89167761131414
14,7,DEMAND,63.79760397381464,0.4,25.519041589525855
42,7,DEMAND,70.11332988616556,0.4,28.045331954466224
5,7,DEMAND,80.16765723811618,0.4,32.06706289524647
9,7,DEMAND,75.13225479354617,0.4,30.052901917418467
10,7,DEMAND,62.56865235869486,0.4,25.027460943477948
45,7,DEMAND,51.322172403868464,0.4,20.52886896154739
50,7,DEMAND,65.44111873863201,0.4,26.176447495452805
44,7,DEMAND,58.62939942242583,0.4,23.451759768970334
49,7,DEMAND,78.16209407470151,0.4,31.264837629880606
85,7,DEMAND,35.051889157763185,0.4,14.020755663105275
40,7,DEMAND,38.85182823582255,0.4,15.54073129432902
83,7,DEMAND,30.51963874667961,0.4,12.207855498671845
48,7,DEMAND,79.75488973442346,0.4,31.901955893769383
20,7,DEMAND,61.60374118078423,0.4,24.641496472313694
34,7,DEMAND,34.57087286074559,0.4,13.828349144298237
11,7,DEMAND,38.15855652609858,0.4,15.263422610439433
118,7,DEMAND,28.84687932542555,0.4,11.53875173017022
104,7,DEMAND,36.64172294836256,0.4,14.656689179345026
101,7,DEMAND,23.11180041973354,0.4,9.244720167893417
86,7,DEMAND,29.796456478329706,0.4,11.918582591331884
47,7,DEMAND,48.038766208971275,0.4,19.215506483588513
99,7,DEMAND,29.114297667594037,0.4,11.645719067037616
33,7,DEMAND,21.33977291629675,0.4,8.5359091665187
72,7,DEMAND,27.191762276720752,0.4,10.876704910688302
102,7,DEMAND,26.656075744264648,0.4,10.66243029770586
31,7,DEMAND,28.146348386171013,0.4,11.258539354468406
120,7,DEMAND,16.83775923998316,0.4,6.735103695993264
84,7,DEMAND,9.921633146519287,0.4,3.968653258607715
36,7,DEMAND,35.37456543487069,0.4,14.149826173948277
75,7,DEMAND,10.191878853787792,0.4,4.076751541515117
32,7,DEMAND,42.34861714318533,0.4,16.93944685727413
80,7,DEMAND,34.24145384534328,0.4,13.696581538137313
26,7,DEMAND,24.423494121859584,0.4,9.769397648743833
100,7,DEMAND,33.53673843601762,0.4,13.41469537440705
29,7,DEMAND,35.405725312697015,0.4,14.162290125078806
117,7,DEMAND,24.065899415962477,0.4,9.626359766384992
56,7,DEMAND,22.513651791748092,0.4,9.005460716699238
90,7,DEMAND,25.52511700522063,0.4,10.210046802088252
53,7,DEMAND,10.928245787562936,0.4,4.371298315025174
68,7,DEMAND,19.64328715538016,0.4,7.857314862152065
38,7,DEMAND,27.63066499858505,0.4,11.05226599943402
30,7,DEMAND,23.67819169957536,0.4,9.471276679830146
105,7,DEMAND,26.439007956666774,0.4,10.575603182666711
37,7,DEMAND,30.172422403772455,0.4,12.068968961508983
23,7,DEMAND,21.41325868691867,0.4,8.565303474767468
67,7,DEMAND,24.21811184775808,0.4,9.687244739103233
59,7,DEMAND,11.71356603935138,0.4,4.685426415740552
28,7,DEMAND,21.83876080985671,0.4,8.735504323942683
82,7,DEMAND,25.30700322170148,0.4,10.122801288680591
97,7,DEMAND,36.68862829547686,0.4,14.675451318190746
95,7,DEMAND,16.85816663470208,0.4,6.743266653880832
108,7,DEMAND,25.278178550031093,0.4,10.111271420012438
35,7,DEMAND,22.007786541890344,0.4,8.803114616756138
63,7,DEMAND,23.599507669134184,0.4,9.439803067653674
74,7,DEMAND,9.05183917805066,0.4,3.620735671220264
109,7,DEMAND,27.593005354546374,0.4,11.03720214181855
66,7,DEMAND,23.875226421292343,0.4,9.550090568516937
54,7,DEMAND,20.1614937583494,0.4,8.06459750333976
27,7,DEMAND,21.887290372596624,0.4,8.75491614903865
39,7,DEMAND,25.482981171698967,0.4,10.193192468679587
87,7,DEMAND,17.80288719632449,0.4,7.121154878529797
65,7,DEMAND,22.750122265420863,0.4,9.100048906168345
93,7,DEMAND,12.251399701886328,0.4,4.900559880754532
60,7,DEMAND,24.529582123238217,0.4,9.811832849295287
77,7,DEMAND,22.127558290806483,0.4,8.851023316322594
107,7,DEMAND,17.00181508727649,0.4,6.800726034910596
61,7,DEMAND,10.588518801482122,0.4,4.235407520592849
116,7,DEMAND,12.937429050286596,0.4,5.174971620114639
106,7,DEMAND,21.380852214304184,0.4,8.552340885721675
73,7,DEMAND,18.851693330550553,0.4,7.540677332220222
112,7,DEMAND,15.657275079193091,0.4,6.262910031677237
79,7,DEMAND,18.09508815759409,0.4,7.238035263037637
111,7,DEMAND,23.31553333816699,0.4,9.326213335266797
78,7,DEMAND,25.8152880345841,0.4,10.32611521383364
25,7,DEMAND,21.59447768327202,0.4,8.63779107330881
119,7,DEMAND,12.346909029777004,0.4,4.938763611910802
110,7,DEMAND,6.49567113669864,0.4,2.598268454679456
98,7,DEMAND,14.731177972754272,0.4,5.892471189101709
70,7,DEMAND,17.848266175062925,0.4,7.13930647002517
81,7,DEMAND,18.62379888369688,0.4,7.449519553478753
24,7,DEMAND,17.04509325929383,0.4,6.8180373037175315
69,7,DEMAND,16.794398900990622,0.4,6.717759560396249
96,7,DEMAND,7.111111360970765,0.4,2.844444544388306
94,7,DEMAND,7.244084615644571,0.4,2.8976338462578286
103,7,DEMAND,9.190454510067312,0.4,3.6761818040269247
57,7,DEMAND,16.274543962717903,0.4,6.509817585087162
114,7,DEMAND,13.34487764797246,0.4,5.337951059188985
62,7,DEMAND,17.423016147345816,0.4,6.969206458938327
64,7,DEMAND,21.07447805618154,0.4,8.429791222472616
71,7,DEMAND,8.68197645150202,0.4,3.472790580600808
88,7,DEMAND,15.568522271940893,0.4,6.227408908776358
113,7,DEMAND,17.66821784508599,0.4,7.067287138034397
92,7,DEMAND,11.539990697102194,0.4,4.6159962788408775
76,7,DEMAND,17.08232284653186,0.4,6.832929138612744
58,7,DEMAND,4.447429757450675,0.4,1.7789719029802702
115,7,DEMAND,6.017744974061693,0.4,2.4070979896246776
89,7,DEMAND,16.88892719013028,0.4,6.755570876052111
91,7,DEMAND,9.341563715276743,0.4,3.7366254861106976
18,10,DEMAND,83.90716413798003,0.2,16.781432827596007
52,10,DEMAND,81.91400215185098,0.2,16.382800430370196
1,10,DEMAND,87.6022292064125,0.2,17.520445841282502
6,10,DEMAND,83.67415560065014,0.2,16.73483112013003
17,10,DEMAND,76.44915879637628,0.2,15.289831759275257
41,10,DEMAND,67.39266635560617,0.2,13.478533271121234
8,10,DEMAND,74.9933366812722,0.2,14.99866733625444
13,10,DEMAND,68.80186296150517,0.2,13.760372592301033
3,10,DEMAND,78.02095273354942,0.2,15.604190546709885
21,10,DEMAND,67.34304679112077,0.2,13.468609358224155
22,10,DEMAND,61.85590767747229,0.2,12.371181535494458
15,10,DEMAND,70.82627236247953,0.2,14.165254472495906
19,10,DEMAND,71.57963704087973,0.2,14.315927408175947
16,10,DEMAND,73.36267224708465,0.2,14.67253444941693
51,10,DEMAND,81.4210944538978,0.2,16.28421889077956
7,10,DEMAND,74.62298693517744,0.2,14.924597387035488
46,10,DEMAND,73.34336231043629,0.2,14.668672462087258
2,10,DEMAND,62.22919402828535,0.2,12.44583880565707
4,10,DEMAND,72.22443068411252,0.2,14.444886136822504
55,10,DEMAND,81.4428900553814,0.2,16.28857801107628
45,10,DEMAND,51.322172403868464,0.2,10.264434480773694
43,10,DEMAND,70.59934188555627,0.2,14.119868377111255
14,10,DEMAND,63.79760397381464,0.2,12.759520794762928
12,10,DEMAND,77.92370930311955,0.2,15.584741860623911
83,10,DEMAND,30.51963874667961,0.2,6.103927749335923
9,10,DEMAND,75.13225479354617,0.2,15.026450958709233
85,10,DEMAND,35.051889157763185,0.2,7.0103778315526375
42,10,DEMAND,70.11332988616556,0.2,14.022665977233112
44,10,DEMAND,58.62939942242583,0.2,11.725879884485167
40,10,DEMAND,38.85182823582255,0.2,7.77036564716451
5,10,DEMAND,80.16765723811618,0.2,16.033531447623236
118,10,DEMAND,28.84687932542555,0.2,5.76937586508511
10,10,DEMAND,62.56865235869486,0.2,12.513730471738974
75,10,DEMAND,10.191878853787792,0.2,2.0383757707575585
101,10,DEMAND,23.11180041973354,0.2,4.622360083946709
84,10,DEMAND,9.921633146519287,0.2,1.9843266293038575
11,10,DEMAND,38.15855652609858,0.2,7.631711305219716
34,10,DEMAND,34.57087286074559,0.2,6.914174572149118
104,10,DEMAND,36.64172294836256,0.2,7.328344589672513
72,10,DEMAND,27.191762276720752,0.2,5.438352455344151
50,10,DEMAND,65.44111873863201,0.2,13.088223747726403
120,10,DEMAND,16.83775923998316,0.2,3.367551847996632
68,10,DEMAND,19.64328715538016,0.2,3.9286574310760325
99,10,DEMAND,29.114297667594037,0.2,5.822859533518808
20,10,DEMAND,61.60374118078423,0.2,12.320748236156847
102,10,DEMAND,26.656075744264648,0.2,5.33121514885293
26,10,DEMAND,24.423494121859584,0.2,4.884698824371917
86,10,DEMAND,29.796456478329706,0.2,5.959291295665942
33,10,DEMAND,21.33977291629675,0.2,4.26795458325935
31,10,DEMAND,28.146348386171013,0.2,5.629269677234203
90,10,DEMAND,25.52511700522063,0.2,5.105023401044126
53,10,DEMAND,10.928245787562936,0.2,2.185649157512587
49,10,DEMAND,78.16209407470151,0.2,15.632418814940303
29,10,DEMAND,35.405725312697015,0.2,7.081145062539403
36,10,DEMAND,35.37456543487069,0.2,7.074913086974139
23,10,DEMAND,21.41325868691867,0.2,4.282651737383734
30,10,DEMAND,23.67819169957536,0.2,4.735638339915073
67,10,DEMAND,24.21811184775808,0.2,4.843622369551617
117,10,DEMAND,24.065899415962477,0.2,4.813179883192496
56,10,DEMAND,22.513651791748092,0.2,4.502730358349619
47,10,DEMAND,48.038766208971275,0.2,9.607753241794256
95,10,DEMAND,16.85816663470208,0.2,3.371633326940416
80,10,DEMAND,34.24145384534328,0.2,6.848290769068656
48,10,DEMAND,79.75488973442346,0.2,15.950977946884692
28,10,DEMAND,21.83876080985671,0.2,4.3677521619713415
74,10,DEMAND,9.05183917805066,0.2,1.810367835610132
32,10,DEMAND,42.34861714318533,0.2,8.469723428637066
63,10,DEMAND,23.599507669134184,0.2,4.719901533826837
38,10,DEMAND,27.63066499858505,0.2,5.52613299971701
59,10,DEMAND,11.71356603935138,0.2,2.342713207870276
87,10,DEMAND,17.80288719632449,0.2,3.5605774392648986
105,10,DEMAND,26.439007956666774,0.2,5.287801591333356
100,10,DEMAND,33.53673843601762,0.2,6.707347687203525
37,10,DEMAND,30.172422403772455,0.2,6.034484480754491
65,10,DEMAND,22.750122265420863,0.2,4.5500244530841725
93,10,DEMAND,12.251399701886328,0.2,2.450279940377266
27,10,DEMAND,21.887290372596624,0.2,4.377458074519325
61,10,DEMAND,10.588518801482122,0.2,2.1177037602964246
112,10,DEMAND,15.657275079193091,0.2,3.1314550158386183
66,10,DEMAND,23.875226421292343,0.2,4.775045284258469
106,10,DEMAND,21.380852214304184,0.2,4.276170442860837
107,10,DEMAND,17.00181508727649,0.2,3.400363017455298
108,10,DEMAND,25.278178550031093,0.2,5.055635710006219
77,10,DEMAND,22.127558290806483,0.2,4.425511658161297
35,10,DEMAND,22.007786541890344,0.2,4.401557308378069
54,10,DEMAND,20.1614937583494,0.2,4.03229875166988
73,10,DEMAND,18.851693330550553,0.2,3.770338666110111
110,10,DEMAND,6.49567113669864,0.2,1.299134227339728
98,10,DEMAND,14.731177972754272,0.2,2.9462355945508545
39,10,DEMAND,25.482981171698967,0.2,5.096596234339794
25,10,DEMAND,21.59447768327202,0.2,4.318895536654405
60,10,DEMAND,24.529582123238217,0.2,4.905916424647644
69,10,DEMAND,16.794398900990622,0.2,3.3588797801981247
116,10,DEMAND,12.937429050286596,0.2,2.5874858100573195
96,10,DEMAND,7.111111360970765,0.2,1.422222272194153
71,10,DEMAND,8.68197645150202,0.2,1.736395290300404
82,10,DEMAND,25.30700322170148,0.2,5.061400644340296
24,10,DEMAND,17.04509325929383,0.2,3.4090186518587657
94,10,DEMAND,7.244084615644571,0.2,1.4488169231289143
97,10,DEMAND,36.68862829547686,0.2,7.337725659095373
109,10,DEMAND,27.593005354546374,0.2,5.518601070909275
88,10,DEMAND,15.568522271940893,0.2,3.113704454388179
57,10,DEMAND,16.274543962717903,0.2,3.254908792543581
111,10,DEMAND,23.31553333816699,0.2,4.663106667633398
119,10,DEMAND,12.346909029777004,0.2,2.469381805955401
81,10,DEMAND,18.62379888369688,0.2,3.7247597767393765
78,10,DEMAND,25.8152880345841,0.2,5.16305760691682
79,10,DEMAND,18.09508815759409,0.2,3.6190176315188185
103,10,DEMAND,9.190454510067312,0.2,1.8380909020134624
62,10,DEMAND,17.423016147345816,0.2,3.4846032294691636
114,10,DEMAND,13.34487764797246,0.2,2.6689755295944924
64,10,DEMAND,21.07447805618154,0.2,4.214895611236308
70,10,DEMAND,17.848266175062925,0.2,3.569653235012585
92,10,DEMAND,11.539990697102194,0.2,2.3079981394204387
58,10,DEMAND,4.447429757450675,0.2,0.8894859514901351
113,10,DEMAND,17.66821784508599,0.2,3.5336435690171983
115,10,DEMAND,6.017744974061693,0.2,1.2035489948123388
76,10,DEMAND,17.08232284653186,0.2,3.416464569306372
89,10,DEMAND,16.88892719013028,0.2,3.3777854380260557
91,10,DEMAND,9.341563715276743,0.2,1.8683127430553488
52,9,DEMAND,81.91400215185098,0.25,20.478500537962745
51,9,DEMAND,81.4210944538978,0.25,20.35527361347445
17,9,DEMAND,76.44915879637628,0.25,19.11228969909407
18,9,DEMAND,83.90716413798003,0.25,20.976791034495008
1,9,DEMAND,87.6022292064125,0.25,21.900557301603126
6,9,DEMAND,83.67415560065014,0.25,20.918538900162535
41,9,DEMAND,67.39266635560617,0.25,16.84816658890154
3,9,DEMAND,78.02095273354942,0.25,19.505238183387355
21,9,DEMAND,67.34304679112077,0.25,16.835761697780192
13,9,DEMAND,68.80186296150517,0.25,17.20046574037629
8,9,DEMAND,74.9933366812722,0.25,18.74833417031805
46,9,DEMAND,73.34336231043629,0.25,18.335840577609073
16,9,DEMAND,73.36267224708465,0.25,18.34066806177116
15,9,DEMAND,70.82627236247953,0.25,17.706568090619882
19,9,DEMAND,71.57963704087973,0.25,17.894909260219933
55,9,DEMAND,81.4428900553814,0.25,20.36072251384535
22,9,DEMAND,61.85590767747229,0.25,15.463976919368072
85,9,DEMAND,35.051889157763185,0.25,8.762972289440796
7,9,DEMAND,74.62298693517744,0.25,18.65574673379436
12,9,DEMAND,77.92370930311955,0.25,19.480927325779888
2,9,DEMAND,62.22919402828535,0.25,15.557298507071337
43,9,DEMAND,70.59934188555627,0.25,17.649835471389068
14,9,DEMAND,63.79760397381464,0.25,15.94940099345366
42,9,DEMAND,70.11332988616556,0.25,17.52833247154139
45,9,DEMAND,51.322172403868464,0.25,12.830543100967116
4,9,DEMAND,72.22443068411252,0.25,18.05610767102813
9,9,DEMAND,75.13225479354617,0.25,18.78306369838654
5,9,DEMAND,80.16765723811618,0.25,20.041914309529044
83,9,DEMAND,30.51963874667961,0.25,7.629909686669903
11,9,DEMAND,38.15855652609858,0.25,9.539639131524645
10,9,DEMAND,62.56865235869486,0.25,15.642163089673716
40,9,DEMAND,38.85182823582255,0.25,9.712957058955638
101,9,DEMAND,23.11180041973354,0.25,5.777950104933385
86,9,DEMAND,29.796456478329706,0.25,7.449114119582426
75,9,DEMAND,10.191878853787792,0.25,2.547969713446948
50,9,DEMAND,65.44111873863201,0.25,16.360279684658003
34,9,DEMAND,34.57087286074559,0.25,8.642718215186397
118,9,DEMAND,28.84687932542555,0.25,7.211719831356388
104,9,DEMAND,36.64172294836256,0.25,9.16043073709064
44,9,DEMAND,58.62939942242583,0.25,14.657349855606457
120,9,DEMAND,16.83775923998316,0.25,4.20943980999579
99,9,DEMAND,29.114297667594037,0.25,7.278574416898509
31,9,DEMAND,28.146348386171013,0.25,7.036587096542753
26,9,DEMAND,24.423494121859584,0.25,6.105873530464896
20,9,DEMAND,61.60374118078423,0.25,15.400935295196058
53,9,DEMAND,10.928245787562936,0.25,2.732061446890734
68,9,DEMAND,19.64328715538016,0.25,4.91082178884504
49,9,DEMAND,78.16209407470151,0.25,19.54052351867538
102,9,DEMAND,26.656075744264648,0.25,6.664018936066162
23,9,DEMAND,21.41325868691867,0.25,5.353314671729668
84,9,DEMAND,9.921633146519287,0.25,2.480408286629822
72,9,DEMAND,27.191762276720752,0.25,6.797940569180188
33,9,DEMAND,21.33977291629675,0.25,5.334943229074187
36,9,DEMAND,35.37456543487069,0.25,8.843641358717672
56,9,DEMAND,22.513651791748092,0.25,5.628412947937023
67,9,DEMAND,24.21811184775808,0.25,6.05452796193952
90,9,DEMAND,25.52511700522063,0.25,6.381279251305157
74,9,DEMAND,9.05183917805066,0.25,2.262959794512665
38,9,DEMAND,27.63066499858505,0.25,6.907666249646263
30,9,DEMAND,23.67819169957536,0.25,5.91954792489384
105,9,DEMAND,26.439007956666774,0.25,6.609751989166694
93,9,DEMAND,12.251399701886328,0.25,3.062849925471582
29,9,DEMAND,35.405725312697015,0.25,8.851431328174254
117,9,DEMAND,24.065899415962477,0.25,6.016474853990619
47,9,DEMAND,48.038766208971275,0.25,12.009691552242819
80,9,DEMAND,34.24145384534328,0.25,8.56036346133582
28,9,DEMAND,21.83876080985671,0.25,5.459690202464177
59,9,DEMAND,11.71356603935138,0.25,2.928391509837845
48,9,DEMAND,79.75488973442346,0.25,19.938722433605864
27,9,DEMAND,21.887290372596624,0.25,5.471822593149156
37,9,DEMAND,30.172422403772455,0.25,7.543105600943114
32,9,DEMAND,42.34861714318533,0.25,10.587154285796332
61,9,DEMAND,10.588518801482122,0.25,2.6471297003705305
65,9,DEMAND,22.750122265420863,0.25,5.687530566355216
63,9,DEMAND,23.599507669134184,0.25,5.899876917283546
87,9,DEMAND,17.80288719632449,0.25,4.450721799081123
100,9,DEMAND,33.53673843601762,0.25,8.384184609004405
66,9,DEMAND,23.875226421292343,0.25,5.968806605323086
95,9,DEMAND,16.85816663470208,0.25,4.21454165867552
116,9,DEMAND,12.937429050286596,0.25,3.234357262571649
73,9,DEMAND,18.851693330550553,0.25,4.712923332637638
96,9,DEMAND,7.111111360970765,0.25,1.7777778402426911
112,9,DEMAND,15.657275079193091,0.25,3.914318769798273
107,9,DEMAND,17.00181508727649,0.25,4.250453771819123
35,9,DEMAND,22.007786541890344,0.25,5.501946635472586
82,9,DEMAND,25.30700322170148,0.25,6.32675080542537
39,9,DEMAND,25.482981171698967,0.25,6.370745292924742
110,9,DEMAND,6.49567113669864,0.25,1.62391778417466
119,9,DEMAND,12.346909029777004,0.25,3.086727257444251
54,9,DEMAND,20.1614937583494,0.25,5.04037343958735
108,9,DEMAND,25.278178550031093,0.25,6.319544637507773
77,9,DEMAND,22.127558290806483,0.25,5.531889572701621
24,9,DEMAND,17.04509325929383,0.25,4.261273314823457
111,9,DEMAND,23.31553333816699,0.25,5.8288833345417475
69,9,DEMAND,16.794398900990622,0.25,4.1985997252476555
109,9,DEMAND,27.593005354546374,0.25,6.898251338636594
94,9,DEMAND,7.244084615644571,0.25,1.8110211539111427
25,9,DEMAND,21.59447768327202,0.25,5.398619420818005
60,9,DEMAND,24.529582123238217,0.25,6.132395530809554
81,9,DEMAND,18.62379888369688,0.25,4.65594972092422
97,9,DEMAND,36.68862829547686,0.25,9.172157073869215
106,9,DEMAND,21.380852214304184,0.25,5.345213053576046
70,9,DEMAND,17.848266175062925,0.25,4.462066543765731
115,9,DEMAND,6.017744974061693,0.25,1.5044362435154233
79,9,DEMAND,18.09508815759409,0.25,4.523772039398523
114,9,DEMAND,13.34487764797246,0.25,3.336219411993115
98,9,DEMAND,14.731177972754272,0.25,3.682794493188568
103,9,DEMAND,9.190454510067312,0.25,2.297613627516828
71,9,DEMAND,8.68197645150202,0.25,2.170494112875505
62,9,DEMAND,17.423016147345816,0.25,4.355754036836454
88,9,DEMAND,15.568522271940893,0.25,3.892130567985223
78,9,DEMAND,25.8152880345841,0.25,6.453822008646025
64,9,DEMAND,21.07447805618154,0.25,5.268619514045385
57,9,DEMAND,16.274543962717903,0.25,4.068635990679476
58,9,DEMAND,4.447429757450675,0.25,1.1118574393626688
92,9,DEMAND,11.539990697102194,0.25,2.8849976742755485
91,9,DEMAND,9.341563715276743,0.25,2.335390928819186
113,9,DEMAND,17.66821784508599,0.25,4.417054461271498
76,9,DEMAND,17.08232284653186,0.25,4.270580711632965
89,9,DEMAND,16.88892719013028,0.25,4.22223179753257
52,11,DEMAND,81.91400215185098,0.25,20.478500537962745
18,11,DEMAND,83.90716413798003,0.25,20.976791034495008
17,11,DEMAND,76.44915879637628,0.25,19.11228969909407
1,11,DEMAND,87.6022292064125,0.25,21.900557301603126
6,11,DEMAND,83.67415560065014,0.25,20.918538900162535
51,11,DEMAND,81.4210944538978,0.25,20.35527361347445
3,11,DEMAND,78.02095273354942,0.25,19.505238183387355
13,11,DEMAND,68.80186296150517,0.25,17.20046574037629
41,11,DEMAND,67.39266635560617,0.25,16.84816658890154
16,11,DEMAND,73.36267224708465,0.25,18.34066806177116
55,11,DEMAND,81.4428900553814,0.25,20.36072251384535
15,11,DEMAND,70.82627236247953,0.25,17.706568090619882
8,11,DEMAND,74.9933366812722,0.25,18.74833417031805
19,11,DEMAND,71.57963704087973,0.25,17.894909260219933
21,11,DEMAND,67.34304679112077,0.25,16.835761697780192
46,11,DEMAND,73.34336231043629,0.25,18.335840577609073
22,11,DEMAND,61.85590767747229,0.25,15.463976919368072
2,11,DEMAND,62.22919402828535,0.25,15.557298507071337
14,11,DEMAND,63.79760397381464,0.25,15.94940099345366
7,11,DEMAND,74.62298693517744,0.25,18.65574673379436
12,11,DEMAND,77.92370930311955,0.25,19.480927325779888
43,11,DEMAND,70.59934188555627,0.25,17.649835471389068
45,11,DEMAND,51.322172403868464,0.25,12.830543100967116
4,11,DEMAND,72.22443068411252,0.25,18.05610767102813
10,11,DEMAND,62.56865235869486,0.25,15.642163089673716
42,11,DEMAND,70.11332988616556,0.25,17.52833247154139
11,11,DEMAND,38.15855652609858,0.25,9.539639131524645
5,11,DEMAND,80.16765723811618,0.25,20.041914309529044
9,11,DEMAND,75.13225479354617,0.25,18.78306369838654
85,11,DEMAND,35.051889157763185,0.25,8.762972289440796
83,11,DEMAND,30.51963874667961,0.25,7.629909686669903
50,11,DEMAND,65.44111873863201,0.25,16.360279684658003
44,11,DEMAND,58.62939942242583,0.25,14.657349855606457
40,11,DEMAND,38.85182823582255,0.25,9.712957058955638
118,11,DEMAND,28.84687932542555,0.25,7.211719831356388
104,11,DEMAND,36.64172294836256,0.25,9.16043073709064
34,11,DEMAND,34.57087286074559,0.25,8.642718215186397
20,11,DEMAND,61.60374118078423,0.25,15.400935295196058
75,11,DEMAND,10.191878853787792,0.25,2.547969713446948
49,11,DEMAND,78.16209407470151,0.25,19.54052351867538
53,11,DEMAND,10.928245787562936,0.25,2.732061446890734
86,11,DEMAND,29.796456478329706,0.25,7.449114119582426
84,11,DEMAND,9.921633146519287,0.25,2.480408286629822
72,11,DEMAND,27.191762276720752,0.25,6.797940569180188
31,11,DEMAND,28.146348386171013,0.25,7.036587096542753
101,11,DEMAND,23.11180041973354,0.25,5.777950104933385
99,11,DEMAND,29.114297667594037,0.25,7.278574416898509
56,11,DEMAND,22.513651791748092,0.25,5.628412947937023
120,11,DEMAND,16.83775923998316,0.25,4.20943980999579
33,11,DEMAND,21.33977291629675,0.25,5.334943229074187
47,11,DEMAND,48.038766208971275,0.25,12.009691552242819
48,11,DEMAND,79.75488973442346,0.25,19.938722433605864
36,11,DEMAND,35.37456543487069,0.25,8.843641358717672
102,11,DEMAND,26.656075744264648,0.25,6.664018936066162
74,11,DEMAND,9.05183917805066,0.25,2.262959794512665
30,11,DEMAND,23.67819169957536,0.25,5.91954792489384
32,11,DEMAND,42.34861714318533,0.25,10.587154285796332
80,11,DEMAND,34.24145384534328,0.25,8.56036346133582
68,11,DEMAND,19.64328715538016,0.25,4.91082178884504
26,11,DEMAND,24.423494121859584,0.25,6.105873530464896
29,11,DEMAND,35.405725312697015,0.25,8.851431328174254
117,11,DEMAND,24.065899415962477,0.25,6.016474853990619
38,11,DEMAND,27.63066499858505,0.25,6.907666249646263
100,11,DEMAND,33.53673843601762,0.25,8.384184609004405
95,11,DEMAND,16.85816663470208,0.25,4.21454165867552
90,11,DEMAND,25.52511700522063,0.25,6.381279251305157
37,11,DEMAND,30.172422403772455,0.25,7.543105600943114
54,11,DEMAND,20.1614937583494,0.25,5.04037343958735
61,11,DEMAND,10.588518801482122,0.25,2.6471297003705305
27,11,DEMAND,21.887290372596624,0.25,5.471822593149156
23,11,DEMAND,21.41325868691867,0.25,5.353314671729668
105,11,DEMAND,26.439007956666774,0.25,6.609751989166694
112,11,DEMAND,15.657275079193091,0.25,3.914318769798273
67,11,DEMAND,24.21811184775808,0.25,6.05452796193952
59,11,DEMAND,11.71356603935138,0.25,2.928391509837845
93,11,DEMAND,12.251399701886328,0.25,3.062849925471582
73,11,DEMAND,18.851693330550553,0.25,4.712923332637638
63,11,DEMAND,23.599507669134184,0.25,5.899876917283546
77,11,DEMAND,22.127558290806483,0.25,5.531889572701621
66,11,DEMAND,23.875226421292343,0.25,5.968806605323086
108,11,DEMAND,25.278178550031093,0.25,6.319544637507773
82,11,DEMAND,25.30700322170148,0.25,6.32675080542537
28,11,DEMAND,21.83876080985671,0.25,5.459690202464177
110,11,DEMAND,6.49567113669864,0.25,1.62391778417466
96,11,DEMAND,7.111111360970765,0.25,1.7777778402426911
116,11,DEMAND,12.937429050286596,0.25,3.234357262571649
60,11,DEMAND,24.529582123238217,0.25,6.132395530809554
107,11,DEMAND,17.00181508727649,0.25,4.250453771819123
111,11,DEMAND,23.31553333816699,0.25,5.8288833345417475
65,11,DEMAND,22.750122265420863,0.25,5.687530566355216
87,11,DEMAND,17.80288719632449,0.25,4.450721799081123
109,11,DEMAND,27.593005354546374,0.25,6.898251338636594
39,11,DEMAND,25.482981171698967,0.25,6.370745292924742
81,11,DEMAND,18.62379888369688,0.25,4.65594972092422
119,11,DEMAND,12.346909029777004,0.25,3.086727257444251
94,11,DEMAND,7.244084615644571,0.25,1.8110211539111427
70,11,DEMAND,17.848266175062925,0.25,4.462066543765731
97,11,DEMAND,36.68862829547686,0.25,9.172157073869215
35,11,DEMAND,22.007786541890344,0.25,5.501946635472586
79,11,DEMAND,18.09508815759409,0.25,4.523772039398523
114,11,DEMAND,13.34487764797246,0.25,3.336219411993115
78,11,DEMAND,25.8152880345841,0.25,6.453822008646025
25,11,DEMAND,21.59447768327202,0.25,5.398619420818005
106,11,DEMAND,21.380852214304184,0.25,5.345213053576046
69,11,DEMAND,16.794398900990622,0.25,4.1985997252476555
71,11,DEMAND,8.68197645150202,0.25,2.170494112875505
115,11,DEMAND,6.017744974061693,0.25,1.5044362435154233
62,11,DEMAND,17.423016147345816,0.25,4.355754036836454
57,11,DEMAND,16.274543962717903,0.25,4.068635990679476
24,11,DEMAND,17.04509325929383,0.25,4.261273314823457
98,11,DEMAND,14.731177972754272,0.25,3.682794493188568
113,11,DEMAND,17.66821784508599,0.25,4.417054461271498
64,11,DEMAND,21.07447805618154,0.25,5.268619514045385
103,11,DEMAND,9.190454510067312,0.25,2.297613627516828
76,11,DEMAND,17.08232284653186,0.25,4.270580711632965
58,11,DEMAND,4.447429757450675,0.25,1.1118574393626688
92,11,DEMAND,11.539990697102194,0.25,2.8849976742755485
88,11,DEMAND,15.568522271940893,0.25,3.892130567985223
91,11,DEMAND,9.341563715276743,0.25,2.335390928819186
89,11,DEMAND,16.88892719013028,0.25,4.22223179753257
52,8,DEMAND,81.91400215185098,0.2,16.382800430370196
51,8,DEMAND,81.4210944538978,0.2,16.28421889077956
18,8,DEMAND,83.90716413798003,0.2,16.781432827596007
17,8,DEMAND,76.44915879637628,0.2,15.289831759275257
1,8,DEMAND,87.6022292064125,0.2,17.520445841282502
41,8,DEMAND,67.39266635560617,0.2,13.478533271121234
6,8,DEMAND,83.67415560065014,0.2,16.73483112013003
3,8,DEMAND,78.02095273354942,0.2,15.604190546709885
46,8,DEMAND,73.34336231043629,0.2,14.668672462087258
13,8,DEMAND,68.80186296150517,0.2,13.760372592301033
16,8,DEMAND,73.36267224708465,0.2,14.67253444941693
85,8,DEMAND,35.051889157763185,0.2,7.0103778315526375
8,8,DEMAND,74.9933366812722,0.2,14.99866733625444
55,8,DEMAND,81.4428900553814,0.2,16.28857801107628
21,8,DEMAND,67.34304679112077,0.2,13.468609358224155
15,8,DEMAND,70.82627236247953,0.2,14.165254472495906
22,8,DEMAND,61.85590767747229,0.2,12.371181535494458
19,8,DEMAND,71.57963704087973,0.2,14.315927408175947
43,8,DEMAND,70.59934188555627,0.2,14.119868377111255
12,8,DEMAND,77.92370930311955,0.2,15.584741860623911
14,8,DEMAND,63.79760397381464,0.2,12.759520794762928
2,8,DEMAND,62.22919402828535,0.2,12.44583880565707
7,8,DEMAND,74.62298693517744,0.2,14.924597387035488
45,8,DEMAND,51.322172403868464,0.2,10.264434480773694
42,8,DEMAND,70.11332988616556,0.2,14.022665977233112
83,8,DEMAND,30.51963874667961,0.2,6.103927749335923
10,8,DEMAND,62.56865235869486,0.2,12.513730471738974
40,8,DEMAND,38.85182823582255,0.2,7.77036564716451
4,8,DEMAND,72.22443068411252,0.2,14.444886136822504
34,8,DEMAND,34.57087286074559,0.2,6.914174572149118
101,8,DEMAND,23.11180041973354,0.2,4.622360083946709
11,8,DEMAND,38.15855652609858,0.2,7.631711305219716
9,8,DEMAND,75.13225479354617,0.2,15.026450958709233
75,8,DEMAND,10.191878853787792,0.2,2.0383757707575585
86,8,DEMAND,29.796456478329706,0.2,5.959291295665942
50,8,DEMAND,65.44111873863201,0.2,13.088223747726403
5,8,DEMAND,80.16765723811618,0.2,16.033531447623236
118,8,DEMAND,28.84687932542555,0.2,5.76937586508511
84,8,DEMAND,9.921633146519287,0.2,1.9843266293038575
120,8,DEMAND,16.83775923998316,0.2,3.367551847996632
53,8,DEMAND,10.928245787562936,0.2,2.185649157512587
44,8,DEMAND,58.62939942242583,0.2,11.725879884485167
33,8,DEMAND,21.33977291629675,0.2,4.26795458325935
99,8,DEMAND,29.114297667594037,0.2,5.822859533518808
104,8,DEMAND,36.64172294836256,0.2,7.328344589672513
102,8,DEMAND,26.656075744264648,0.2,5.33121514885293
31,8,DEMAND,28.146348386171013,0.2,5.629269677234203
72,8,DEMAND,27.191762276720752,0.2,5.438352455344151
26,8,DEMAND,24.423494121859584,0.2,4.884698824371917
49,8,DEMAND,78.16209407470151,0.2,15.632418814940303
56,8,DEMAND,22.513651791748092,0.2,4.502730358349619
20,8,DEMAND,61.60374118078423,0.2,12.320748236156847
117,8,DEMAND,24.065899415962477,0.2,4.813179883192496
68,8,DEMAND,19.64328715538016,0.2,3.9286574310760325
23,8,DEMAND,21.41325868691867,0.2,4.282651737383734
36,8,DEMAND,35.37456543487069,0.2,7.074913086974139
74,8,DEMAND,9.05183917805066,0.2,1.810367835610132
59,8,DEMAND,11.71356603935138,0.2,2.342713207870276
38,8,DEMAND,27.63066499858505,0.2,5.52613299971701
90,8,DEMAND,25.52511700522063,0.2,5.105023401044126
30,8,DEMAND,23.67819169957536,0.2,4.735638339915073
47,8,DEMAND,48.038766208971275,0.2,9.607753241794256
105,8,DEMAND,26.439007956666774,0.2,5.287801591333356
80,8,DEMAND,34.24145384534328,0.2,6.848290769068656
100,8,DEMAND,33.53673843601762,0.2,6.707347687203525
93,8,DEMAND,12.251399701886328,0.2,2.450279940377266
29,8,DEMAND,35.405725312697015,0.2,7.081145062539403
67,8,DEMAND,24.21811184775808,0.2,4.843622369551617
61,8,DEMAND,10.588518801482122,0.2,2.1177037602964246
116,8,DEMAND,12.937429050286596,0.2,2.5874858100573195
37,8,DEMAND,30.172422403772455,0.2,6.034484480754491
95,8,DEMAND,16.85816663470208,0.2,3.371633326940416
32,8,DEMAND,42.34861714318533,0.2,8.469723428637066
82,8,DEMAND,25.30700322170148,0.2,5.061400644340296
28,8,DEMAND,21.83876080985671,0.2,4.3677521619713415
35,8,DEMAND,22.007786541890344,0.2,4.401557308378069
48,8,DEMAND,79.75488973442346,0.2,15.950977946884692
27,8,DEMAND,21.887290372596624,0.2,4.377458074519325
107,8,DEMAND,17.00181508727649,0.2,3.400363017455298
54,8,DEMAND,20.1614937583494,0.2,4.03229875166988
108,8,DEMAND,25.278178550031093,0.2,5.055635710006219
87,8,DEMAND,17.80288719632449,0.2,3.5605774392648986
66,8,DEMAND,23.875226421292343,0.2,4.775045284258469
119,8,DEMAND,12.346909029777004,0.2,2.469381805955401
63,8,DEMAND,23.599507669134184,0.2,4.719901533826837
110,8,DEMAND,6.49567113669864,0.2,1.299134227339728
96,8,DEMAND,7.111111360970765,0.2,1.422222272194153
65,8,DEMAND,22.750122265420863,0.2,4.5500244530841725
73,8,DEMAND,18.851693330550553,0.2,3.770338666110111
109,8,DEMAND,27.593005354546374,0.2,5.518601070909275
112,8,DEMAND,15.657275079193091,0.2,3.1314550158386183
39,8,DEMAND,25.482981171698967,0.2,5.096596234339794
77,8,DEMAND,22.127558290806483,0.2,4.425511658161297
94,8,DEMAND,7.244084615644571,0.2,1.4488169231289143
60,8,DEMAND,24.529582123238217,0.2,4.905916424647644
79,8,DEMAND,18.09508815759409,0.2,3.6190176315188185
97,8,DEMAND,36.68862829547686,0.2,7.337725659095373
70,8,DEMAND,17.848266175062925,0.2,3.569653235012585
106,8,DEMAND,21.380852214304184,0.2,4.276170442860837
81,8,DEMAND,18.62379888369688,0.2,3.7247597767393765
103,8,DEMAND,9.190454510067312,0.2,1.8380909020134624
111,8,DEMAND,23.31553333816699,0.2,4.663106667633398
24,8,DEMAND,17.04509325929383,0.2,3.4090186518587657
69,8,DEMAND,16.794398900990622,0.2,3.3588797801981247
25,8,DEMAND,21.59447768327202,0.2,4.318895536654405
114,8,DEMAND,13.34487764797246,0.2,2.6689755295944924
98,8,DEMAND,14.731177972754272,0.2,2.9462355945508545
115,8,DEMAND,6.017744974061693,0.2,1.2035489948123388
78,8,DEMAND,25.8152880345841,0.2,5.16305760691682
71,8,DEMAND,8.68197645150202,0.2,1.736395290300404
57,8,DEMAND,16.274543962717903,0.2,3.254908792543581
58,8,DEMAND,4.447429757450675,0.2,0.8894859514901351
62,8,DEMAND,17.423016147345816,0.2,3.4846032294691636
92,8,DEMAND,11.539990697102194,0.2,2.3079981394204387
88,8,DEMAND,15.568522271940893,0.2,3.113704454388179
64,8,DEMAND,21.07447805618154,0.2,4.214895611236308
113,8,DEMAND,17.66821784508599,0.2,3.5336435690171983
76,8,DEMAND,17.08232284653186,0.2,3.416464569306372
91,8,DEMAND,9.341563715276743,0.2,1.8683127430553488
89,8,DEMAND,16.88892719013028,0.2,3.3777854380260557
52,1,REVENUE,86.48257295479064,0.25,21.62064323869766
18,1,REVENUE,100.0,0.25,25.0
1,1,REVENUE,100.0,0.25,25.0
17,1,REVENUE,87.58029690123006,0.25,21.895074225307514
6,1,REVENUE,100.0,0.25,25.0
51,1,REVENUE,45.81112619712815,0.25,11.452781549282037
41,1,REVENUE,91.21914592782628,0.25,22.80478648195657
3,1,REVENUE,83.38445672630186,0.25,20.846114181575466
8,1,REVENUE,91.63909450855954,0.25,22.909773627139884
13,1,REVENUE,91.4900410356602,0.25,22.87251025891505
16,1,REVENUE,80.57166224945628,0.25,20.14291556236407
21,1,REVENUE,90.50425450611614,0.25,22.626063626529035
15,1,REVENUE,85.8083951709644,0.25,21.4520987927411
19,1,REVENUE,83.83689945480735,0.25,20.959224863701838
55,1,REVENUE,60.93600304732823,0.25,15.234000761832057
46,1,REVENUE,66.05070904288549,0.25,16.51267726072137
22,1,REVENUE,89.44524978451253,0.25,22.36131244612813
7,1,REVENUE,81.78076318837473,0.25,20.445190797093684
43,1,REVENUE,62.728659918897634,0.25,15.682164979724408
12,1,REVENUE,61.60895283653291,0.25,15.402238209133227
2,1,REVENUE,82.43731184478648,0.25,20.60932796119662
4,1,REVENUE,84.90680011836301,0.25,21.226700029590752
14,1,REVENUE,69.98611035273552,0.25,17.49652758818388
45,1,REVENUE,84.76070857102447,0.25,21.190177142756117
42,1,REVENUE,46.80802908175695,0.25,11.702007270439237
9,1,REVENUE,61.00457499218652,0.25,15.25114374804663
85,1,REVENUE,45.878214929819826,0.25,11.469553732454957
5,1,REVENUE,54.5801607485699,0.25,13.645040187142476
10,1,REVENUE,37.22577344025786,0.25,9.306443360064465
83,1,REVENUE,70.57725284506041,0.25,17.644313211265104
44,1,REVENUE,60.52672423538395,0.25,15.131681058845988
40,1,REVENUE,51.672932538521366,0.25,12.918233134630341
50,1,REVENUE,31.380554320735317,0.25,7.845138580183829
11,1,REVENUE,47.26435183808807,0.25,11.816087959522017
34,1,REVENUE,37.47085482499262,0.25,9.367713706248155
118,1,REVENUE,60.61207983923609,0.25,15.153019959809022
49,1,REVENUE,21.53582895809929,0.25,5.383957239524823
101,1,REVENUE,51.18961356725912,0.25,12.79740339181478
20,1,REVENUE,44.219467994149035,0.25,11.054866998537259
104,1,REVENUE,47.92065845134002,0.25,11.980164612835004
86,1,REVENUE,36.185121107142926,0.25,9.046280276785732
75,1,REVENUE,60.51412575359576,0.25,15.12853143839894
99,1,REVENUE,43.46065704622947,0.25,10.865164261557368
120,1,REVENUE,48.19174275285552,0.25,12.04793568821388
84,1,REVENUE,53.2367944889881,0.25,13.309198622247026
72,1,REVENUE,55.36118926596424,0.25,13.84029731649106
102,1,REVENUE,45.40754733531048,0.25,11.35188683382762
31,1,REVENUE,43.36054241439907,0.25,10.840135603599768
26,1,REVENUE,52.693506829129014,0.25,13.173376707282253
33,1,REVENUE,33.80985183515807,0.25,8.452462958789518
48,1,REVENUE,27.603488272881577,0.25,6.900872068220394
68,1,REVENUE,65.15639295947265,0.25,16.289098239868164
53,1,REVENUE,34.478674902772056,0.25,8.619668725693014
36,1,REVENUE,35.45969792632512,0.25,8.86492448158128
47,1,REVENUE,27.340568782346335,0.25,6.835142195586584
90,1,REVENUE,53.75040013898237,0.25,13.437600034745593
23,1,REVENUE,44.25002914105078,0.25,11.062507285262695
29,1,REVENUE,44.38058423748591,0.25,11.095146059371478
56,1,REVENUE,28.928983771283665,0.25,7.232245942820916
117,1,REVENUE,26.385801052476612,0.25,6.596450263119153
80,1,REVENUE,32.12991045953274,0.25,8.032477614883184
30,1,REVENUE,40.679256475484195,0.25,10.169814118871049
32,1,REVENUE,33.80421877484818,0.25,8.451054693712045
38,1,REVENUE,27.378041491421737,0.25,6.844510372855434
67,1,REVENUE,49.826256715156674,0.25,12.456564178789169
105,1,REVENUE,28.985492750874144,0.25,7.246373187718536
100,1,REVENUE,18.72712304675006,0.25,4.681780761687515
74,1,REVENUE,36.57342944107793,0.25,9.143357360269482
28,1,REVENUE,44.196458932607214,0.25,11.049114733151804
37,1,REVENUE,27.62593645740602,0.25,6.906484114351505
59,1,REVENUE,25.46773964261345,0.25,6.366934910653362
95,1,REVENUE,43.935765579896746,0.25,10.983941394974186
93,1,REVENUE,29.51380390140998,0.25,7.378450975352495
63,1,REVENUE,44.61482385624745,0.25,11.153705964061862
87,1,REVENUE,44.62607568169932,0.25,11.15651892042483
27,1,REVENUE,34.200311201333115,0.25,8.550077800333279
65,1,REVENUE,40.15719431866945,0.25,10.039298579667362
61,1,REVENUE,23.966028400391075,0.25,5.991507100097769
66,1,REVENUE,26.416177312361047,0.25,6.604044328090262
35,1,REVENUE,14.820563506361198,0.25,3.7051408765902996
108,1,REVENUE,17.70280689349491,0.25,4.425701723373727
82,1,REVENUE,0.428958634056955,0.25,0.10723965851423875
107,1,REVENUE,22.272940737020456,0.25,5.568235184255114
112,1,REVENUE,33.171774649935074,0.25,8.292943662483768
54,1,REVENUE,15.491353789214893,0.25,3.872838447303723
39,1,REVENUE,18.62817242330722,0.25,4.657043105826805
73,1,REVENUE,23.155209250973897,0.25,5.788802312743474
116,1,REVENUE,8.028513229315182,0.25,2.0071283073287955
77,1,REVENUE,24.778395328058384,0.25,6.194598832014596
97,1,REVENUE,9.588285650853733,0.25,2.397071412713433
106,1,REVENUE,33.41436565939003,0.25,8.353591414847507
60,1,REVENUE,16.84169432179732,0.25,4.21042358044933
109,1,REVENUE,1.326086273786584,0.25,0.331521568446646
110,1,REVENUE,23.975184278004747,0.25,5.993796069501187
25,1,REVENUE,32.75487937347806,0.25,8.188719843369515
96,1,REVENUE,20.2608945747626,0.25,5.06522364369065
119,1,REVENUE,1.774125489614497,0.25,0.4435313724036242
24,1,REVENUE,26.49649925161716,0.25,6.62412481290429
69,1,REVENUE,30.35713348362711,0.25,7.589283370906777
111,1,REVENUE,13.95923032501005,0.25,3.4898075812525127
94,1,REVENUE,18.936051710505858,0.25,4.734012927626464
98,1,REVENUE,31.031056320745353,0.25,7.757764080186338
81,1,REVENUE,10.58534567486597,0.25,2.6463364187164924
79,1,REVENUE,1.0708934639795629,0.25,0.2677233659948907
70,1,REVENUE,0.0034204169960744,0.25,0.0008551042490186
78,1,REVENUE,11.683483786508384,0.25,2.920870946627096
71,1,REVENUE,34.52727122481465,0.25,8.631817806203662
103,1,REVENUE,6.279063814512093,0.25,1.5697659536280233
114,1,REVENUE,8.998322466201481,0.25,2.2495806165503702
57,1,REVENUE,22.02249980105208,0.25,5.50562495026302
62,1,REVENUE,20.71165317829262,0.25,5.177913294573155
88,1,REVENUE,33.67975380956634,0.25,8.419938452391586
64,1,REVENUE,20.22966692415536,0.25,5.05741673103884
115,1,REVENUE,0.0,0.25,0.0
58,1,REVENUE,0.0,0.25,0.0
92,1,REVENUE,5.3376771660013045,0.25,1.3344192915003261
113,1,REVENUE,5.2530576492875705,0.25,1.3132644123218926
76,1,REVENUE,0.0,0.25,0.0
91,1,REVENUE,0.0917908003155096,0.25,0.0229477000788774
89,1,REVENUE,13.872468976324736,0.25,3.468117244081184
18,4,REVENUE,90.83580857369098,0.25,22.708952143422746
52,4,REVENUE,71.76132974933114,0.25,17.940332437332785
6,4,REVENUE,100.0,0.25,25.0
1,4,REVENUE,87.17895599612645,0.25,21.794738999031612
51,4,REVENUE,33.28341259185911,0.25,8.320853147964778
17,4,REVENUE,70.94997165793151,0.25,17.73749291448288
41,4,REVENUE,76.17117307503068,0.25,19.04279326875767
3,4,REVENUE,68.38972812712598,0.25,17.097432031781494
13,4,REVENUE,80.94488189055969,0.25,20.23622047263992
21,4,REVENUE,78.98759291404915,0.25,19.746898228512286
8,4,REVENUE,73.84823269853143,0.25,18.46205817463286
55,4,REVENUE,49.112874221846816,0.25,12.278218555461704
15,4,REVENUE,72.16469972344366,0.25,18.041174930860915
16,4,REVENUE,65.97840119266206,0.25,16.494600298165516
19,4,REVENUE,67.97698493643956,0.25,16.99424623410989
46,4,REVENUE,52.707344734290025,0.25,13.176836183572506
22,4,REVENUE,74.29570956594453,0.25,18.573927391486134
7,4,REVENUE,68.48512364478746,0.25,17.121280911196866
12,4,REVENUE,48.41170318374642,0.25,12.102925795936605
2,4,REVENUE,67.38507095477043,0.25,16.846267738692607
45,4,REVENUE,74.5704827263475,0.25,18.642620681586877
43,4,REVENUE,49.56977831587021,0.25,12.392444578967552
14,4,REVENUE,56.248187131657346,0.25,14.062046782914337
4,4,REVENUE,65.61544021555237,0.25,16.403860053888092
42,4,REVENUE,34.24537649214723,0.25,8.561344123036807
9,4,REVENUE,47.9225512625824,0.25,11.9806378156456
85,4,REVENUE,32.985993588379024,0.25,8.246498397094756
5,4,REVENUE,42.06651679862816,0.25,10.51662919965704
10,4,REVENUE,26.332739058408816,0.25,6.583184764602204
83,4,REVENUE,55.94321895412939,0.25,13.985804738532348
40,4,REVENUE,39.813693828207015,0.25,9.953423457051754
50,4,REVENUE,20.009502248083074,0.25,5.002375562020768
44,4,REVENUE,46.154032338063786,0.25,11.538508084515946
11,4,REVENUE,34.8894936310019,0.25,8.722373407750474
34,4,REVENUE,26.45936502499633,0.25,6.614841256249083
101,4,REVENUE,39.95773985297652,0.25,9.98943496324413
118,4,REVENUE,48.7618318822677,0.25,12.190457970566925
20,4,REVENUE,32.95535162124318,0.25,8.238837905310795
75,4,REVENUE,48.80524035887583,0.25,12.201310089718957
49,4,REVENUE,11.805980648289657,0.25,2.951495162072414
104,4,REVENUE,36.90251852176441,0.25,9.225629630441102
84,4,REVENUE,42.43184136424567,0.25,10.607960341061418
86,4,REVENUE,23.33708618053572,0.25,5.83427154513393
99,4,REVENUE,32.19790438949612,0.25,8.04947609737403
120,4,REVENUE,35.58867583918288,0.25,8.89716895979572
72,4,REVENUE,43.496794070768246,0.25,10.874198517692061
53,4,REVENUE,24.94049178069727,0.25,6.235122945174317
31,4,REVENUE,32.58019501417663,0.25,8.145048753544158
102,4,REVENUE,32.65050080259691,0.25,8.162625200649227
33,4,REVENUE,23.495656179630274,0.25,5.873914044907568
26,4,REVENUE,41.37279205109184,0.25,10.34319801277296
68,4,REVENUE,52.386395124052505,0.25,13.096598781013126
47,4,REVENUE,17.40223194513036,0.25,4.35055798628259
48,4,REVENUE,15.77803193056259,0.25,3.9445079826406473
36,4,REVENUE,24.312027037987043,0.25,6.078006759496761
90,4,REVENUE,42.304710349720736,0.25,10.576177587430184
56,4,REVENUE,18.44517665931351,0.25,4.611294164828378
23,4,REVENUE,32.420879779954035,0.25,8.105219944988509
117,4,REVENUE,15.079110361245126,0.25,3.7697775903112816
29,4,REVENUE,32.16119646323504,0.25,8.04029911580876
74,4,REVENUE,26.332608731392227,0.25,6.583152182848057
30,4,REVENUE,28.521497560593364,0.25,7.130374390148341
38,4,REVENUE,16.32916304879925,0.25,4.082290762199812
67,4,REVENUE,38.177170455896174,0.25,9.544292613974044
80,4,REVENUE,20.648753294565378,0.25,5.162188323641344
105,4,REVENUE,19.383029676685545,0.25,4.845757419171386
32,4,REVENUE,22.956824564736344,0.25,5.739206141184086
59,4,REVENUE,15.339306308197523,0.25,3.834826577049381
100,4,REVENUE,8.021099930089683,0.25,2.0052749825224208
37,4,REVENUE,17.018984814181525,0.25,4.254746203545381
28,4,REVENUE,32.363054543385786,0.25,8.090763635846447
95,4,REVENUE,33.30653440608172,0.25,8.32663360152043
93,4,REVENUE,18.569329130352575,0.25,4.642332282588144
63,4,REVENUE,33.333736719273716,0.25,8.333434179818429
87,4,REVENUE,34.05062683489449,0.25,8.512656708723622
82,4,REVENUE,0.0,0.25,0.0
65,4,REVENUE,29.53132569977724,0.25,7.38283142494431
27,4,REVENUE,23.512868127968357,0.25,5.878217031992089
61,4,REVENUE,13.391713887636284,0.25,3.347928471909071
66,4,REVENUE,15.671847359567144,0.25,3.917961839891786
116,4,REVENUE,0.0021709441904751,0.25,0.000542736047618775
109,4,REVENUE,0.2157539971686294,0.25,0.05393849929215735
108,4,REVENUE,7.305390603387954,0.25,1.8263476508469885
35,4,REVENUE,3.272253774040264,0.25,0.818063443510066
107,4,REVENUE,11.025920174088204,0.25,2.756480043522051
54,4,REVENUE,4.512434315432252,0.25,1.128108578858063
96,4,REVENUE,11.3851246763616,0.25,2.8462811690904
73,4,REVENUE,12.45841710539905,0.25,3.1146042763497626
77,4,REVENUE,14.028722286517633,0.25,3.507180571629408
119,4,REVENUE,0.0,0.25,0.0
112,4,REVENUE,21.928871120837854,0.25,5.482217780209464
39,4,REVENUE,7.2984754764200765,0.25,1.8246188691050191
110,4,REVENUE,13.240880693560587,0.25,3.310220173390147
106,4,REVENUE,22.548116450808465,0.25,5.637029112702116
97,4,REVENUE,0.2835537224107241,0.25,0.07088843060268102
70,4,REVENUE,0.0,0.25,0.0
79,4,REVENUE,0.0673848975468272,0.25,0.0168462243867068
60,4,REVENUE,6.197760330709737,0.25,1.5494400826774342
94,4,REVENUE,8.31500547115984,0.25,2.07875136778996
25,4,REVENUE,21.758943144596874,0.25,5.439735786149218
24,4,REVENUE,15.379095261708898,0.25,3.8447738154272244
98,4,REVENUE,20.7698196236839,0.25,5.192454905920975
69,4,REVENUE,18.463776082629707,0.25,4.615944020657427
111,4,REVENUE,3.917282658982696,0.25,0.979320664745674
103,4,REVENUE,0.0,0.25,0.0
71,4,REVENUE,25.465410906268215,0.25,6.366352726567054
81,4,REVENUE,0.0267489069741539,0.25,0.006687226743538475
115,4,REVENUE,0.0,0.25,0.0
62,4,REVENUE,11.074521855221596,0.25,2.768630463805399
78,4,REVENUE,0.8182892459530213,0.25,0.20457231148825533
114,4,REVENUE,0.0,0.25,0.0
58,4,REVENUE,0.0,0.25,0.0
88,4,REVENUE,23.396859393299565,0.25,5.849214848324891
57,4,REVENUE,10.95066891493351,0.25,2.7376672287333776
64,4,REVENUE,10.463648403921791,0.25,2.615912100980448
92,4,REVENUE,0.0,0.25,0.0
91,4,REVENUE,0.0,0.25,0.0
113,4,REVENUE,0.0,0.25,0.0
76,4,REVENUE,0.0,0.25,0.0
89,4,REVENUE,4.559812422392882,0.25,1.1399531055982206
52,5,REVENUE,94.90709471384872,0.25,23.72677367846218
17,5,REVENUE,95.82378691175737,0.25,23.95594672793934
18,5,REVENUE,100.0,0.25,25.0
1,5,REVENUE,100.0,0.25,25.0
41,5,REVENUE,95.83657249999024,0.25,23.95914312499756
51,5,REVENUE,53.84042595278533,0.25,13.460106488196333
6,5,REVENUE,100.0,0.25,25.0
3,5,REVENUE,87.37153363490125,0.25,21.842883408725314
8,5,REVENUE,95.55418429924995,0.25,23.88854607481249
16,5,REVENUE,88.7823007260181,0.25,22.195575181504523
21,5,REVENUE,94.83841463116164,0.25,23.70960365779041
13,5,REVENUE,95.8695969093541,0.25,23.967399227338525
19,5,REVENUE,92.73053856067428,0.25,23.18263464016857
15,5,REVENUE,91.69939428402522,0.25,22.924848571006304
22,5,REVENUE,96.51474229966269,0.25,24.12868557491567
55,5,REVENUE,68.47236090015952,0.25,17.11809022503988
46,5,REVENUE,74.10016673019354,0.25,18.525041682548384
7,5,REVENUE,85.6721123603195,0.25,21.418028090079876
12,5,REVENUE,68.92980789268675,0.25,17.23245197317169
2,5,REVENUE,90.60005976151452,0.25,22.65001494037863
43,5,REVENUE,71.06764755328761,0.25,17.766911888321903
4,5,REVENUE,88.80159948089437,0.25,22.200399870223592
14,5,REVENUE,76.62492695468788,0.25,19.15623173867197
45,5,REVENUE,87.57439116786728,0.25,21.89359779196682
42,5,REVENUE,54.71213644398673,0.25,13.678034110996682
9,5,REVENUE,68.21017670985967,0.25,17.052544177464917
85,5,REVENUE,53.484080945628946,0.25,13.371020236407237
5,5,REVENUE,61.40921385285795,0.25,15.352303463214488
10,5,REVENUE,43.69634335392275,0.25,10.924085838480687
83,5,REVENUE,79.54885046663456,0.25,19.88721261665864
44,5,REVENUE,69.71304335101797,0.25,17.428260837754493
40,5,REVENUE,58.46870235012594,0.25,14.617175587531484
50,5,REVENUE,37.49459487323316,0.25,9.37364871830829
34,5,REVENUE,43.60197070363052,0.25,10.90049267590763
11,5,REVENUE,54.46449539789186,0.25,13.616123849472965
118,5,REVENUE,67.40075202462216,0.25,16.85018800615554
20,5,REVENUE,50.20013573310795,0.25,12.550033933276987
101,5,REVENUE,57.493421253117994,0.25,14.373355313279498
104,5,REVENUE,54.056883341767445,0.25,13.514220835441861
86,5,REVENUE,43.756474658038144,0.25,10.939118664509536
49,5,REVENUE,27.554829681992175,0.25,6.888707420498044
99,5,REVENUE,49.78874124871538,0.25,12.447185312178846
75,5,REVENUE,67.19194589323688,0.25,16.79798647330922
120,5,REVENUE,55.57083528555067,0.25,13.892708821387668
72,5,REVENUE,62.160980207861456,0.25,15.540245051965364
102,5,REVENUE,52.90741606711913,0.25,13.226854016779782
31,5,REVENUE,49.31033288317349,0.25,12.327583220793372
84,5,REVENUE,59.205809555358066,0.25,14.801452388839516
26,5,REVENUE,59.06697232331335,0.25,14.766743080828338
33,5,REVENUE,39.505188145127555,0.25,9.876297036281889
68,5,REVENUE,72.66628864311303,0.25,18.16657216077826
36,5,REVENUE,41.69763527550904,0.25,10.42440881887726
47,5,REVENUE,32.56594153239719,0.25,8.141485383099297
48,5,REVENUE,35.02352924429555,0.25,8.755882311073888
90,5,REVENUE,60.22186182954516,0.25,15.05546545738629
29,5,REVENUE,51.458838904071285,0.25,12.864709726017821
23,5,REVENUE,51.02226549478165,0.25,12.755566373695412
56,5,REVENUE,34.67999199678567,0.25,8.669997999196417
80,5,REVENUE,38.629426035279906,0.25,9.657356508819976
117,5,REVENUE,32.74862685047465,0.25,8.187156712618663
53,5,REVENUE,39.349029918767016,0.25,9.837257479691754
32,5,REVENUE,39.8067054638349,0.25,9.951676365958726
30,5,REVENUE,47.709226229198094,0.25,11.927306557299524
38,5,REVENUE,33.538660716910584,0.25,8.384665179227646
67,5,REVENUE,56.45724248894636,0.25,14.11431062223659
100,5,REVENUE,24.619123178550783,0.25,6.154780794637696
105,5,REVENUE,34.360880220445814,0.25,8.590220055111454
28,5,REVENUE,50.972032567729485,0.25,12.743008141932371
37,5,REVENUE,33.43998374153289,0.25,8.359995935383223
74,5,REVENUE,42.24468179050738,0.25,10.561170447626845
95,5,REVENUE,49.76704802111716,0.25,12.44176200527929
59,5,REVENUE,31.10209407226794,0.25,7.775523518066985
63,5,REVENUE,51.17133297660897,0.25,12.792833244152243
93,5,REVENUE,35.59250058616985,0.25,8.898125146542462
27,5,REVENUE,40.077358080390056,0.25,10.019339520097514
87,5,REVENUE,50.41517701719025,0.25,12.603794254297563
65,5,REVENUE,46.32165677012579,0.25,11.580414192531448
61,5,REVENUE,29.75457083540542,0.25,7.438642708851355
66,5,REVENUE,32.337986963825976,0.25,8.084496740956494
35,5,REVENUE,21.373313159269173,0.25,5.343328289817293
108,5,REVENUE,23.42544657450417,0.25,5.856361643626043
82,5,REVENUE,5.993698622921571,0.25,1.4984246557303929
39,5,REVENUE,25.00929523882475,0.25,6.252323809706187
107,5,REVENUE,28.58909171905677,0.25,7.147272929764193
97,5,REVENUE,15.522962629811408,0.25,3.880740657452852
112,5,REVENUE,39.4844311416035,0.25,9.871107785400875
54,5,REVENUE,21.59751005948283,0.25,5.399377514870707
73,5,REVENUE,29.039824800637867,0.25,7.259956200159467
77,5,REVENUE,30.70443661745754,0.25,7.676109154364385
116,5,REVENUE,13.804271495992388,0.25,3.451067873998097
60,5,REVENUE,22.685074278407967,0.25,5.671268569601992
106,5,REVENUE,39.431644818183344,0.25,9.857911204545836
109,5,REVENUE,2.1967660869730237,0.25,0.5491915217432559
25,5,REVENUE,38.87387057981642,0.25,9.718467644954105
110,5,REVENUE,29.88919420459484,0.25,7.47229855114871
111,5,REVENUE,19.56518256765027,0.25,4.891295641912568
69,5,REVENUE,37.1799382711543,0.25,9.294984567788575
24,5,REVENUE,32.71087924282879,0.25,8.177719810707197
119,5,REVENUE,7.330229186390288,0.25,1.832557296597572
81,5,REVENUE,16.3621028272546,0.25,4.09052570681365
96,5,REVENUE,25.76984150997561,0.25,6.442460377493902
98,5,REVENUE,37.12231008964856,0.25,9.28057752241214
94,5,REVENUE,24.761401138673182,0.25,6.190350284668296
78,5,REVENUE,17.700642250955795,0.25,4.425160562738949
79,5,REVENUE,1.8578062373468471,0.25,0.4644515593367118
57,5,REVENUE,28.20126831974786,0.25,7.050317079936965
114,5,REVENUE,14.225417841684903,0.25,3.556354460421226
103,5,REVENUE,11.874194834176926,0.25,2.9685487085442315
70,5,REVENUE,0.8530926582314802,0.25,0.21327316455787004
62,5,REVENUE,25.651521322698105,0.25,6.412880330674526
88,5,REVENUE,39.412714012587365,0.25,9.853178503146841
71,5,REVENUE,39.86342920170553,0.25,9.965857300426382
64,5,REVENUE,26.024169297759865,0.25,6.506042324439966
92,5,REVENUE,10.952984920563985,0.25,2.738246230140996
113,5,REVENUE,10.773528632395688,0.25,2.693382158098922
115,5,REVENUE,3.3330024522447985,0.25,0.8332506130611996
58,5,REVENUE,0.0,0.25,0.0
76,5,REVENUE,0.0,0.25,0.0
89,5,REVENUE,19.49003885342637,0.25,4.872509713356592
91,5,REVENUE,4.119636528748124,0.25,1.029909132187031
52,2,REVENUE,86.48257295479064,0.25,21.62064323869766
18,2,REVENUE,100.0,0.25,25.0
1,2,REVENUE,100.0,0.25,25.0
17,2,REVENUE,87.58029690123006,0.25,21.895074225307514
6,2,REVENUE,100.0,0.25,25.0
51,2,REVENUE,45.81112619712815,0.25,11.452781549282037
41,2,REVENUE,91.21914592782628,0.25,22.80478648195657
3,2,REVENUE,83.38445672630186,0.25,20.846114181575466
8,2,REVENUE,91.63909450855954,0.25,22.909773627139884
13,2,REVENUE,91.4900410356602,0.25,22.87251025891505
16,2,REVENUE,80.57166224945628,0.25,20.14291556236407
21,2,REVENUE,90.50425450611614,0.25,22.626063626529035
15,2,REVENUE,85.8083951709644,0.25,21.4520987927411
55,2,REVENUE,60.93600304732823,0.25,15.234000761832057
19,2,REVENUE,83.83689945480735,0.25,20.959224863701838
46,2,REVENUE,66.05070904288549,0.25,16.51267726072137
22,2,REVENUE,89.44524978451253,0.25,22.36131244612813
7,2,REVENUE,81.78076318837473,0.25,20.445190797093684
12,2,REVENUE,61.60895283653291,0.25,15.402238209133227
43,2,REVENUE,62.728659918897634,0.25,15.682164979724408
2,2,REVENUE,82.43731184478648,0.25,20.60932796119662
4,2,REVENUE,84.90680011836301,0.25,21.226700029590752
14,2,REVENUE,69.98611035273552,0.25,17.49652758818388
45,2,REVENUE,84.76070857102447,0.25,21.190177142756117
42,2,REVENUE,46.80802908175695,0.25,11.702007270439237
9,2,REVENUE,61.00457499218652,0.25,15.25114374804663
85,2,REVENUE,45.878214929819826,0.25,11.469553732454957
5,2,REVENUE,54.5801607485699,0.25,13.645040187142476
10,2,REVENUE,37.22577344025786,0.25,9.306443360064465
83,2,REVENUE,70.57725284506041,0.25,17.644313211265104
44,2,REVENUE,60.52672423538395,0.25,15.131681058845988
40,2,REVENUE,51.672932538521366,0.25,12.918233134630341
50,2,REVENUE,31.380554320735317,0.25,7.845138580183829
11,2,REVENUE,47.26435183808807,0.25,11.816087959522017
118,2,REVENUE,60.61207983923609,0.25,15.153019959809022
34,2,REVENUE,37.47085482499262,0.25,9.367713706248155
49,2,REVENUE,21.53582895809929,0.25,5.383957239524823
101,2,REVENUE,51.18961356725912,0.25,12.79740339181478
20,2,REVENUE,44.219467994149035,0.25,11.054866998537259
104,2,REVENUE,47.92065845134002,0.25,11.980164612835004
75,2,REVENUE,60.51412575359576,0.25,15.12853143839894
86,2,REVENUE,36.185121107142926,0.25,9.046280276785732
99,2,REVENUE,43.46065704622947,0.25,10.865164261557368
84,2,REVENUE,53.2367944889881,0.25,13.309198622247026
120,2,REVENUE,48.19174275285552,0.25,12.04793568821388
72,2,REVENUE,55.36118926596424,0.25,13.84029731649106
102,2,REVENUE,45.40754733531048,0.25,11.35188683382762
31,2,REVENUE,43.36054241439907,0.25,10.840135603599768
26,2,REVENUE,52.693506829129014,0.25,13.173376707282253
33,2,REVENUE,33.80985183515807,0.25,8.452462958789518
48,2,REVENUE,27.603488272881577,0.25,6.900872068220394
68,2,REVENUE,65.15639295947265,0.25,16.289098239868164
53,2,REVENUE,34.478674902772056,0.25,8.619668725693014
36,2,REVENUE,35.45969792632512,0.25,8.86492448158128
47,2,REVENUE,27.340568782346335,0.25,6.835142195586584
90,2,REVENUE,53.75040013898237,0.25,13.437600034745593
23,2,REVENUE,44.25002914105078,0.25,11.062507285262695
29,2,REVENUE,44.38058423748591,0.25,11.095146059371478
56,2,REVENUE,28.928983771283665,0.25,7.232245942820916
117,2,REVENUE,26.385801052476612,0.25,6.596450263119153
80,2,REVENUE,32.12991045953274,0.25,8.032477614883184
30,2,REVENUE,40.679256475484195,0.25,10.169814118871049
38,2,REVENUE,27.378041491421737,0.25,6.844510372855434
32,2,REVENUE,33.80421877484818,0.25,8.451054693712045
67,2,REVENUE,49.826256715156674,0.25,12.456564178789169
105,2,REVENUE,28.985492750874144,0.25,7.246373187718536
100,2,REVENUE,18.72712304675006,0.25,4.681780761687515
74,2,REVENUE,36.57342944107793,0.25,9.143357360269482
28,2,REVENUE,44.196458932607214,0.25,11.049114733151804
37,2,REVENUE,27.62593645740602,0.25,6.906484114351505
59,2,REVENUE,25.46773964261345,0.25,6.366934910653362
95,2,REVENUE,43.935765579896746,0.25,10.983941394974186
63,2,REVENUE,44.61482385624745,0.25,11.153705964061862
93,2,REVENUE,29.51380390140998,0.25,7.378450975352495
87,2,REVENUE,44.62607568169932,0.25,11.15651892042483
27,2,REVENUE,34.200311201333115,0.25,8.550077800333279
65,2,REVENUE,40.15719431866945,0.25,10.039298579667362
61,2,REVENUE,23.966028400391075,0.25,5.991507100097769
66,2,REVENUE,26.416177312361047,0.25,6.604044328090262
35,2,REVENUE,14.820563506361198,0.25,3.7051408765902996
108,2,REVENUE,17.70280689349491,0.25,4.425701723373727
82,2,REVENUE,0.428958634056955,0.25,0.10723965851423875
107,2,REVENUE,22.272940737020456,0.25,5.568235184255114
73,2,REVENUE,23.155209250973897,0.25,5.788802312743474
39,2,REVENUE,18.62817242330722,0.25,4.657043105826805
54,2,REVENUE,15.491353789214893,0.25,3.872838447303723
112,2,REVENUE,33.171774649935074,0.25,8.292943662483768
116,2,REVENUE,8.028513229315182,0.25,2.0071283073287955
77,2,REVENUE,24.778395328058384,0.25,6.194598832014596
97,2,REVENUE,9.588285650853733,0.25,2.397071412713433
106,2,REVENUE,33.41436565939003,0.25,8.353591414847507
109,2,REVENUE,1.326086273786584,0.25,0.331521568446646
60,2,REVENUE,16.84169432179732,0.25,4.21042358044933
110,2,REVENUE,23.975184278004747,0.25,5.993796069501187
96,2,REVENUE,20.2608945747626,0.25,5.06522364369065
25,2,REVENUE,32.75487937347806,0.25,8.188719843369515
119,2,REVENUE,1.774125489614497,0.25,0.4435313724036242
24,2,REVENUE,26.49649925161716,0.25,6.62412481290429
69,2,REVENUE,30.35713348362711,0.25,7.589283370906777
111,2,REVENUE,13.95923032501005,0.25,3.4898075812525127
94,2,REVENUE,18.936051710505858,0.25,4.734012927626464
98,2,REVENUE,31.031056320745353,0.25,7.757764080186338
81,2,REVENUE,10.58534567486597,0.25,2.6463364187164924
79,2,REVENUE,1.0708934639795629,0.25,0.2677233659948907
70,2,REVENUE,0.0034204169960744,0.25,0.0008551042490186
78,2,REVENUE,11.683483786508384,0.25,2.920870946627096
71,2,REVENUE,34.52727122481465,0.25,8.631817806203662
103,2,REVENUE,6.279063814512093,0.25,1.5697659536280233
114,2,REVENUE,8.998322466201481,0.25,2.2495806165503702
57,2,REVENUE,22.02249980105208,0.25,5.50562495026302
62,2,REVENUE,20.71165317829262,0.25,5.177913294573155
88,2,REVENUE,33.67975380956634,0.25,8.419938452391586
64,2,REVENUE,20.22966692415536,0.25,5.05741673103884
115,2,REVENUE,0.0,0.25,0.0
58,2,REVENUE,0.0,0.25,0.0
92,2,REVENUE,5.3376771660013045,0.25,1.3344192915003261
113,2,REVENUE,5.2530576492875705,0.25,1.3132644123218926
76,2,REVENUE,0.0,0.25,0.0
91,2,REVENUE,0.0917908003155096,0.25,0.0229477000788774
89,2,REVENUE,13.872468976324736,0.25,3.468117244081184
52,3,REVENUE,86.48257295479064,0.25,21.62064323869766
18,3,REVENUE,100.0,0.25,25.0
1,3,REVENUE,100.0,0.25,25.0
6,3,REVENUE,100.0,0.25,25.0
17,3,REVENUE,87.58029690123006,0.25,21.895074225307514
51,3,REVENUE,45.81112619712815,0.25,11.452781549282037
41,3,REVENUE,91.21914592782628,0.25,22.80478648195657
3,3,REVENUE,83.38445672630186,0.25,20.846114181575466
8,3,REVENUE,91.63909450855954,0.25,22.909773627139884
13,3,REVENUE,91.4900410356602,0.25,22.87251025891505
21,3,REVENUE,90.50425450611614,0.25,22.626063626529035
16,3,REVENUE,80.57166224945628,0.25,20.14291556236407
15,3,REVENUE,85.8083951709644,0.25,21.4520987927411
19,3,REVENUE,83.83689945480735,0.25,20.959224863701838
55,3,REVENUE,60.93600304732823,0.25,15.234000761832057
46,3,REVENUE,66.05070904288549,0.25,16.51267726072137
22,3,REVENUE,89.44524978451253,0.25,22.36131244612813
7,3,REVENUE,81.78076318837473,0.25,20.445190797093684
2,3,REVENUE,82.43731184478648,0.25,20.60932796119662
12,3,REVENUE,61.60895283653291,0.25,15.402238209133227
4,3,REVENUE,84.90680011836301,0.25,21.226700029590752
43,3,REVENUE,62.728659918897634,0.25,15.682164979724408
14,3,REVENUE,69.98611035273552,0.25,17.49652758818388
45,3,REVENUE,84.76070857102447,0.25,21.190177142756117
42,3,REVENUE,46.80802908175695,0.25,11.702007270439237
9,3,REVENUE,61.00457499218652,0.25,15.25114374804663
5,3,REVENUE,54.5801607485699,0.25,13.645040187142476
85,3,REVENUE,45.878214929819826,0.25,11.469553732454957
10,3,REVENUE,37.22577344025786,0.25,9.306443360064465
83,3,REVENUE,70.57725284506041,0.25,17.644313211265104
44,3,REVENUE,60.52672423538395,0.25,15.131681058845988
11,3,REVENUE,47.26435183808807,0.25,11.816087959522017
50,3,REVENUE,31.380554320735317,0.25,7.845138580183829
40,3,REVENUE,51.672932538521366,0.25,12.918233134630341
20,3,REVENUE,44.219467994149035,0.25,11.054866998537259
49,3,REVENUE,21.53582895809929,0.25,5.383957239524823
118,3,REVENUE,60.61207983923609,0.25,15.153019959809022
104,3,REVENUE,47.92065845134002,0.25,11.980164612835004
34,3,REVENUE,37.47085482499262,0.25,9.367713706248155
101,3,REVENUE,51.18961356725912,0.25,12.79740339181478
75,3,REVENUE,60.51412575359576,0.25,15.12853143839894
86,3,REVENUE,36.185121107142926,0.25,9.046280276785732
99,3,REVENUE,43.46065704622947,0.25,10.865164261557368
72,3,REVENUE,55.36118926596424,0.25,13.84029731649106
31,3,REVENUE,43.36054241439907,0.25,10.840135603599768
120,3,REVENUE,48.19174275285552,0.25,12.04793568821388
48,3,REVENUE,27.603488272881577,0.25,6.900872068220394
68,3,REVENUE,65.15639295947265,0.25,16.289098239868164
84,3,REVENUE,53.2367944889881,0.25,13.309198622247026
102,3,REVENUE,45.40754733531048,0.25,11.35188683382762
26,3,REVENUE,52.693506829129014,0.25,13.173376707282253
36,3,REVENUE,35.45969792632512,0.25,8.86492448158128
33,3,REVENUE,33.80985183515807,0.25,8.452462958789518
53,3,REVENUE,34.478674902772056,0.25,8.619668725693014
47,3,REVENUE,27.340568782346335,0.25,6.835142195586584
90,3,REVENUE,53.75040013898237,0.25,13.437600034745593
29,3,REVENUE,44.38058423748591,0.25,11.095146059371478
23,3,REVENUE,44.25002914105078,0.25,11.062507285262695
56,3,REVENUE,28.928983771283665,0.25,7.232245942820916
30,3,REVENUE,40.679256475484195,0.25,10.169814118871049
67,3,REVENUE,49.826256715156674,0.25,12.456564178789169
32,3,REVENUE,33.80421877484818,0.25,8.451054693712045
80,3,REVENUE,32.12991045953274,0.25,8.032477614883184
38,3,REVENUE,27.378041491421737,0.25,6.844510372855434
117,3,REVENUE,26.385801052476612,0.25,6.596450263119153
105,3,REVENUE,28.985492750874144,0.25,7.246373187718536
74,3,REVENUE,36.57342944107793,0.25,9.143357360269482
28,3,REVENUE,44.196458932607214,0.25,11.049114733151804
100,3,REVENUE,18.72712304675006,0.25,4.681780761687515
37,3,REVENUE,27.62593645740602,0.25,6.906484114351505
95,3,REVENUE,43.935765579896746,0.25,10.983941394974186
63,3,REVENUE,44.61482385624745,0.25,11.153705964061862
27,3,REVENUE,34.200311201333115,0.25,8.550077800333279
93,3,REVENUE,29.51380390140998,0.25,7.378450975352495
65,3,REVENUE,40.15719431866945,0.25,10.039298579667362
87,3,REVENUE,44.62607568169932,0.25,11.15651892042483
59,3,REVENUE,25.46773964261345,0.25,6.366934910653362
66,3,REVENUE,26.416177312361047,0.25,6.604044328090262
61,3,REVENUE,23.966028400391075,0.25,5.991507100097769
112,3,REVENUE,33.171774649935074,0.25,8.292943662483768
73,3,REVENUE,23.155209250973897,0.25,5.788802312743474
108,3,REVENUE,17.70280689349491,0.25,4.425701723373727
77,3,REVENUE,24.778395328058384,0.25,6.194598832014596
54,3,REVENUE,15.491353789214893,0.25,3.872838447303723
107,3,REVENUE,22.272940737020456,0.25,5.568235184255114
39,3,REVENUE,18.62817242330722,0.25,4.657043105826805
35,3,REVENUE,14.820563506361198,0.25,3.7051408765902996
82,3,REVENUE,0.428958634056955,0.25,0.10723965851423875
97,3,REVENUE,9.588285650853733,0.25,2.397071412713433
60,3,REVENUE,16.84169432179732,0.25,4.21042358044933
106,3,REVENUE,33.41436565939003,0.25,8.353591414847507
116,3,REVENUE,8.028513229315182,0.25,2.0071283073287955
25,3,REVENUE,32.75487937347806,0.25,8.188719843369515
110,3,REVENUE,23.975184278004747,0.25,5.993796069501187
96,3,REVENUE,20.2608945747626,0.25,5.06522364369065
111,3,REVENUE,13.95923032501005,0.25,3.4898075812525127
109,3,REVENUE,1.326086273786584,0.25,0.331521568446646
69,3,REVENUE,30.35713348362711,0.25,7.589283370906777
24,3,REVENUE,26.49649925161716,0.25,6.62412481290429
81,3,REVENUE,10.58534567486597,0.25,2.6463364187164924
94,3,REVENUE,18.936051710505858,0.25,4.734012927626464
119,3,REVENUE,1.774125489614497,0.25,0.4435313724036242
98,3,REVENUE,31.031056320745353,0.25,7.757764080186338
71,3,REVENUE,34.52727122481465,0.25,8.631817806203662
78,3,REVENUE,11.683483786508384,0.25,2.920870946627096
79,3,REVENUE,1.0708934639795629,0.25,0.2677233659948907
70,3,REVENUE,0.0034204169960744,0.25,0.0008551042490186
62,3,REVENUE,20.71165317829262,0.25,5.177913294573155
114,3,REVENUE,8.998322466201481,0.25,2.2495806165503702
57,3,REVENUE,22.02249980105208,0.25,5.50562495026302
88,3,REVENUE,33.67975380956634,0.25,8.419938452391586
64,3,REVENUE,20.22966692415536,0.25,5.05741673103884
103,3,REVENUE,6.279063814512093,0.25,1.5697659536280233
115,3,REVENUE,0.0,0.25,0.0
113,3,REVENUE,5.2530576492875705,0.25,1.3132644123218926
92,3,REVENUE,5.3376771660013045,0.25,1.3344192915003261
58,3,REVENUE,0.0,0.25,0.0
76,3,REVENUE,0.0,0.25,0.0
91,3,REVENUE,0.0917908003155096,0.25,0.0229477000788774
89,3,REVENUE,13.872468976324736,0.25,3.468117244081184
52,6,REVENUE,86.48257295479064,0.25,21.62064323869766
18,6,REVENUE,100.0,0.25,25.0
1,6,REVENUE,100.0,0.25,25.0
17,6,REVENUE,87.58029690123006,0.25,21.895074225307514
6,6,REVENUE,100.0,0.25,25.0
41,6,REVENUE,91.21914592782628,0.25,22.80478648195657
3,6,REVENUE,83.38445672630186,0.25,20.846114181575466
51,6,REVENUE,45.81112619712815,0.25,11.452781549282037
8,6,REVENUE,91.63909450855954,0.25,22.909773627139884
13,6,REVENUE,91.4900410356602,0.25,22.87251025891505
16,6,REVENUE,80.57166224945628,0.25,20.14291556236407
21,6,REVENUE,90.50425450611614,0.25,22.626063626529035
15,6,REVENUE,85.8083951709644,0.25,21.4520987927411
19,6,REVENUE,83.83689945480735,0.25,20.959224863701838
55,6,REVENUE,60.93600304732823,0.25,15.234000761832057
46,6,REVENUE,66.05070904288549,0.25,16.51267726072137
22,6,REVENUE,89.44524978451253,0.25,22.36131244612813
7,6,REVENUE,81.78076318837473,0.25,20.445190797093684
43,6,REVENUE,62.728659918897634,0.25,15.682164979724408
12,6,REVENUE,61.60895283653291,0.25,15.402238209133227
2,6,REVENUE,82.43731184478648,0.25,20.60932796119662
4,6,REVENUE,84.90680011836301,0.25,21.226700029590752
14,6,REVENUE,69.98611035273552,0.25,17.49652758818388
45,6,REVENUE,84.76070857102447,0.25,21.190177142756117
42,6,REVENUE,46.80802908175695,0.25,11.702007270439237
9,6,REVENUE,61.00457499218652,0.25,15.25114374804663
85,6,REVENUE,45.878214929819826,0.25,11.469553732454957
5,6,REVENUE,54.5801607485699,0.25,13.645040187142476
10,6,REVENUE,37.22577344025786,0.25,9.306443360064465
83,6,REVENUE,70.57725284506041,0.25,17.644313211265104
44,6,REVENUE,60.52672423538395,0.25,15.131681058845988
40,6,REVENUE,51.672932538521366,0.25,12.918233134630341
50,6,REVENUE,31.380554320735317,0.25,7.845138580183829
11,6,REVENUE,47.26435183808807,0.25,11.816087959522017
34,6,REVENUE,37.47085482499262,0.25,9.367713706248155
118,6,REVENUE,60.61207983923609,0.25,15.153019959809022
49,6,REVENUE,21.53582895809929,0.25,5.383957239524823
101,6,REVENUE,51.18961356725912,0.25,12.79740339181478
20,6,REVENUE,44.219467994149035,0.25,11.054866998537259
104,6,REVENUE,47.92065845134002,0.25,11.980164612835004
86,6,REVENUE,36.185121107142926,0.25,9.046280276785732
75,6,REVENUE,60.51412575359576,0.25,15.12853143839894
99,6,REVENUE,43.46065704622947,0.25,10.865164261557368
120,6,REVENUE,48.19174275285552,0.25,12.04793568821388
84,6,REVENUE,53.2367944889881,0.25,13.309198622247026
72,6,REVENUE,55.36118926596424,0.25,13.84029731649106
102,6,REVENUE,45.40754733531048,0.25,11.35188683382762
31,6,REVENUE,43.36054241439907,0.25,10.840135603599768
26,6,REVENUE,52.693506829129014,0.25,13.173376707282253
33,6,REVENUE,33.80985183515807,0.25,8.452462958789518
48,6,REVENUE,27.603488272881577,0.25,6.900872068220394
68,6,REVENUE,65.15639295947265,0.25,16.289098239868164
53,6,REVENUE,34.478674902772056,0.25,8.619668725693014
36,6,REVENUE,35.45969792632512,0.25,8.86492448158128
47,6,REVENUE,27.340568782346335,0.25,6.835142195586584
90,6,REVENUE,53.75040013898237,0.25,13.437600034745593
23,6,REVENUE,44.25002914105078,0.25,11.062507285262695
29,6,REVENUE,44.38058423748591,0.25,11.095146059371478
56,6,REVENUE,28.928983771283665,0.25,7.232245942820916
117,6,REVENUE,26.385801052476612,0.25,6.596450263119153
80,6,REVENUE,32.12991045953274,0.25,8.032477614883184
30,6,REVENUE,40.679256475484195,0.25,10.169814118871049
32,6,REVENUE,33.80421877484818,0.25,8.451054693712045
38,6,REVENUE,27.378041491421737,0.25,6.844510372855434
67,6,REVENUE,49.826256715156674,0.25,12.456564178789169
105,6,REVENUE,28.985492750874144,0.25,7.246373187718536
100,6,REVENUE,18.72712304675006,0.25,4.681780761687515
74,6,REVENUE,36.57342944107793,0.25,9.143357360269482
28,6,REVENUE,44.196458932607214,0.25,11.049114733151804
37,6,REVENUE,27.62593645740602,0.25,6.906484114351505
59,6,REVENUE,25.46773964261345,0.25,6.366934910653362
95,6,REVENUE,43.935765579896746,0.25,10.983941394974186
93,6,REVENUE,29.51380390140998,0.25,7.378450975352495
63,6,REVENUE,44.61482385624745,0.25,11.153705964061862
87,6,REVENUE,44.62607568169932,0.25,11.15651892042483
27,6,REVENUE,34.200311201333115,0.25,8.550077800333279
65,6,REVENUE,40.15719431866945,0.25,10.039298579667362
61,6,REVENUE,23.966028400391075,0.25,5.991507100097769
66,6,REVENUE,26.416177312361047,0.25,6.604044328090262
35,6,REVENUE,14.820563506361198,0.25,3.7051408765902996
108,6,REVENUE,17.70280689349491,0.25,4.425701723373727
82,6,REVENUE,0.428958634056955,0.25,0.10723965851423875
107,6,REVENUE,22.272940737020456,0.25,5.568235184255114
54,6,REVENUE,15.491353789214893,0.25,3.872838447303723
39,6,REVENUE,18.62817242330722,0.25,4.657043105826805
73,6,REVENUE,23.155209250973897,0.25,5.788802312743474
116,6,REVENUE,8.028513229315182,0.25,2.0071283073287955
77,6,REVENUE,24.778395328058384,0.25,6.194598832014596
97,6,REVENUE,9.588285650853733,0.25,2.397071412713433
106,6,REVENUE,33.41436565939003,0.25,8.353591414847507
60,6,REVENUE,16.84169432179732,0.25,4.21042358044933
109,6,REVENUE,1.326086273786584,0.25,0.331521568446646
112,6,REVENUE,33.171774649935074,0.25,8.292943662483768
25,6,REVENUE,32.75487937347806,0.25,8.188719843369515
96,6,REVENUE,20.2608945747626,0.25,5.06522364369065
119,6,REVENUE,1.774125489614497,0.25,0.4435313724036242
24,6,REVENUE,26.49649925161716,0.25,6.62412481290429
69,6,REVENUE,30.35713348362711,0.25,7.589283370906777
94,6,REVENUE,18.936051710505858,0.25,4.734012927626464
98,6,REVENUE,31.031056320745353,0.25,7.757764080186338
81,6,REVENUE,10.58534567486597,0.25,2.6463364187164924
79,6,REVENUE,1.0708934639795629,0.25,0.2677233659948907
110,6,REVENUE,23.975184278004747,0.25,5.993796069501187
70,6,REVENUE,0.0034204169960744,0.25,0.0008551042490186
111,6,REVENUE,13.95923032501005,0.25,3.4898075812525127
78,6,REVENUE,11.683483786508384,0.25,2.920870946627096
71,6,REVENUE,34.52727122481465,0.25,8.631817806203662
103,6,REVENUE,6.279063814512093,0.25,1.5697659536280233
57,6,REVENUE,22.02249980105208,0.25,5.50562495026302
62,6,REVENUE,20.71165317829262,0.25,5.177913294573155
88,6,REVENUE,33.67975380956634,0.25,8.419938452391586
114,6,REVENUE,8.998322466201481,0.25,2.2495806165503702
64,6,REVENUE,20.22966692415536,0.25,5.05741673103884
115,6,REVENUE,0.0,0.25,0.0
58,6,REVENUE,0.0,0.25,0.0
92,6,REVENUE,5.3376771660013045,0.25,1.3344192915003261
76,6,REVENUE,0.0,0.25,0.0
113,6,REVENUE,5.2530576492875705,0.25,1.3132644123218926
91,6,REVENUE,0.0917908003155096,0.25,0.0229477000788774
89,6,REVENUE,13.872468976324736,0.25,3.468117244081184
52,7,REVENUE,86.48257295479064,0.2,17.29651459095813
18,7,REVENUE,100.0,0.2,20.0
1,7,REVENUE,100.0,0.2,20.0
51,7,REVENUE,45.81112619712815,0.2,9.162225239425629
6,7,REVENUE,100.0,0.2,20.0
17,7,REVENUE,87.58029690123006,0.2,17.516059380246013
3,7,REVENUE,83.38445672630186,0.2,16.676891345260373
41,7,REVENUE,91.21914592782628,0.2,18.243829185565257
55,7,REVENUE,60.93600304732823,0.2,12.187200609465647
8,7,REVENUE,91.63909450855954,0.2,18.327818901711908
16,7,REVENUE,80.57166224945628,0.2,16.114332449891258
19,7,REVENUE,83.83689945480735,0.2,16.76737989096147
15,7,REVENUE,85.8083951709644,0.2,17.161679034192883
13,7,REVENUE,91.4900410356602,0.2,18.29800820713204
46,7,REVENUE,66.05070904288549,0.2,13.210141808577099
21,7,REVENUE,90.50425450611614,0.2,18.10085090122323
22,7,REVENUE,89.44524978451253,0.2,17.889049956902507
12,7,REVENUE,61.60895283653291,0.2,12.321790567306582
7,7,REVENUE,81.78076318837473,0.2,16.35615263767495
43,7,REVENUE,62.728659918897634,0.2,12.545731983779527
4,7,REVENUE,84.90680011836301,0.2,16.981360023672604
2,7,REVENUE,82.43731184478648,0.2,16.487462368957296
14,7,REVENUE,69.98611035273552,0.2,13.997222070547105
42,7,REVENUE,46.80802908175695,0.2,9.36160581635139
5,7,REVENUE,54.5801607485699,0.2,10.916032149713981
9,7,REVENUE,61.00457499218652,0.2,12.200914998437305
10,7,REVENUE,37.22577344025786,0.2,7.445154688051573
45,7,REVENUE,84.76070857102447,0.2,16.952141714204895
50,7,REVENUE,31.380554320735317,0.2,6.276110864147064
44,7,REVENUE,60.52672423538395,0.2,12.105344847076791
49,7,REVENUE,21.53582895809929,0.2,4.307165791619858
85,7,REVENUE,45.878214929819826,0.2,9.175642985963966
40,7,REVENUE,51.672932538521366,0.2,10.334586507704273
83,7,REVENUE,70.57725284506041,0.2,14.115450569012083
48,7,REVENUE,27.603488272881577,0.2,5.520697654576316
20,7,REVENUE,44.219467994149035,0.2,8.843893598829807
34,7,REVENUE,37.47085482499262,0.2,7.494170964998524
11,7,REVENUE,47.26435183808807,0.2,9.452870367617614
118,7,REVENUE,60.61207983923609,0.2,12.122415967847218
104,7,REVENUE,47.92065845134002,0.2,9.584131690268004
101,7,REVENUE,51.18961356725912,0.2,10.237922713451825
86,7,REVENUE,36.185121107142926,0.2,7.237024221428586
47,7,REVENUE,27.340568782346335,0.2,5.4681137564692675
99,7,REVENUE,43.46065704622947,0.2,8.692131409245894
33,7,REVENUE,33.80985183515807,0.2,6.761970367031615
72,7,REVENUE,55.36118926596424,0.2,11.07223785319285
102,7,REVENUE,45.40754733531048,0.2,9.081509467062096
31,7,REVENUE,43.36054241439907,0.2,8.672108482879814
120,7,REVENUE,48.19174275285552,0.2,9.638348550571104
84,7,REVENUE,53.2367944889881,0.2,10.647358897797622
36,7,REVENUE,35.45969792632512,0.2,7.091939585265024
75,7,REVENUE,60.51412575359576,0.2,12.102825150719154
32,7,REVENUE,33.80421877484818,0.2,6.7608437549696365
80,7,REVENUE,32.12991045953274,0.2,6.425982091906548
26,7,REVENUE,52.693506829129014,0.2,10.538701365825803
100,7,REVENUE,18.72712304675006,0.2,3.745424609350012
29,7,REVENUE,44.38058423748591,0.2,8.876116847497183
117,7,REVENUE,26.385801052476612,0.2,5.277160210495323
56,7,REVENUE,28.928983771283665,0.2,5.785796754256733
90,7,REVENUE,53.75040013898237,0.2,10.750080027796475
53,7,REVENUE,34.478674902772056,0.2,6.895734980554412
68,7,REVENUE,65.15639295947265,0.2,13.031278591894532
38,7,REVENUE,27.378041491421737,0.2,5.475608298284348
30,7,REVENUE,40.679256475484195,0.2,8.13585129509684
105,7,REVENUE,28.985492750874144,0.2,5.797098550174829
37,7,REVENUE,27.62593645740602,0.2,5.525187291481204
23,7,REVENUE,44.25002914105078,0.2,8.850005828210156
67,7,REVENUE,49.826256715156674,0.2,9.965251343031335
59,7,REVENUE,25.46773964261345,0.2,5.09354792852269
28,7,REVENUE,44.196458932607214,0.2,8.839291786521443
82,7,REVENUE,0.428958634056955,0.2,0.08579172681139101
97,7,REVENUE,9.588285650853733,0.2,1.9176571301707466
95,7,REVENUE,43.935765579896746,0.2,8.787153115979349
108,7,REVENUE,17.70280689349491,0.2,3.540561378698982
35,7,REVENUE,14.820563506361198,0.2,2.96411270127224
63,7,REVENUE,44.61482385624745,0.2,8.92296477124949
74,7,REVENUE,36.57342944107793,0.2,7.314685888215585
109,7,REVENUE,1.326086273786584,0.2,0.2652172547573168
66,7,REVENUE,26.416177312361047,0.2,5.283235462472209
54,7,REVENUE,15.491353789214893,0.2,3.098270757842979
27,7,REVENUE,34.200311201333115,0.2,6.840062240266623
39,7,REVENUE,18.62817242330722,0.2,3.725634484661444
87,7,REVENUE,44.62607568169932,0.2,8.925215136339864
65,7,REVENUE,40.15719431866945,0.2,8.03143886373389
93,7,REVENUE,29.51380390140998,0.2,5.902760780281996
60,7,REVENUE,16.84169432179732,0.2,3.368338864359464
77,7,REVENUE,24.778395328058384,0.2,4.955679065611677
107,7,REVENUE,22.272940737020456,0.2,4.454588147404091
61,7,REVENUE,23.966028400391075,0.2,4.7932056800782155
116,7,REVENUE,8.028513229315182,0.2,1.6057026458630366
106,7,REVENUE,33.41436565939003,0.2,6.682873131878006
73,7,REVENUE,23.155209250973897,0.2,4.631041850194779
112,7,REVENUE,33.171774649935074,0.2,6.6343549299870155
79,7,REVENUE,1.0708934639795629,0.2,0.2141786927959126
111,7,REVENUE,13.95923032501005,0.2,2.7918460650020105
78,7,REVENUE,11.683483786508384,0.2,2.336696757301677
25,7,REVENUE,32.75487937347806,0.2,6.550975874695613
119,7,REVENUE,1.774125489614497,0.2,0.3548250979228994
110,7,REVENUE,23.975184278004747,0.2,4.79503685560095
98,7,REVENUE,31.031056320745353,0.2,6.206211264149071
70,7,REVENUE,0.0034204169960744,0.2,0.0006840833992148801
81,7,REVENUE,10.58534567486597,0.2,2.117069134973194
24,7,REVENUE,26.49649925161716,0.2,5.2992998503234325
69,7,REVENUE,30.35713348362711,0.2,6.071426696725422
96,7,REVENUE,20.2608945747626,0.2,4.05217891495252
94,7,REVENUE,18.936051710505858,0.2,3.787210342101172
103,7,REVENUE,6.279063814512093,0.2,1.2558127629024187
57,7,REVENUE,22.02249980105208,0.2,4.4044999602104165
114,7,REVENUE,8.998322466201481,0.2,1.7996644932402963
62,7,REVENUE,20.71165317829262,0.2,4.142330635658524
64,7,REVENUE,20.22966692415536,0.2,4.045933384831073
71,7,REVENUE,34.52727122481465,0.2,6.90545424496293
88,7,REVENUE,33.67975380956634,0.2,6.735950761913269
113,7,REVENUE,5.2530576492875705,0.2,1.050611529857514
92,7,REVENUE,5.3376771660013045,0.2,1.067535433200261
76,7,REVENUE,0.0,0.2,0.0
58,7,REVENUE,0.0,0.2,0.0
115,7,REVENUE,0.0,0.2,0.0
89,7,REVENUE,13.872468976324736,0.2,2.7744937952649473
91,7,REVENUE,0.0917908003155096,0.2,0.01835816006310192
18,10,REVENUE,100.0,0.4,40.0
52,10,REVENUE,86.48257295479064,0.4,34.59302918191626
1,10,REVENUE,100.0,0.4,40.0
6,10,REVENUE,100.0,0.4,40.0
17,10,REVENUE,87.58029690123006,0.4,35.032118760492025
41,10,REVENUE,91.21914592782628,0.4,36.487658371130514
8,10,REVENUE,91.63909450855954,0.4,36.655637803423815
13,10,REVENUE,91.4900410356602,0.4,36.59601641426408
3,10,REVENUE,83.38445672630186,0.4,33.353782690520745
21,10,REVENUE,90.50425450611614,0.4,36.20170180244646
22,10,REVENUE,89.44524978451253,0.4,35.778099913805015
15,10,REVENUE,85.8083951709644,0.4,34.323358068385765
19,10,REVENUE,83.83689945480735,0.4,33.53475978192294
16,10,REVENUE,80.57166224945628,0.4,32.228664899782515
51,10,REVENUE,45.81112619712815,0.4,18.324450478851258
7,10,REVENUE,81.78076318837473,0.4,32.7123052753499
46,10,REVENUE,66.05070904288549,0.4,26.420283617154197
2,10,REVENUE,82.43731184478648,0.4,32.97492473791459
4,10,REVENUE,84.90680011836301,0.4,33.96272004734521
55,10,REVENUE,60.93600304732823,0.4,24.374401218931293
45,10,REVENUE,84.76070857102447,0.4,33.90428342840979
43,10,REVENUE,62.728659918897634,0.4,25.091463967559054
14,10,REVENUE,69.98611035273552,0.4,27.99444414109421
12,10,REVENUE,61.60895283653291,0.4,24.643581134613164
83,10,REVENUE,70.57725284506041,0.4,28.230901138024166
9,10,REVENUE,61.00457499218652,0.4,24.40182999687461
85,10,REVENUE,45.878214929819826,0.4,18.351285971927933
42,10,REVENUE,46.80802908175695,0.4,18.72321163270278
44,10,REVENUE,60.52672423538395,0.4,24.210689694153583
40,10,REVENUE,51.672932538521366,0.4,20.669173015408546
5,10,REVENUE,54.5801607485699,0.4,21.832064299427962
118,10,REVENUE,60.61207983923609,0.4,24.244831935694435
10,10,REVENUE,37.22577344025786,0.4,14.890309376103145
75,10,REVENUE,60.51412575359576,0.4,24.205650301438308
101,10,REVENUE,51.18961356725912,0.4,20.47584542690365
84,10,REVENUE,53.2367944889881,0.4,21.294717795595243
11,10,REVENUE,47.26435183808807,0.4,18.905740735235227
34,10,REVENUE,37.47085482499262,0.4,14.988341929997048
104,10,REVENUE,47.92065845134002,0.4,19.168263380536008
72,10,REVENUE,55.36118926596424,0.4,22.1444757063857
50,10,REVENUE,31.380554320735317,0.4,12.552221728294128
120,10,REVENUE,48.19174275285552,0.4,19.276697101142208
68,10,REVENUE,65.15639295947265,0.4,26.062557183789064
99,10,REVENUE,43.46065704622947,0.4,17.384262818491788
20,10,REVENUE,44.219467994149035,0.4,17.687787197659613
102,10,REVENUE,45.40754733531048,0.4,18.163018934124192
26,10,REVENUE,52.693506829129014,0.4,21.077402731651606
86,10,REVENUE,36.185121107142926,0.4,14.474048442857171
33,10,REVENUE,33.80985183515807,0.4,13.52394073406323
31,10,REVENUE,43.36054241439907,0.4,17.344216965759628
90,10,REVENUE,53.75040013898237,0.4,21.50016005559295
53,10,REVENUE,34.478674902772056,0.4,13.791469961108824
49,10,REVENUE,21.53582895809929,0.4,8.614331583239716
29,10,REVENUE,44.38058423748591,0.4,17.752233694994366
36,10,REVENUE,35.45969792632512,0.4,14.183879170530048
23,10,REVENUE,44.25002914105078,0.4,17.700011656420312
30,10,REVENUE,40.679256475484195,0.4,16.27170259019368
67,10,REVENUE,49.826256715156674,0.4,19.93050268606267
117,10,REVENUE,26.385801052476612,0.4,10.554320420990646
56,10,REVENUE,28.928983771283665,0.4,11.571593508513466
47,10,REVENUE,27.340568782346335,0.4,10.936227512938535
95,10,REVENUE,43.935765579896746,0.4,17.574306231958698
80,10,REVENUE,32.12991045953274,0.4,12.851964183813095
48,10,REVENUE,27.603488272881577,0.4,11.041395309152632
28,10,REVENUE,44.196458932607214,0.4,17.678583573042886
74,10,REVENUE,36.57342944107793,0.4,14.62937177643117
32,10,REVENUE,33.80421877484818,0.4,13.521687509939273
63,10,REVENUE,44.61482385624745,0.4,17.84592954249898
38,10,REVENUE,27.378041491421737,0.4,10.951216596568695
59,10,REVENUE,25.46773964261345,0.4,10.18709585704538
87,10,REVENUE,44.62607568169932,0.4,17.850430272679727
105,10,REVENUE,28.985492750874144,0.4,11.594197100349659
100,10,REVENUE,18.72712304675006,0.4,7.490849218700024
37,10,REVENUE,27.62593645740602,0.4,11.050374582962409
65,10,REVENUE,40.15719431866945,0.4,16.06287772746778
93,10,REVENUE,29.51380390140998,0.4,11.805521560563992
27,10,REVENUE,34.200311201333115,0.4,13.680124480533246
61,10,REVENUE,23.966028400391075,0.4,9.586411360156431
112,10,REVENUE,33.171774649935074,0.4,13.268709859974031
66,10,REVENUE,26.416177312361047,0.4,10.566470924944419
106,10,REVENUE,33.41436565939003,0.4,13.365746263756012
107,10,REVENUE,22.272940737020456,0.4,8.909176294808182
108,10,REVENUE,17.70280689349491,0.4,7.081122757397964
77,10,REVENUE,24.778395328058384,0.4,9.911358131223354
35,10,REVENUE,14.820563506361198,0.4,5.92822540254448
54,10,REVENUE,15.491353789214893,0.4,6.196541515685958
73,10,REVENUE,23.155209250973897,0.4,9.262083700389558
110,10,REVENUE,23.975184278004747,0.4,9.5900737112019
98,10,REVENUE,31.031056320745353,0.4,12.412422528298142
39,10,REVENUE,18.62817242330722,0.4,7.451268969322888
25,10,REVENUE,32.75487937347806,0.4,13.101951749391226
60,10,REVENUE,16.84169432179732,0.4,6.736677728718928
69,10,REVENUE,30.35713348362711,0.4,12.142853393450844
116,10,REVENUE,8.028513229315182,0.4,3.211405291726073
96,10,REVENUE,20.2608945747626,0.4,8.10435782990504
71,10,REVENUE,34.52727122481465,0.4,13.81090848992586
82,10,REVENUE,0.428958634056955,0.4,0.17158345362278202
24,10,REVENUE,26.49649925161716,0.4,10.598599700646865
94,10,REVENUE,18.936051710505858,0.4,7.574420684202344
97,10,REVENUE,9.588285650853733,0.4,3.835314260341493
109,10,REVENUE,1.326086273786584,0.4,0.5304345095146336
88,10,REVENUE,33.67975380956634,0.4,13.471901523826538
57,10,REVENUE,22.02249980105208,0.4,8.808999920420833
111,10,REVENUE,13.95923032501005,0.4,5.583692130004021
119,10,REVENUE,1.774125489614497,0.4,0.7096501958457988
81,10,REVENUE,10.58534567486597,0.4,4.234138269946388
78,10,REVENUE,11.683483786508384,0.4,4.673393514603354
79,10,REVENUE,1.0708934639795629,0.4,0.4283573855918252
103,10,REVENUE,6.279063814512093,0.4,2.5116255258048374
62,10,REVENUE,20.71165317829262,0.4,8.284661271317049
114,10,REVENUE,8.998322466201481,0.4,3.5993289864805926
64,10,REVENUE,20.22966692415536,0.4,8.091866769662145
70,10,REVENUE,0.0034204169960744,0.4,0.0013681667984297601
92,10,REVENUE,5.3376771660013045,0.4,2.135070866400522
58,10,REVENUE,0.0,0.4,0.0
113,10,REVENUE,5.2530576492875705,0.4,2.101223059715028
115,10,REVENUE,0.0,0.4,0.0
76,10,REVENUE,0.0,0.4,0.0
89,10,REVENUE,13.872468976324736,0.4,5.548987590529895
91,10,REVENUE,0.0917908003155096,0.4,0.03671632012620384
52,9,REVENUE,86.48257295479064,0.2,17.29651459095813
51,9,REVENUE,45.81112619712815,0.2,9.162225239425629
17,9,REVENUE,87.58029690123006,0.2,17.516059380246013
18,9,REVENUE,100.0,0.2,20.0
1,9,REVENUE,100.0,0.2,20.0
6,9,REVENUE,100.0,0.2,20.0
41,9,REVENUE,91.21914592782628,0.2,18.243829185565257
3,9,REVENUE,83.38445672630186,0.2,16.676891345260373
21,9,REVENUE,90.50425450611614,0.2,18.10085090122323
13,9,REVENUE,91.4900410356602,0.2,18.29800820713204
8,9,REVENUE,91.63909450855954,0.2,18.327818901711908
46,9,REVENUE,66.05070904288549,0.2,13.210141808577099
16,9,REVENUE,80.57166224945628,0.2,16.114332449891258
15,9,REVENUE,85.8083951709644,0.2,17.161679034192883
19,9,REVENUE,83.83689945480735,0.2,16.76737989096147
55,9,REVENUE,60.93600304732823,0.2,12.187200609465647
22,9,REVENUE,89.44524978451253,0.2,17.889049956902507
85,9,REVENUE,45.878214929819826,0.2,9.175642985963966
7,9,REVENUE,81.78076318837473,0.2,16.35615263767495
12,9,REVENUE,61.60895283653291,0.2,12.321790567306582
2,9,REVENUE,82.43731184478648,0.2,16.487462368957296
43,9,REVENUE,62.728659918897634,0.2,12.545731983779527
14,9,REVENUE,69.98611035273552,0.2,13.997222070547105
42,9,REVENUE,46.80802908175695,0.2,9.36160581635139
45,9,REVENUE,84.76070857102447,0.2,16.952141714204895
4,9,REVENUE,84.90680011836301,0.2,16.981360023672604
9,9,REVENUE,61.00457499218652,0.2,12.200914998437305
5,9,REVENUE,54.5801607485699,0.2,10.916032149713981
83,9,REVENUE,70.57725284506041,0.2,14.115450569012083
11,9,REVENUE,47.26435183808807,0.2,9.452870367617614
10,9,REVENUE,37.22577344025786,0.2,7.445154688051573
40,9,REVENUE,51.672932538521366,0.2,10.334586507704273
101,9,REVENUE,51.18961356725912,0.2,10.237922713451825
86,9,REVENUE,36.185121107142926,0.2,7.237024221428586
75,9,REVENUE,60.51412575359576,0.2,12.102825150719154
50,9,REVENUE,31.380554320735317,0.2,6.276110864147064
34,9,REVENUE,37.47085482499262,0.2,7.494170964998524
118,9,REVENUE,60.61207983923609,0.2,12.122415967847218
104,9,REVENUE,47.92065845134002,0.2,9.584131690268004
44,9,REVENUE,60.52672423538395,0.2,12.105344847076791
120,9,REVENUE,48.19174275285552,0.2,9.638348550571104
99,9,REVENUE,43.46065704622947,0.2,8.692131409245894
31,9,REVENUE,43.36054241439907,0.2,8.672108482879814
26,9,REVENUE,52.693506829129014,0.2,10.538701365825803
20,9,REVENUE,44.219467994149035,0.2,8.843893598829807
53,9,REVENUE,34.478674902772056,0.2,6.895734980554412
68,9,REVENUE,65.15639295947265,0.2,13.031278591894532
49,9,REVENUE,21.53582895809929,0.2,4.307165791619858
102,9,REVENUE,45.40754733531048,0.2,9.081509467062096
23,9,REVENUE,44.25002914105078,0.2,8.850005828210156
84,9,REVENUE,53.2367944889881,0.2,10.647358897797622
72,9,REVENUE,55.36118926596424,0.2,11.07223785319285
33,9,REVENUE,33.80985183515807,0.2,6.761970367031615
36,9,REVENUE,35.45969792632512,0.2,7.091939585265024
56,9,REVENUE,28.928983771283665,0.2,5.785796754256733
67,9,REVENUE,49.826256715156674,0.2,9.965251343031335
90,9,REVENUE,53.75040013898237,0.2,10.750080027796475
74,9,REVENUE,36.57342944107793,0.2,7.314685888215585
38,9,REVENUE,27.378041491421737,0.2,5.475608298284348
30,9,REVENUE,40.679256475484195,0.2,8.13585129509684
105,9,REVENUE,28.985492750874144,0.2,5.797098550174829
93,9,REVENUE,29.51380390140998,0.2,5.902760780281996
29,9,REVENUE,44.38058423748591,0.2,8.876116847497183
117,9,REVENUE,26.385801052476612,0.2,5.277160210495323
47,9,REVENUE,27.340568782346335,0.2,5.4681137564692675
80,9,REVENUE,32.12991045953274,0.2,6.425982091906548
28,9,REVENUE,44.196458932607214,0.2,8.839291786521443
59,9,REVENUE,25.46773964261345,0.2,5.09354792852269
48,9,REVENUE,27.603488272881577,0.2,5.520697654576316
27,9,REVENUE,34.200311201333115,0.2,6.840062240266623
37,9,REVENUE,27.62593645740602,0.2,5.525187291481204
32,9,REVENUE,33.80421877484818,0.2,6.7608437549696365
61,9,REVENUE,23.966028400391075,0.2,4.7932056800782155
65,9,REVENUE,40.15719431866945,0.2,8.03143886373389
63,9,REVENUE,44.61482385624745,0.2,8.92296477124949
87,9,REVENUE,44.62607568169932,0.2,8.925215136339864
100,9,REVENUE,18.72712304675006,0.2,3.745424609350012
66,9,REVENUE,26.416177312361047,0.2,5.283235462472209
95,9,REVENUE,43.935765579896746,0.2,8.787153115979349
116,9,REVENUE,8.028513229315182,0.2,1.6057026458630366
73,9,REVENUE,23.155209250973897,0.2,4.631041850194779
96,9,REVENUE,20.2608945747626,0.2,4.05217891495252
112,9,REVENUE,33.171774649935074,0.2,6.6343549299870155
107,9,REVENUE,22.272940737020456,0.2,4.454588147404091
35,9,REVENUE,14.820563506361198,0.2,2.96411270127224
82,9,REVENUE,0.428958634056955,0.2,0.08579172681139101
39,9,REVENUE,18.62817242330722,0.2,3.725634484661444
110,9,REVENUE,23.975184278004747,0.2,4.79503685560095
119,9,REVENUE,1.774125489614497,0.2,0.3548250979228994
54,9,REVENUE,15.491353789214893,0.2,3.098270757842979
108,9,REVENUE,17.70280689349491,0.2,3.540561378698982
77,9,REVENUE,24.778395328058384,0.2,4.955679065611677
24,9,REVENUE,26.49649925161716,0.2,5.2992998503234325
111,9,REVENUE,13.95923032501005,0.2,2.7918460650020105
69,9,REVENUE,30.35713348362711,0.2,6.071426696725422
109,9,REVENUE,1.326086273786584,0.2,0.2652172547573168
94,9,REVENUE,18.936051710505858,0.2,3.787210342101172
25,9,REVENUE,32.75487937347806,0.2,6.550975874695613
60,9,REVENUE,16.84169432179732,0.2,3.368338864359464
81,9,REVENUE,10.58534567486597,0.2,2.117069134973194
97,9,REVENUE,9.588285650853733,0.2,1.9176571301707466
106,9,REVENUE,33.41436565939003,0.2,6.682873131878006
70,9,REVENUE,0.0034204169960744,0.2,0.0006840833992148801
115,9,REVENUE,0.0,0.2,0.0
79,9,REVENUE,1.0708934639795629,0.2,0.2141786927959126
114,9,REVENUE,8.998322466201481,0.2,1.7996644932402963
98,9,REVENUE,31.031056320745353,0.2,6.206211264149071
103,9,REVENUE,6.279063814512093,0.2,1.2558127629024187
71,9,REVENUE,34.52727122481465,0.2,6.90545424496293
62,9,REVENUE,20.71165317829262,0.2,4.142330635658524
88,9,REVENUE,33.67975380956634,0.2,6.735950761913269
78,9,REVENUE,11.683483786508384,0.2,2.336696757301677
64,9,REVENUE,20.22966692415536,0.2,4.045933384831073
57,9,REVENUE,22.02249980105208,0.2,4.4044999602104165
58,9,REVENUE,0.0,0.2,0.0
92,9,REVENUE,5.3376771660013045,0.2,1.067535433200261
91,9,REVENUE,0.0917908003155096,0.2,0.01835816006310192
113,9,REVENUE,5.2530576492875705,0.2,1.050611529857514
76,9,REVENUE,0.0,0.2,0.0
89,9,REVENUE,13.872468976324736,0.2,2.7744937952649473
52,11,REVENUE,86.48257295479064,0.2,17.29651459095813
18,11,REVENUE,100.0,0.2,20.0
17,11,REVENUE,87.58029690123006,0.2,17.516059380246013
1,11,REVENUE,100.0,0.2,20.0
6,11,REVENUE,100.0,0.2,20.0
51,11,REVENUE,45.81112619712815,0.2,9.162225239425629
3,11,REVENUE,83.38445672630186,0.2,16.676891345260373
13,11,REVENUE,91.4900410356602,0.2,18.29800820713204
41,11,REVENUE,91.21914592782628,0.2,18.243829185565257
16,11,REVENUE,80.57166224945628,0.2,16.114332449891258
55,11,REVENUE,60.93600304732823,0.2,12.187200609465647
15,11,REVENUE,85.8083951709644,0.2,17.161679034192883
8,11,REVENUE,91.63909450855954,0.2,18.327818901711908
19,11,REVENUE,83.83689945480735,0.2,16.76737989096147
21,11,REVENUE,90.50425450611614,0.2,18.10085090122323
46,11,REVENUE,66.05070904288549,0.2,13.210141808577099
22,11,REVENUE,89.44524978451253,0.2,17.889049956902507
2,11,REVENUE,82.43731184478648,0.2,16.487462368957296
14,11,REVENUE,69.98611035273552,0.2,13.997222070547105
7,11,REVENUE,81.78076318837473,0.2,16.35615263767495
12,11,REVENUE,61.60895283653291,0.2,12.321790567306582
43,11,REVENUE,62.728659918897634,0.2,12.545731983779527
45,11,REVENUE,84.76070857102447,0.2,16.952141714204895
4,11,REVENUE,84.90680011836301,0.2,16.981360023672604
10,11,REVENUE,37.22577344025786,0.2,7.445154688051573
42,11,REVENUE,46.80802908175695,0.2,9.36160581635139
11,11,REVENUE,47.26435183808807,0.2,9.452870367617614
5,11,REVENUE,54.5801607485699,0.2,10.916032149713981
9,11,REVENUE,61.00457499218652,0.2,12.200914998437305
85,11,REVENUE,45.878214929819826,0.2,9.175642985963966
83,11,REVENUE,70.57725284506041,0.2,14.115450569012083
50,11,REVENUE,31.380554320735317,0.2,6.276110864147064
44,11,REVENUE,60.52672423538395,0.2,12.105344847076791
40,11,REVENUE,51.672932538521366,0.2,10.334586507704273
118,11,REVENUE,60.61207983923609,0.2,12.122415967847218
104,11,REVENUE,47.92065845134002,0.2,9.584131690268004
34,11,REVENUE,37.47085482499262,0.2,7.494170964998524
20,11,REVENUE,44.219467994149035,0.2,8.843893598829807
75,11,REVENUE,60.51412575359576,0.2,12.102825150719154
49,11,REVENUE,21.53582895809929,0.2,4.307165791619858
53,11,REVENUE,34.478674902772056,0.2,6.895734980554412
86,11,REVENUE,36.185121107142926,0.2,7.237024221428586
84,11,REVENUE,53.2367944889881,0.2,10.647358897797622
72,11,REVENUE,55.36118926596424,0.2,11.07223785319285
31,11,REVENUE,43.36054241439907,0.2,8.672108482879814
101,11,REVENUE,51.18961356725912,0.2,10.237922713451825
99,11,REVENUE,43.46065704622947,0.2,8.692131409245894
56,11,REVENUE,28.928983771283665,0.2,5.785796754256733
120,11,REVENUE,48.19174275285552,0.2,9.638348550571104
33,11,REVENUE,33.80985183515807,0.2,6.761970367031615
47,11,REVENUE,27.340568782346335,0.2,5.4681137564692675
48,11,REVENUE,27.603488272881577,0.2,5.520697654576316
36,11,REVENUE,35.45969792632512,0.2,7.091939585265024
102,11,REVENUE,45.40754733531048,0.2,9.081509467062096
74,11,REVENUE,36.57342944107793,0.2,7.314685888215585
30,11,REVENUE,40.679256475484195,0.2,8.13585129509684
32,11,REVENUE,33.80421877484818,0.2,6.7608437549696365
80,11,REVENUE,32.12991045953274,0.2,6.425982091906548
68,11,REVENUE,65.15639295947265,0.2,13.031278591894532
26,11,REVENUE,52.693506829129014,0.2,10.538701365825803
29,11,REVENUE,44.38058423748591,0.2,8.876116847497183
117,11,REVENUE,26.385801052476612,0.2,5.277160210495323
38,11,REVENUE,27.378041491421737,0.2,5.475608298284348
100,11,REVENUE,18.72712304675006,0.2,3.745424609350012
95,11,REVENUE,43.935765579896746,0.2,8.787153115979349
90,11,REVENUE,53.75040013898237,0.2,10.750080027796475
37,11,REVENUE,27.62593645740602,0.2,5.525187291481204
54,11,REVENUE,15.491353789214893,0.2,3.098270757842979
61,11,REVENUE,23.966028400391075,0.2,4.7932056800782155
27,11,REVENUE,34.200311201333115,0.2,6.840062240266623
23,11,REVENUE,44.25002914105078,0.2,8.850005828210156
105,11,REVENUE,28.985492750874144,0.2,5.797098550174829
112,11,REVENUE,33.171774649935074,0.2,6.6343549299870155
67,11,REVENUE,49.826256715156674,0.2,9.965251343031335
59,11,REVENUE,25.46773964261345,0.2,5.09354792852269
93,11,REVENUE,29.51380390140998,0.2,5.902760780281996
73,11,REVENUE,23.155209250973897,0.2,4.631041850194779
63,11,REVENUE,44.61482385624745,0.2,8.92296477124949
77,11,REVENUE,24.778395328058384,0.2,4.955679065611677
66,11,REVENUE,26.416177312361047,0.2,5.283235462472209
108,11,REVENUE,17.70280689349491,0.2,3.540561378698982
82,11,REVENUE,0.428958634056955,0.2,0.08579172681139101
28,11,REVENUE,44.196458932607214,0.2,8.839291786521443
110,11,REVENUE,23.975184278004747,0.2,4.79503685560095
96,11,REVENUE,20.2608945747626,0.2,4.05217891495252
116,11,REVENUE,8.028513229315182,0.2,1.6057026458630366
60,11,REVENUE,16.84169432179732,0.2,3.368338864359464
107,11,REVENUE,22.272940737020456,0.2,4.454588147404091
111,11,REVENUE,13.95923032501005,0.2,2.7918460650020105
65,11,REVENUE,40.15719431866945,0.2,8.03143886373389
87,11,REVENUE,44.62607568169932,0.2,8.925215136339864
109,11,REVENUE,1.326086273786584,0.2,0.2652172547573168
39,11,REVENUE,18.62817242330722,0.2,3.725634484661444
81,11,REVENUE,10.58534567486597,0.2,2.117069134973194
119,11,REVENUE,1.774125489614497,0.2,0.3548250979228994
94,11,REVENUE,18.936051710505858,0.2,3.787210342101172
70,11,REVENUE,0.0034204169960744,0.2,0.0006840833992148801
97,11,REVENUE,9.588285650853733,0.2,1.9176571301707466
35,11,REVENUE,14.820563506361198,0.2,2.96411270127224
79,11,REVENUE,1.0708934639795629,0.2,0.2141786927959126
114,11,REVENUE,8.998322466201481,0.2,1.7996644932402963
78,11,REVENUE,11.683483786508384,0.2,2.336696757301677
25,11,REVENUE,32.75487937347806,0.2,6.550975874695613
106,11,REVENUE,33.41436565939003,0.2,6.682873131878006
69,11,REVENUE,30.35713348362711,0.2,6.071426696725422
71,11,REVENUE,34.52727122481465,0.2,6.90545424496293
115,11,REVENUE,0.0,0.2,0.0
62,11,REVENUE,20.71165317829262,0.2,4.142330635658524
57,11,REVENUE,22.02249980105208,0.2,4.4044999602104165
24,11,REVENUE,26.49649925161716,0.2,5.2992998503234325
98,11,REVENUE,31.031056320745353,0.2,6.206211264149071
113,11,REVENUE,5.2530576492875705,0.2,1.050611529857514
64,11,REVENUE,20.22966692415536,0.2,4.045933384831073
103,11,REVENUE,6.279063814512093,0.2,1.2558127629024187
76,11,REVENUE,0.0,0.2,0.0
58,11,REVENUE,0.0,0.2,0.0
92,11,REVENUE,5.3376771660013045,0.2,1.067535433200261
88,11,REVENUE,33.67975380956634,0.2,6.735950761913269
91,11,REVENUE,0.0917908003155096,0.2,0.01835816006310192
89,11,REVENUE,13.872468976324736,0.2,2.7744937952649473
52,8,REVENUE,86.48257295479064,0.2,17.29651459095813
51,8,REVENUE,45.81112619712815,0.2,9.162225239425629
18,8,REVENUE,100.0,0.2,20.0
17,8,REVENUE,87.58029690123006,0.2,17.516059380246013
1,8,REVENUE,100.0,0.2,20.0
41,8,REVENUE,91.21914592782628,0.2,18.243829185565257
6,8,REVENUE,100.0,0.2,20.0
3,8,REVENUE,83.38445672630186,0.2,16.676891345260373
46,8,REVENUE,66.05070904288549,0.2,13.210141808577099
13,8,REVENUE,91.4900410356602,0.2,18.29800820713204
16,8,REVENUE,80.57166224945628,0.2,16.114332449891258
85,8,REVENUE,45.878214929819826,0.2,9.175642985963966
8,8,REVENUE,91.63909450855954,0.2,18.327818901711908
55,8,REVENUE,60.93600304732823,0.2,12.187200609465647
21,8,REVENUE,90.50425450611614,0.2,18.10085090122323
15,8,REVENUE,85.8083951709644,0.2,17.161679034192883
22,8,REVENUE,89.44524978451253,0.2,17.889049956902507
19,8,REVENUE,83.83689945480735,0.2,16.76737989096147
43,8,REVENUE,62.728659918897634,0.2,12.545731983779527
12,8,REVENUE,61.60895283653291,0.2,12.321790567306582
14,8,REVENUE,69.98611035273552,0.2,13.997222070547105
2,8,REVENUE,82.43731184478648,0.2,16.487462368957296
7,8,REVENUE,81.78076318837473,0.2,16.35615263767495
45,8,REVENUE,84.76070857102447,0.2,16.952141714204895
42,8,REVENUE,46.80802908175695,0.2,9.36160581635139
83,8,REVENUE,70.57725284506041,0.2,14.115450569012083
10,8,REVENUE,37.22577344025786,0.2,7.445154688051573
40,8,REVENUE,51.672932538521366,0.2,10.334586507704273
4,8,REVENUE,84.90680011836301,0.2,16.981360023672604
34,8,REVENUE,37.47085482499262,0.2,7.494170964998524
101,8,REVENUE,51.18961356725912,0.2,10.237922713451825
11,8,REVENUE,47.26435183808807,0.2,9.452870367617614
9,8,REVENUE,61.00457499218652,0.2,12.200914998437305
75,8,REVENUE,60.51412575359576,0.2,12.102825150719154
86,8,REVENUE,36.185121107142926,0.2,7.237024221428586
50,8,REVENUE,31.380554320735317,0.2,6.276110864147064
5,8,REVENUE,54.5801607485699,0.2,10.916032149713981
118,8,REVENUE,60.61207983923609,0.2,12.122415967847218
84,8,REVENUE,53.2367944889881,0.2,10.647358897797622
120,8,REVENUE,48.19174275285552,0.2,9.638348550571104
53,8,REVENUE,34.478674902772056,0.2,6.895734980554412
44,8,REVENUE,60.52672423538395,0.2,12.105344847076791
33,8,REVENUE,33.80985183515807,0.2,6.761970367031615
99,8,REVENUE,43.46065704622947,0.2,8.692131409245894
104,8,REVENUE,47.92065845134002,0.2,9.584131690268004
102,8,REVENUE,45.40754733531048,0.2,9.081509467062096
31,8,REVENUE,43.36054241439907,0.2,8.672108482879814
72,8,REVENUE,55.36118926596424,0.2,11.07223785319285
26,8,REVENUE,52.693506829129014,0.2,10.538701365825803
49,8,REVENUE,21.53582895809929,0.2,4.307165791619858
56,8,REVENUE,28.928983771283665,0.2,5.785796754256733
20,8,REVENUE,44.219467994149035,0.2,8.843893598829807
117,8,REVENUE,26.385801052476612,0.2,5.277160210495323
68,8,REVENUE,65.15639295947265,0.2,13.031278591894532
23,8,REVENUE,44.25002914105078,0.2,8.850005828210156
36,8,REVENUE,35.45969792632512,0.2,7.091939585265024
74,8,REVENUE,36.57342944107793,0.2,7.314685888215585
59,8,REVENUE,25.46773964261345,0.2,5.09354792852269
38,8,REVENUE,27.378041491421737,0.2,5.475608298284348
90,8,REVENUE,53.75040013898237,0.2,10.750080027796475
30,8,REVENUE,40.679256475484195,0.2,8.13585129509684
47,8,REVENUE,27.340568782346335,0.2,5.4681137564692675
105,8,REVENUE,28.985492750874144,0.2,5.797098550174829
80,8,REVENUE,32.12991045953274,0.2,6.425982091906548
100,8,REVENUE,18.72712304675006,0.2,3.745424609350012
93,8,REVENUE,29.51380390140998,0.2,5.902760780281996
29,8,REVENUE,44.38058423748591,0.2,8.876116847497183
67,8,REVENUE,49.826256715156674,0.2,9.965251343031335
61,8,REVENUE,23.966028400391075,0.2,4.7932056800782155
116,8,REVENUE,8.028513229315182,0.2,1.6057026458630366
37,8,REVENUE,27.62593645740602,0.2,5.525187291481204
95,8,REVENUE,43.935765579896746,0.2,8.787153115979349
32,8,REVENUE,33.80421877484818,0.2,6.7608437549696365
82,8,REVENUE,0.428958634056955,0.2,0.08579172681139101
28,8,REVENUE,44.196458932607214,0.2,8.839291786521443
35,8,REVENUE,14.820563506361198,0.2,2.96411270127224
48,8,REVENUE,27.603488272881577,0.2,5.520697654576316
27,8,REVENUE,34.200311201333115,0.2,6.840062240266623
107,8,REVENUE,22.272940737020456,0.2,4.454588147404091
54,8,REVENUE,15.491353789214893,0.2,3.098270757842979
108,8,REVENUE,17.70280689349491,0.2,3.540561378698982
87,8,REVENUE,44.62607568169932,0.2,8.925215136339864
66,8,REVENUE,26.416177312361047,0.2,5.283235462472209
119,8,REVENUE,1.774125489614497,0.2,0.3548250979228994
63,8,REVENUE,44.61482385624745,0.2,8.92296477124949
110,8,REVENUE,23.975184278004747,0.2,4.79503685560095
96,8,REVENUE,20.2608945747626,0.2,4.05217891495252
65,8,REVENUE,40.15719431866945,0.2,8.03143886373389
73,8,REVENUE,23.155209250973897,0.2,4.631041850194779
109,8,REVENUE,1.326086273786584,0.2,0.2652172547573168
112,8,REVENUE,33.171774649935074,0.2,6.6343549299870155
39,8,REVENUE,18.62817242330722,0.2,3.725634484661444
77,8,REVENUE,24.778395328058384,0.2,4.955679065611677
94,8,REVENUE,18.936051710505858,0.2,3.787210342101172
60,8,REVENUE,16.84169432179732,0.2,3.368338864359464
79,8,REVENUE,1.0708934639795629,0.2,0.2141786927959126
97,8,REVENUE,9.588285650853733,0.2,1.9176571301707466
70,8,REVENUE,0.0034204169960744,0.2,0.0006840833992148801
106,8,REVENUE,33.41436565939003,0.2,6.682873131878006
81,8,REVENUE,10.58534567486597,0.2,2.117069134973194
103,8,REVENUE,6.279063814512093,0.2,1.2558127629024187
111,8,REVENUE,13.95923032501005,0.2,2.7918460650020105
24,8,REVENUE,26.49649925161716,0.2,5.2992998503234325
69,8,REVENUE,30.35713348362711,0.2,6.071426696725422
25,8,REVENUE,32.75487937347806,0.2,6.550975874695613
114,8,REVENUE,8.998322466201481,0.2,1.7996644932402963
98,8,REVENUE,31.031056320745353,0.2,6.206211264149071
115,8,REVENUE,0.0,0.2,0.0
78,8,REVENUE,11.683483786508384,0.2,2.336696757301677
71,8,REVENUE,34.52727122481465,0.2,6.90545424496293
57,8,REVENUE,22.02249980105208,0.2,4.4044999602104165
58,8,REVENUE,0.0,0.2,0.0
62,8,REVENUE,20.71165317829262,0.2,4.142330635658524
92,8,REVENUE,5.3376771660013045,0.2,1.067535433200261
88,8,REVENUE,33.67975380956634,0.2,6.735950761913269
64,8,REVENUE,20.22966692415536,0.2,4.045933384831073
113,8,REVENUE,5.2530576492875705,0.2,1.050611529857514
76,8,REVENUE,0.0,0.2,0.0
91,8,REVENUE,0.0917908003155096,0.2,0.01835816006310192
89,8,REVENUE,13.872468976324736,0.2,2.7744937952649473
52,1,COMPETITION,56.62981459994283,0.15,8.494472189991425
18,1,COMPETITION,34.07190525391261,0.15,5.110785788086892
1,1,COMPETITION,28.01778309409893,0.15,4.20266746411484
17,1,COMPETITION,32.27897596098332,0.15,4.841846394147497
6,1,COMPETITION,17.59272727272732,0.15,2.638909090909098
51,1,COMPETITION,88.87147265290734,0.15,13.330720897936102
41,1,COMPETITION,51.497771538194435,0.15,7.724665730729165
3,1,COMPETITION,24.088405797101448,0.15,3.613260869565217
8,1,COMPETITION,25.96424242424247,0.15,3.8946363636363706
13,1,COMPETITION,21.37887495088231,0.15,3.2068312426323464
16,1,COMPETITION,30.06455928808151,0.15,4.509683893212227
21,1,COMPETITION,26.41112439882522,0.15,3.9616686598237827
15,1,COMPETITION,28.955238587245947,0.15,4.343285788086892
19,1,COMPETITION,32.25334662104744,0.15,4.838001993157116
55,1,COMPETITION,50.42611089623913,0.15,7.563916634435869
46,1,COMPETITION,53.509676300099194,0.15,8.026451445014878
22,1,COMPETITION,46.48204131829587,0.15,6.9723061977443805
7,1,COMPETITION,21.799076479076525,0.15,3.269861471861479
43,1,COMPETITION,57.869676300099194,0.15,8.680451445014878
12,1,COMPETITION,34.84624091824828,0.15,5.226936137737241
2,1,COMPETITION,19.733908660910732,0.15,2.9600862991366097
4,1,COMPETITION,20.29421678416003,0.15,3.044132517624005
14,1,COMPETITION,30.027522251044473,0.15,4.504128337656671
45,1,COMPETITION,29.42910349792475,0.15,4.414365524688712
42,1,COMPETITION,47.869676300099194,0.15,7.180451445014879
9,1,COMPETITION,20.82945249597423,0.15,3.1244178743961344
85,1,COMPETITION,92.59394223043812,0.15,13.889091334565718
5,1,COMPETITION,18.270407260350503,0.15,2.740561089052575
10,1,COMPETITION,56.58687472255453,0.15,8.48803120838318
83,1,COMPETITION,66.60394223043812,0.15,9.990591334565718
44,1,COMPETITION,53.9996763000992,0.15,8.09995144501488
40,1,COMPETITION,86.17665783809252,0.15,12.926498675713878
50,1,COMPETITION,61.1833800038029,0.15,9.177507000570435
11,1,COMPETITION,18.48591511936339,0.15,2.7728872679045087
34,1,COMPETITION,95.5,0.15,14.325
118,1,COMPETITION,54.59289555920646,0.15,8.188934333880969
49,1,COMPETITION,51.25189852232142,0.15,7.687784778348212
101,1,COMPETITION,81.11581424157968,0.15,12.167372136236953
20,1,COMPETITION,21.966679954380776,0.15,3.295001993157116
104,1,COMPETITION,46.06222736081141,0.15,6.909334104121712
86,1,COMPETITION,67.01516435966221,0.15,10.05227465394933
75,1,COMPETITION,58.558169127100655,0.15,8.783725369065097
99,1,COMPETITION,67.10219555232379,0.15,10.065329332848568
120,1,COMPETITION,73.7962288925398,0.15,11.06943433388097
84,1,COMPETITION,85.92727556377146,0.15,12.889091334565718
72,1,COMPETITION,46.005410513289206,0.15,6.900811576993381
102,1,COMPETITION,73.15661984849525,0.15,10.973492977274288
31,1,COMPETITION,43.58566722930849,0.15,6.537850084396274
26,1,COMPETITION,54.72912150805304,0.15,8.209368226207955
33,1,COMPETITION,95.5,0.15,14.325
48,1,COMPETITION,32.63869164780797,0.15,4.895803747171195
68,1,COMPETITION,31.637505269296476,0.15,4.745625790394471
53,1,COMPETITION,59.950391180519006,0.15,8.99255867707785
36,1,COMPETITION,49.95981459994284,0.15,7.493972189991426
47,1,COMPETITION,52.34467135698334,0.15,7.8517007035475
90,1,COMPETITION,49.558894027478075,0.15,7.433834104121711
23,1,COMPETITION,49.258743846622544,0.15,7.3888115769933815
29,1,COMPETITION,40.29564911309307,0.15,6.044347366963961
56,1,COMPETITION,54.29745407787697,0.15,8.144618111681545
117,1,COMPETITION,95.5,0.15,14.325
80,1,COMPETITION,56.366228892539795,0.15,8.454934333880969
30,1,COMPETITION,43.58566722930849,0.15,6.537850084396274
32,1,COMPETITION,37.56342689087085,0.15,5.634514033630627
38,1,COMPETITION,61.519444229572464,0.15,9.22791663443587
67,1,COMPETITION,31.65232008411129,0.15,4.747848012616694
105,1,COMPETITION,61.25860607689176,0.15,9.188790911533763
100,1,COMPETITION,84.62147265290734,0.15,12.6932208979361
74,1,COMPETITION,44.25233389597516,0.15,6.637850084396274
28,1,COMPETITION,51.91594690487843,0.15,7.787392035731765
37,1,COMPETITION,51.6264812666095,0.15,7.743972189991425
59,1,COMPETITION,95.5,0.15,14.325
95,1,COMPETITION,45.04619035068226,0.15,6.756928552602338
93,1,COMPETITION,54.40886814765789,0.15,8.161330222148683
63,1,COMPETITION,31.875234265283055,0.15,4.781285139792458
87,1,COMPETITION,45.31558657396468,0.15,6.797337986094702
27,1,COMPETITION,26.21006781994849,0.15,3.9315101729922737
65,1,COMPETITION,29.193766115374338,0.15,4.379064917306151
61,1,COMPETITION,55.39796092464794,0.15,8.309694138697191
66,1,COMPETITION,42.856190350682255,0.15,6.428428552602338
35,1,COMPETITION,95.5,0.15,14.325
108,1,COMPETITION,67.98622512451081,0.15,10.197933768676622
82,1,COMPETITION,90.30764593414185,0.15,13.546146890121276
107,1,COMPETITION,64.32322146150715,0.15,9.64848321922607
112,1,COMPETITION,26.474162319083533,0.15,3.9711243478625295
54,1,COMPETITION,55.3064812666095,0.15,8.295972189991424
39,1,COMPETITION,56.883724513852336,0.15,8.53255867707785
73,1,COMPETITION,35.85279197023593,0.15,5.377918795535389
116,1,COMPETITION,80.01823825254705,0.15,12.002735737882057
77,1,COMPETITION,43.62900056264183,0.15,6.544350084396274
97,1,COMPETITION,68.15763064935987,0.15,10.22364459740398
106,1,COMPETITION,56.23067686586691,0.15,8.434601529880036
60,1,COMPETITION,54.52605616274318,0.15,8.178908424411476
109,1,COMPETITION,78.12996618862427,0.15,11.71949492829364
110,1,COMPETITION,50.62479275400193,0.15,7.59371891310029
25,1,COMPETITION,29.282795620549603,0.15,4.39241934308244
96,1,COMPETITION,40.87615485796877,0.15,6.131423228695316
119,1,COMPETITION,72.89823825254705,0.15,10.934735737882056
24,1,COMPETITION,49.67541051328921,0.15,7.451311576993381
69,1,COMPETITION,35.24743614904437,0.15,5.287115422356655
111,1,COMPETITION,27.474162319083533,0.15,4.12112434786253
94,1,COMPETITION,53.413227387719296,0.15,8.011984108157893
98,1,COMPETITION,65.27181975194758,0.15,9.790772962792136
81,1,COMPETITION,37.605667229308494,0.15,5.640850084396274
79,1,COMPETITION,76.46400667031757,0.15,11.469601000547636
70,1,COMPETITION,59.290650999700034,0.15,8.893597649955005
78,1,COMPETITION,45.66837347625217,0.15,6.850256021437826
71,1,COMPETITION,28.747778979852185,0.15,4.312166846977828
103,1,COMPETITION,95.5,0.15,14.325
114,1,COMPETITION,50.73859135956651,0.15,7.610788703934976
57,1,COMPETITION,51.68859135956651,0.15,7.753288703934976
62,1,COMPETITION,29.522293088812468,0.15,4.42834396332187
88,1,COMPETITION,32.815626422145804,0.15,4.922343963321871
64,1,COMPETITION,28.014542306333514,0.15,4.202181345950027
115,1,COMPETITION,27.096622080194276,0.15,4.064493312029141
58,1,COMPETITION,67.52192469289984,0.15,10.128288703934976
92,1,COMPETITION,56.07553481432455,0.15,8.411330222148681
113,1,COMPETITION,30.429955413527612,0.15,4.564493312029142
76,1,COMPETITION,41.734299402178095,0.15,6.260144910326714
91,1,COMPETITION,33.11898675077796,0.15,4.9678480126166935
89,1,COMPETITION,22.310501902293108,0.15,3.3465752853439663
18,4,COMPETITION,34.07190525391261,0.15,5.110785788086892
52,4,COMPETITION,56.62981459994283,0.15,8.494472189991425
6,4,COMPETITION,17.59272727272732,0.15,2.638909090909098
1,4,COMPETITION,28.01778309409893,0.15,4.20266746411484
51,4,COMPETITION,88.87147265290734,0.15,13.330720897936102
17,4,COMPETITION,32.27897596098332,0.15,4.841846394147497
41,4,COMPETITION,51.497771538194435,0.15,7.724665730729165
3,4,COMPETITION,24.088405797101448,0.15,3.613260869565217
13,4,COMPETITION,21.37887495088231,0.15,3.2068312426323464
21,4,COMPETITION,26.41112439882522,0.15,3.9616686598237827
8,4,COMPETITION,25.96424242424247,0.15,3.8946363636363706
55,4,COMPETITION,50.42611089623913,0.15,7.563916634435869
15,4,COMPETITION,28.955238587245947,0.15,4.343285788086892
16,4,COMPETITION,30.06455928808151,0.15,4.509683893212227
19,4,COMPETITION,32.25334662104744,0.15,4.838001993157116
46,4,COMPETITION,53.509676300099194,0.15,8.026451445014878
22,4,COMPETITION,46.48204131829587,0.15,6.9723061977443805
7,4,COMPETITION,21.799076479076525,0.15,3.269861471861479
12,4,COMPETITION,34.84624091824828,0.15,5.226936137737241
2,4,COMPETITION,19.733908660910732,0.15,2.9600862991366097
45,4,COMPETITION,29.42910349792475,0.15,4.414365524688712
43,4,COMPETITION,57.869676300099194,0.15,8.680451445014878
14,4,COMPETITION,30.027522251044473,0.15,4.504128337656671
4,4,COMPETITION,20.29421678416003,0.15,3.044132517624005
42,4,COMPETITION,47.869676300099194,0.15,7.180451445014879
9,4,COMPETITION,20.82945249597423,0.15,3.1244178743961344
85,4,COMPETITION,92.59394223043812,0.15,13.889091334565718
5,4,COMPETITION,18.270407260350503,0.15,2.740561089052575
10,4,COMPETITION,56.58687472255453,0.15,8.48803120838318
83,4,COMPETITION,66.60394223043812,0.15,9.990591334565718
40,4,COMPETITION,86.17665783809252,0.15,12.926498675713878
50,4,COMPETITION,61.1833800038029,0.15,9.177507000570435
44,4,COMPETITION,53.9996763000992,0.15,8.09995144501488
11,4,COMPETITION,18.48591511936339,0.15,2.7728872679045087
34,4,COMPETITION,95.5,0.15,14.325
101,4,COMPETITION,81.11581424157968,0.15,12.167372136236953
118,4,COMPETITION,54.59289555920646,0.15,8.188934333880969
20,4,COMPETITION,21.966679954380776,0.15,3.295001993157116
75,4,COMPETITION,58.558169127100655,0.15,8.783725369065097
49,4,COMPETITION,51.25189852232142,0.15,7.687784778348212
104,4,COMPETITION,46.06222736081141,0.15,6.909334104121712
84,4,COMPETITION,85.92727556377146,0.15,12.889091334565718
86,4,COMPETITION,67.01516435966221,0.15,10.05227465394933
99,4,COMPETITION,67.10219555232379,0.15,10.065329332848568
120,4,COMPETITION,73.7962288925398,0.15,11.06943433388097
72,4,COMPETITION,46.005410513289206,0.15,6.900811576993381
53,4,COMPETITION,59.950391180519006,0.15,8.99255867707785
31,4,COMPETITION,43.58566722930849,0.15,6.537850084396274
102,4,COMPETITION,73.15661984849525,0.15,10.973492977274288
33,4,COMPETITION,95.5,0.15,14.325
26,4,COMPETITION,54.72912150805304,0.15,8.209368226207955
68,4,COMPETITION,31.637505269296476,0.15,4.745625790394471
47,4,COMPETITION,52.34467135698334,0.15,7.8517007035475
48,4,COMPETITION,32.63869164780797,0.15,4.895803747171195
36,4,COMPETITION,49.95981459994284,0.15,7.493972189991426
90,4,COMPETITION,49.558894027478075,0.15,7.433834104121711
56,4,COMPETITION,54.29745407787697,0.15,8.144618111681545
23,4,COMPETITION,49.258743846622544,0.15,7.3888115769933815
117,4,COMPETITION,95.5,0.15,14.325
29,4,COMPETITION,40.29564911309307,0.15,6.044347366963961
74,4,COMPETITION,44.25233389597516,0.15,6.637850084396274
30,4,COMPETITION,43.58566722930849,0.15,6.537850084396274
38,4,COMPETITION,61.519444229572464,0.15,9.22791663443587
67,4,COMPETITION,31.65232008411129,0.15,4.747848012616694
80,4,COMPETITION,56.366228892539795,0.15,8.454934333880969
105,4,COMPETITION,61.25860607689176,0.15,9.188790911533763
32,4,COMPETITION,37.56342689087085,0.15,5.634514033630627
59,4,COMPETITION,95.5,0.15,14.325
100,4,COMPETITION,84.62147265290734,0.15,12.6932208979361
37,4,COMPETITION,51.6264812666095,0.15,7.743972189991425
28,4,COMPETITION,51.91594690487843,0.15,7.787392035731765
95,4,COMPETITION,45.04619035068226,0.15,6.756928552602338
93,4,COMPETITION,54.40886814765789,0.15,8.161330222148683
63,4,COMPETITION,31.875234265283055,0.15,4.781285139792458
87,4,COMPETITION,45.31558657396468,0.15,6.797337986094702
82,4,COMPETITION,90.30764593414185,0.15,13.546146890121276
65,4,COMPETITION,29.193766115374338,0.15,4.379064917306151
27,4,COMPETITION,26.21006781994849,0.15,3.9315101729922737
61,4,COMPETITION,55.39796092464794,0.15,8.309694138697191
66,4,COMPETITION,42.856190350682255,0.15,6.428428552602338
116,4,COMPETITION,80.01823825254705,0.15,12.002735737882057
109,4,COMPETITION,78.12996618862427,0.15,11.71949492829364
108,4,COMPETITION,67.98622512451081,0.15,10.197933768676622
35,4,COMPETITION,95.5,0.15,14.325
107,4,COMPETITION,64.32322146150715,0.15,9.64848321922607
54,4,COMPETITION,55.3064812666095,0.15,8.295972189991424
96,4,COMPETITION,40.87615485796877,0.15,6.131423228695316
73,4,COMPETITION,35.85279197023593,0.15,5.377918795535389
77,4,COMPETITION,43.62900056264183,0.15,6.544350084396274
119,4,COMPETITION,72.89823825254705,0.15,10.934735737882056
112,4,COMPETITION,26.474162319083533,0.15,3.9711243478625295
39,4,COMPETITION,56.883724513852336,0.15,8.53255867707785
110,4,COMPETITION,50.62479275400193,0.15,7.59371891310029
106,4,COMPETITION,56.23067686586691,0.15,8.434601529880036
97,4,COMPETITION,68.15763064935987,0.15,10.22364459740398
70,4,COMPETITION,59.290650999700034,0.15,8.893597649955005
79,4,COMPETITION,76.46400667031757,0.15,11.469601000547636
60,4,COMPETITION,54.52605616274318,0.15,8.178908424411476
94,4,COMPETITION,53.413227387719296,0.15,8.011984108157893
25,4,COMPETITION,29.282795620549603,0.15,4.39241934308244
24,4,COMPETITION,49.67541051328921,0.15,7.451311576993381
98,4,COMPETITION,65.27181975194758,0.15,9.790772962792136
69,4,COMPETITION,35.24743614904437,0.15,5.287115422356655
111,4,COMPETITION,27.474162319083533,0.15,4.12112434786253
103,4,COMPETITION,95.5,0.15,14.325
71,4,COMPETITION,28.747778979852185,0.15,4.312166846977828
81,4,COMPETITION,37.605667229308494,0.15,5.640850084396274
115,4,COMPETITION,27.096622080194276,0.15,4.064493312029141
62,4,COMPETITION,29.522293088812468,0.15,4.42834396332187
78,4,COMPETITION,45.66837347625217,0.15,6.850256021437826
114,4,COMPETITION,50.73859135956651,0.15,7.610788703934976
58,4,COMPETITION,67.52192469289984,0.15,10.128288703934976
88,4,COMPETITION,32.815626422145804,0.15,4.922343963321871
57,4,COMPETITION,51.68859135956651,0.15,7.753288703934976
64,4,COMPETITION,28.014542306333514,0.15,4.202181345950027
92,4,COMPETITION,56.07553481432455,0.15,8.411330222148681
91,4,COMPETITION,33.11898675077796,0.15,4.9678480126166935
113,4,COMPETITION,30.429955413527612,0.15,4.564493312029142
76,4,COMPETITION,41.734299402178095,0.15,6.260144910326714
89,4,COMPETITION,22.310501902293108,0.15,3.3465752853439663
52,5,COMPETITION,56.62981459994283,0.15,8.494472189991425
17,5,COMPETITION,32.27897596098332,0.15,4.841846394147497
18,5,COMPETITION,34.07190525391261,0.15,5.110785788086892
1,5,COMPETITION,28.01778309409893,0.15,4.20266746411484
41,5,COMPETITION,51.497771538194435,0.15,7.724665730729165
51,5,COMPETITION,88.87147265290734,0.15,13.330720897936102
6,5,COMPETITION,17.59272727272732,0.15,2.638909090909098
3,5,COMPETITION,24.088405797101448,0.15,3.613260869565217
8,5,COMPETITION,25.96424242424247,0.15,3.8946363636363706
16,5,COMPETITION,30.06455928808151,0.15,4.509683893212227
21,5,COMPETITION,26.41112439882522,0.15,3.9616686598237827
13,5,COMPETITION,21.37887495088231,0.15,3.2068312426323464
19,5,COMPETITION,32.25334662104744,0.15,4.838001993157116
15,5,COMPETITION,28.955238587245947,0.15,4.343285788086892
22,5,COMPETITION,46.48204131829587,0.15,6.9723061977443805
55,5,COMPETITION,50.42611089623913,0.15,7.563916634435869
46,5,COMPETITION,53.509676300099194,0.15,8.026451445014878
7,5,COMPETITION,21.799076479076525,0.15,3.269861471861479
12,5,COMPETITION,34.84624091824828,0.15,5.226936137737241
2,5,COMPETITION,19.733908660910732,0.15,2.9600862991366097
43,5,COMPETITION,57.869676300099194,0.15,8.680451445014878
4,5,COMPETITION,20.29421678416003,0.15,3.044132517624005
14,5,COMPETITION,30.027522251044473,0.15,4.504128337656671
45,5,COMPETITION,29.42910349792475,0.15,4.414365524688712
42,5,COMPETITION,47.869676300099194,0.15,7.180451445014879
9,5,COMPETITION,20.82945249597423,0.15,3.1244178743961344
85,5,COMPETITION,92.59394223043812,0.15,13.889091334565718
5,5,COMPETITION,18.270407260350503,0.15,2.740561089052575
10,5,COMPETITION,56.58687472255453,0.15,8.48803120838318
83,5,COMPETITION,66.60394223043812,0.15,9.990591334565718
44,5,COMPETITION,53.9996763000992,0.15,8.09995144501488
40,5,COMPETITION,86.17665783809252,0.15,12.926498675713878
50,5,COMPETITION,61.1833800038029,0.15,9.177507000570435
34,5,COMPETITION,95.5,0.15,14.325
11,5,COMPETITION,18.48591511936339,0.15,2.7728872679045087
118,5,COMPETITION,54.59289555920646,0.15,8.188934333880969
20,5,COMPETITION,21.966679954380776,0.15,3.295001993157116
101,5,COMPETITION,81.11581424157968,0.15,12.167372136236953
104,5,COMPETITION,46.06222736081141,0.15,6.909334104121712
86,5,COMPETITION,67.01516435966221,0.15,10.05227465394933
49,5,COMPETITION,51.25189852232142,0.15,7.687784778348212
99,5,COMPETITION,67.10219555232379,0.15,10.065329332848568
75,5,COMPETITION,58.558169127100655,0.15,8.783725369065097
120,5,COMPETITION,73.7962288925398,0.15,11.06943433388097
72,5,COMPETITION,46.005410513289206,0.15,6.900811576993381
102,5,COMPETITION,73.15661984849525,0.15,10.973492977274288
31,5,COMPETITION,43.58566722930849,0.15,6.537850084396274
84,5,COMPETITION,85.92727556377146,0.15,12.889091334565718
26,5,COMPETITION,54.72912150805304,0.15,8.209368226207955
33,5,COMPETITION,95.5,0.15,14.325
68,5,COMPETITION,31.637505269296476,0.15,4.745625790394471
36,5,COMPETITION,49.95981459994284,0.15,7.493972189991426
47,5,COMPETITION,52.34467135698334,0.15,7.8517007035475
48,5,COMPETITION,32.63869164780797,0.15,4.895803747171195
90,5,COMPETITION,49.558894027478075,0.15,7.433834104121711
29,5,COMPETITION,40.29564911309307,0.15,6.044347366963961
23,5,COMPETITION,49.258743846622544,0.15,7.3888115769933815
56,5,COMPETITION,54.29745407787697,0.15,8.144618111681545
80,5,COMPETITION,56.366228892539795,0.15,8.454934333880969
117,5,COMPETITION,95.5,0.15,14.325
53,5,COMPETITION,59.950391180519006,0.15,8.99255867707785
32,5,COMPETITION,37.56342689087085,0.15,5.634514033630627
30,5,COMPETITION,43.58566722930849,0.15,6.537850084396274
38,5,COMPETITION,61.519444229572464,0.15,9.22791663443587
67,5,COMPETITION,31.65232008411129,0.15,4.747848012616694
100,5,COMPETITION,84.62147265290734,0.15,12.6932208979361
105,5,COMPETITION,61.25860607689176,0.15,9.188790911533763
28,5,COMPETITION,51.91594690487843,0.15,7.787392035731765
37,5,COMPETITION,51.6264812666095,0.15,7.743972189991425
74,5,COMPETITION,44.25233389597516,0.15,6.637850084396274
95,5,COMPETITION,45.04619035068226,0.15,6.756928552602338
59,5,COMPETITION,95.5,0.15,14.325
63,5,COMPETITION,31.875234265283055,0.15,4.781285139792458
93,5,COMPETITION,54.40886814765789,0.15,8.161330222148683
27,5,COMPETITION,26.21006781994849,0.15,3.9315101729922737
87,5,COMPETITION,45.31558657396468,0.15,6.797337986094702
65,5,COMPETITION,29.193766115374338,0.15,4.379064917306151
61,5,COMPETITION,55.39796092464794,0.15,8.309694138697191
66,5,COMPETITION,42.856190350682255,0.15,6.428428552602338
35,5,COMPETITION,95.5,0.15,14.325
108,5,COMPETITION,67.98622512451081,0.15,10.197933768676622
82,5,COMPETITION,90.30764593414185,0.15,13.546146890121276
39,5,COMPETITION,56.883724513852336,0.15,8.53255867707785
107,5,COMPETITION,64.32322146150715,0.15,9.64848321922607
97,5,COMPETITION,68.15763064935987,0.15,10.22364459740398
112,5,COMPETITION,26.474162319083533,0.15,3.9711243478625295
54,5,COMPETITION,55.3064812666095,0.15,8.295972189991424
73,5,COMPETITION,35.85279197023593,0.15,5.377918795535389
77,5,COMPETITION,43.62900056264183,0.15,6.544350084396274
116,5,COMPETITION,80.01823825254705,0.15,12.002735737882057
60,5,COMPETITION,54.52605616274318,0.15,8.178908424411476
106,5,COMPETITION,56.23067686586691,0.15,8.434601529880036
109,5,COMPETITION,78.12996618862427,0.15,11.71949492829364
25,5,COMPETITION,29.282795620549603,0.15,4.39241934308244
110,5,COMPETITION,50.62479275400193,0.15,7.59371891310029
111,5,COMPETITION,27.474162319083533,0.15,4.12112434786253
69,5,COMPETITION,35.24743614904437,0.15,5.287115422356655
24,5,COMPETITION,49.67541051328921,0.15,7.451311576993381
119,5,COMPETITION,72.89823825254705,0.15,10.934735737882056
81,5,COMPETITION,37.605667229308494,0.15,5.640850084396274
96,5,COMPETITION,40.87615485796877,0.15,6.131423228695316
98,5,COMPETITION,65.27181975194758,0.15,9.790772962792136
94,5,COMPETITION,53.413227387719296,0.15,8.011984108157893
78,5,COMPETITION,45.66837347625217,0.15,6.850256021437826
79,5,COMPETITION,76.46400667031757,0.15,11.469601000547636
57,5,COMPETITION,51.68859135956651,0.15,7.753288703934976
114,5,COMPETITION,50.73859135956651,0.15,7.610788703934976
103,5,COMPETITION,95.5,0.15,14.325
70,5,COMPETITION,59.290650999700034,0.15,8.893597649955005
62,5,COMPETITION,29.522293088812468,0.15,4.42834396332187
88,5,COMPETITION,32.815626422145804,0.15,4.922343963321871
71,5,COMPETITION,28.747778979852185,0.15,4.312166846977828
64,5,COMPETITION,28.014542306333514,0.15,4.202181345950027
92,5,COMPETITION,56.07553481432455,0.15,8.411330222148681
113,5,COMPETITION,30.429955413527612,0.15,4.564493312029142
115,5,COMPETITION,27.096622080194276,0.15,4.064493312029141
58,5,COMPETITION,67.52192469289984,0.15,10.128288703934976
76,5,COMPETITION,41.734299402178095,0.15,6.260144910326714
89,5,COMPETITION,22.310501902293108,0.15,3.3465752853439663
91,5,COMPETITION,33.11898675077796,0.15,4.9678480126166935
52,2,COMPETITION,56.62981459994283,0.15,8.494472189991425
18,2,COMPETITION,34.07190525391261,0.15,5.110785788086892
1,2,COMPETITION,28.01778309409893,0.15,4.20266746411484
17,2,COMPETITION,32.27897596098332,0.15,4.841846394147497
6,2,COMPETITION,17.59272727272732,0.15,2.638909090909098
51,2,COMPETITION,88.87147265290734,0.15,13.330720897936102
41,2,COMPETITION,51.497771538194435,0.15,7.724665730729165
3,2,COMPETITION,24.088405797101448,0.15,3.613260869565217
8,2,COMPETITION,25.96424242424247,0.15,3.8946363636363706
13,2,COMPETITION,21.37887495088231,0.15,3.2068312426323464
16,2,COMPETITION,30.06455928808151,0.15,4.509683893212227
21,2,COMPETITION,26.41112439882522,0.15,3.9616686598237827
15,2,COMPETITION,28.955238587245947,0.15,4.343285788086892
55,2,COMPETITION,50.42611089623913,0.15,7.563916634435869
19,2,COMPETITION,32.25334662104744,0.15,4.838001993157116
46,2,COMPETITION,53.509676300099194,0.15,8.026451445014878
22,2,COMPETITION,46.48204131829587,0.15,6.9723061977443805
7,2,COMPETITION,21.799076479076525,0.15,3.269861471861479
12,2,COMPETITION,34.84624091824828,0.15,5.226936137737241
43,2,COMPETITION,57.869676300099194,0.15,8.680451445014878
2,2,COMPETITION,19.733908660910732,0.15,2.9600862991366097
4,2,COMPETITION,20.29421678416003,0.15,3.044132517624005
14,2,COMPETITION,30.027522251044473,0.15,4.504128337656671
45,2,COMPETITION,29.42910349792475,0.15,4.414365524688712
42,2,COMPETITION,47.869676300099194,0.15,7.180451445014879
9,2,COMPETITION,20.82945249597423,0.15,3.1244178743961344
85,2,COMPETITION,92.59394223043812,0.15,13.889091334565718
5,2,COMPETITION,18.270407260350503,0.15,2.740561089052575
10,2,COMPETITION,56.58687472255453,0.15,8.48803120838318
83,2,COMPETITION,66.60394223043812,0.15,9.990591334565718
44,2,COMPETITION,53.9996763000992,0.15,8.09995144501488
40,2,COMPETITION,86.17665783809252,0.15,12.926498675713878
50,2,COMPETITION,61.1833800038029,0.15,9.177507000570435
11,2,COMPETITION,18.48591511936339,0.15,2.7728872679045087
118,2,COMPETITION,54.59289555920646,0.15,8.188934333880969
34,2,COMPETITION,95.5,0.15,14.325
49,2,COMPETITION,51.25189852232142,0.15,7.687784778348212
101,2,COMPETITION,81.11581424157968,0.15,12.167372136236953
20,2,COMPETITION,21.966679954380776,0.15,3.295001993157116
104,2,COMPETITION,46.06222736081141,0.15,6.909334104121712
75,2,COMPETITION,58.558169127100655,0.15,8.783725369065097
86,2,COMPETITION,67.01516435966221,0.15,10.05227465394933
99,2,COMPETITION,67.10219555232379,0.15,10.065329332848568
84,2,COMPETITION,85.92727556377146,0.15,12.889091334565718
120,2,COMPETITION,73.7962288925398,0.15,11.06943433388097
72,2,COMPETITION,46.005410513289206,0.15,6.900811576993381
102,2,COMPETITION,73.15661984849525,0.15,10.973492977274288
31,2,COMPETITION,43.58566722930849,0.15,6.537850084396274
26,2,COMPETITION,54.72912150805304,0.15,8.209368226207955
33,2,COMPETITION,95.5,0.15,14.325
48,2,COMPETITION,32.63869164780797,0.15,4.895803747171195
68,2,COMPETITION,31.637505269296476,0.15,4.745625790394471
53,2,COMPETITION,59.950391180519006,0.15,8.99255867707785
36,2,COMPETITION,49.95981459994284,0.15,7.493972189991426
47,2,COMPETITION,52.34467135698334,0.15,7.8517007035475
90,2,COMPETITION,49.558894027478075,0.15,7.433834104121711
23,2,COMPETITION,49.258743846622544,0.15,7.3888115769933815
29,2,COMPETITION,40.29564911309307,0.15,6.044347366963961
56,2,COMPETITION,54.29745407787697,0.15,8.144618111681545
117,2,COMPETITION,95.5,0.15,14.325
80,2,COMPETITION,56.366228892539795,0.15,8.454934333880969
30,2,COMPETITION,43.58566722930849,0.15,6.537850084396274
38,2,COMPETITION,61.519444229572464,0.15,9.22791663443587
32,2,COMPETITION,37.56342689087085,0.15,5.634514033630627
67,2,COMPETITION,31.65232008411129,0.15,4.747848012616694
105,2,COMPETITION,61.25860607689176,0.15,9.188790911533763
100,2,COMPETITION,84.62147265290734,0.15,12.6932208979361
74,2,COMPETITION,44.25233389597516,0.15,6.637850084396274
28,2,COMPETITION,51.91594690487843,0.15,7.787392035731765
37,2,COMPETITION,51.6264812666095,0.15,7.743972189991425
59,2,COMPETITION,95.5,0.15,14.325
95,2,COMPETITION,45.04619035068226,0.15,6.756928552602338
63,2,COMPETITION,31.875234265283055,0.15,4.781285139792458
93,2,COMPETITION,54.40886814765789,0.15,8.161330222148683
87,2,COMPETITION,45.31558657396468,0.15,6.797337986094702
27,2,COMPETITION,26.21006781994849,0.15,3.9315101729922737
65,2,COMPETITION,29.193766115374338,0.15,4.379064917306151
61,2,COMPETITION,55.39796092464794,0.15,8.309694138697191
66,2,COMPETITION,42.856190350682255,0.15,6.428428552602338
35,2,COMPETITION,95.5,0.15,14.325
108,2,COMPETITION,67.98622512451081,0.15,10.197933768676622
82,2,COMPETITION,90.30764593414185,0.15,13.546146890121276
107,2,COMPETITION,64.32322146150715,0.15,9.64848321922607
73,2,COMPETITION,35.85279197023593,0.15,5.377918795535389
39,2,COMPETITION,56.883724513852336,0.15,8.53255867707785
54,2,COMPETITION,55.3064812666095,0.15,8.295972189991424
112,2,COMPETITION,26.474162319083533,0.15,3.9711243478625295
116,2,COMPETITION,80.01823825254705,0.15,12.002735737882057
77,2,COMPETITION,43.62900056264183,0.15,6.544350084396274
97,2,COMPETITION,68.15763064935987,0.15,10.22364459740398
106,2,COMPETITION,56.23067686586691,0.15,8.434601529880036
109,2,COMPETITION,78.12996618862427,0.15,11.71949492829364
60,2,COMPETITION,54.52605616274318,0.15,8.178908424411476
110,2,COMPETITION,50.62479275400193,0.15,7.59371891310029
96,2,COMPETITION,40.87615485796877,0.15,6.131423228695316
25,2,COMPETITION,29.282795620549603,0.15,4.39241934308244
119,2,COMPETITION,72.89823825254705,0.15,10.934735737882056
24,2,COMPETITION,49.67541051328921,0.15,7.451311576993381
69,2,COMPETITION,35.24743614904437,0.15,5.287115422356655
111,2,COMPETITION,27.474162319083533,0.15,4.12112434786253
94,2,COMPETITION,53.413227387719296,0.15,8.011984108157893
98,2,COMPETITION,65.27181975194758,0.15,9.790772962792136
81,2,COMPETITION,37.605667229308494,0.15,5.640850084396274
79,2,COMPETITION,76.46400667031757,0.15,11.469601000547636
70,2,COMPETITION,59.290650999700034,0.15,8.893597649955005
78,2,COMPETITION,45.66837347625217,0.15,6.850256021437826
71,2,COMPETITION,28.747778979852185,0.15,4.312166846977828
103,2,COMPETITION,95.5,0.15,14.325
114,2,COMPETITION,50.73859135956651,0.15,7.610788703934976
57,2,COMPETITION,51.68859135956651,0.15,7.753288703934976
62,2,COMPETITION,29.522293088812468,0.15,4.42834396332187
88,2,COMPETITION,32.815626422145804,0.15,4.922343963321871
64,2,COMPETITION,28.014542306333514,0.15,4.202181345950027
115,2,COMPETITION,27.096622080194276,0.15,4.064493312029141
58,2,COMPETITION,67.52192469289984,0.15,10.128288703934976
92,2,COMPETITION,56.07553481432455,0.15,8.411330222148681
113,2,COMPETITION,30.429955413527612,0.15,4.564493312029142
76,2,COMPETITION,41.734299402178095,0.15,6.260144910326714
91,2,COMPETITION,33.11898675077796,0.15,4.9678480126166935
89,2,COMPETITION,22.310501902293108,0.15,3.3465752853439663
52,3,COMPETITION,42.47236094995712,0.15,6.370854142493568
18,3,COMPETITION,25.55392894043446,0.15,3.8330893410651687
1,3,COMPETITION,21.0133373205742,0.15,3.1520005980861296
6,3,COMPETITION,13.19454545454549,0.15,1.9791818181818235
17,3,COMPETITION,24.209231970737488,0.15,3.631384795610623
51,3,COMPETITION,66.6536044896805,0.15,9.998040673452076
41,3,COMPETITION,38.62332865364583,0.15,5.793499298046874
3,3,COMPETITION,18.066304347826087,0.15,2.709945652173913
8,3,COMPETITION,19.473181818181853,0.15,2.920977272727278
13,3,COMPETITION,16.034156213161733,0.15,2.40512343197426
21,3,COMPETITION,19.808343299118913,0.15,2.971251494867837
16,3,COMPETITION,22.548419466061137,0.15,3.3822629199091705
15,3,COMPETITION,21.71642894043446,0.15,3.257464341065169
19,3,COMPETITION,24.19000996578558,0.15,3.628501494867837
55,3,COMPETITION,37.81958317217935,0.15,5.672937475826902
46,3,COMPETITION,40.1322572250744,0.15,6.019838583761159
22,3,COMPETITION,34.8615309887219,0.15,5.229229648308285
7,3,COMPETITION,16.349307359307396,0.15,2.4523961038961093
2,3,COMPETITION,14.80043149568305,0.15,2.2200647243524574
12,3,COMPETITION,26.13468068868621,0.15,3.9202021033029313
4,3,COMPETITION,15.220662588120025,0.15,2.2830993882180035
43,3,COMPETITION,43.40225722507439,0.15,6.5103385837611585
14,3,COMPETITION,22.520641688283355,0.15,3.378096253242503
45,3,COMPETITION,22.07182762344356,0.15,3.310774143516534
42,3,COMPETITION,35.90225722507439,0.15,5.3853385837611585
9,3,COMPETITION,15.622089371980676,0.15,2.3433134057971015
5,3,COMPETITION,13.70280544526288,0.15,2.055420816789432
85,3,COMPETITION,69.4454566728286,0.15,10.41681850092429
10,3,COMPETITION,42.4401560419159,0.15,6.366023406287384
83,3,COMPETITION,49.95295667282859,0.15,7.492943500924288
44,3,COMPETITION,40.4997572250744,0.15,6.07496358376116
11,3,COMPETITION,13.864436339522545,0.15,2.0796654509283816
50,3,COMPETITION,45.887535002852175,0.15,6.8831302504278264
40,3,COMPETITION,64.6324933785694,0.15,9.694874006785408
20,3,COMPETITION,16.47500996578558,0.15,2.471251494867837
49,3,COMPETITION,38.43892389174106,0.15,5.765838583761159
118,3,COMPETITION,40.94467166940485,0.15,6.141700750410727
104,3,COMPETITION,34.54667052060856,0.15,5.182000578091284
34,3,COMPETITION,71.625,0.15,10.74375
101,3,COMPETITION,60.83686068118476,0.15,9.125529102177714
75,3,COMPETITION,43.91862684532549,0.15,6.587794026798823
86,3,COMPETITION,50.261373269746656,0.15,7.539205990461998
99,3,COMPETITION,50.32664666424285,0.15,7.548996999636428
72,3,COMPETITION,34.504057884966905,0.15,5.175608682745035
31,3,COMPETITION,32.68925042198137,0.15,4.903387563297206
120,3,COMPETITION,55.34717166940485,0.15,8.302075750410728
48,3,COMPETITION,24.479018735855973,0.15,3.671852810378396
68,3,COMPETITION,23.72812895197236,0.15,3.5592193427958536
84,3,COMPETITION,64.4454566728286,0.15,9.66681850092429
102,3,COMPETITION,54.86746488637144,0.15,8.230119732955716
26,3,COMPETITION,41.046841131039784,0.15,6.157026169655968
36,3,COMPETITION,37.46986094995713,0.15,5.620479142493569
33,3,COMPETITION,71.625,0.15,10.74375
53,3,COMPETITION,44.962793385389254,0.15,6.744419007808388
47,3,COMPETITION,39.25850351773751,0.15,5.888775527660626
90,3,COMPETITION,37.16917052060856,0.15,5.5753755780912835
29,3,COMPETITION,30.2217368348198,0.15,4.53326052522297
23,3,COMPETITION,36.94405788496691,0.15,5.541608682745037
56,3,COMPETITION,40.723090558407726,0.15,6.108463583761159
30,3,COMPETITION,32.68925042198137,0.15,4.903387563297206
67,3,COMPETITION,23.739240063083468,0.15,3.56088600946252
32,3,COMPETITION,28.172570168153136,0.15,4.22588552522297
80,3,COMPETITION,42.274671669404846,0.15,6.341200750410727
38,3,COMPETITION,46.13958317217935,0.15,6.920937475826903
117,3,COMPETITION,71.625,0.15,10.74375
105,3,COMPETITION,45.94395455766882,0.15,6.891593183650323
74,3,COMPETITION,33.18925042198137,0.15,4.978387563297205
28,3,COMPETITION,38.93696017865882,0.15,5.840544026798823
100,3,COMPETITION,63.466104489680504,0.15,9.519915673452076
37,3,COMPETITION,38.71986094995712,0.15,5.8079791424935685
95,3,COMPETITION,33.784642763011696,0.15,5.0676964144517544
63,3,COMPETITION,23.90642569896229,0.15,3.5859638548443438
27,3,COMPETITION,19.65755086496137,0.15,2.948632629744205
93,3,COMPETITION,40.80665111074342,0.15,6.120997666611513
65,3,COMPETITION,21.89532458653075,0.15,3.2842986879796126
87,3,COMPETITION,33.98668993047351,0.15,5.098003489571027
59,3,COMPETITION,71.625,0.15,10.74375
66,3,COMPETITION,32.14214276301169,0.15,4.821321414451753
61,3,COMPETITION,41.54847069348595,0.15,6.232270604022893
112,3,COMPETITION,19.85562173931265,0.15,2.978343260896897
73,3,COMPETITION,26.889593977676945,0.15,4.033439096651541
108,3,COMPETITION,50.98966884338311,0.15,7.648450326507466
77,3,COMPETITION,32.72175042198137,0.15,4.908262563297205
54,3,COMPETITION,41.47986094995713,0.15,6.221979142493569
107,3,COMPETITION,48.24241609613035,0.15,7.236362414419552
39,3,COMPETITION,42.66279338538925,0.15,6.399419007808388
35,3,COMPETITION,71.625,0.15,10.74375
82,3,COMPETITION,67.73073445060638,0.15,10.159610167590957
97,3,COMPETITION,51.118222987019905,0.15,7.667733448052985
60,3,COMPETITION,40.89454212205739,0.15,6.134181318308608
106,3,COMPETITION,42.17300764940018,0.15,6.325951147410027
116,3,COMPETITION,60.01367868941029,0.15,9.002051803411543
25,3,COMPETITION,21.9620967154122,0.15,3.2943145073118303
110,3,COMPETITION,37.96859456550145,0.15,5.695289184825217
96,3,COMPETITION,30.65711614347657,0.15,4.598567421521485
111,3,COMPETITION,20.60562173931265,0.15,3.0908432608968974
109,3,COMPETITION,58.59747464146819,0.15,8.789621196220228
69,3,COMPETITION,26.435577111783275,0.15,3.965336566767491
24,3,COMPETITION,37.25655788496691,0.15,5.588483682745037
81,3,COMPETITION,28.20425042198137,0.15,4.230637563297205
94,3,COMPETITION,40.05992054078947,0.15,6.00898808111842
119,3,COMPETITION,54.67367868941028,0.15,8.201051803411541
98,3,COMPETITION,48.95386481396068,0.15,7.343079722094101
71,3,COMPETITION,21.56083423488914,0.15,3.234125135233371
78,3,COMPETITION,34.25128010718913,0.15,5.137692016078369
79,3,COMPETITION,57.34800500273818,0.15,8.602200750410725
70,3,COMPETITION,44.467988249775026,0.15,6.670198237466254
62,3,COMPETITION,22.141719816609353,0.15,3.3212579724914026
114,3,COMPETITION,38.05394351967489,0.15,5.708091527951233
57,3,COMPETITION,38.76644351967489,0.15,5.814966527951233
88,3,COMPETITION,24.61171981660935,0.15,3.6917579724914025
64,3,COMPETITION,21.010906729750136,0.15,3.1516360094625204
103,3,COMPETITION,71.625,0.15,10.74375
115,3,COMPETITION,20.322466560145703,0.15,3.048369984021855
113,3,COMPETITION,22.82246656014571,0.15,3.4233699840218565
92,3,COMPETITION,42.05665111074341,0.15,6.308497666611511
58,3,COMPETITION,50.64144351967488,0.15,7.596216527951231
76,3,COMPETITION,31.30072455163357,0.15,4.695108682745036
91,3,COMPETITION,24.839240063083466,0.15,3.7258860094625197
89,3,COMPETITION,16.73287642671983,0.15,2.5099314640079746
52,6,COMPETITION,56.62981459994283,0.15,8.494472189991425
18,6,COMPETITION,34.07190525391261,0.15,5.110785788086892
1,6,COMPETITION,28.01778309409893,0.15,4.20266746411484
17,6,COMPETITION,32.27897596098332,0.15,4.841846394147497
6,6,COMPETITION,17.59272727272732,0.15,2.638909090909098
41,6,COMPETITION,51.497771538194435,0.15,7.724665730729165
3,6,COMPETITION,24.088405797101448,0.15,3.613260869565217
51,6,COMPETITION,88.87147265290734,0.15,13.330720897936102
8,6,COMPETITION,25.96424242424247,0.15,3.8946363636363706
13,6,COMPETITION,21.37887495088231,0.15,3.2068312426323464
16,6,COMPETITION,30.06455928808151,0.15,4.509683893212227
21,6,COMPETITION,26.41112439882522,0.15,3.9616686598237827
15,6,COMPETITION,28.955238587245947,0.15,4.343285788086892
19,6,COMPETITION,32.25334662104744,0.15,4.838001993157116
55,6,COMPETITION,50.42611089623913,0.15,7.563916634435869
46,6,COMPETITION,53.509676300099194,0.15,8.026451445014878
22,6,COMPETITION,46.48204131829587,0.15,6.9723061977443805
7,6,COMPETITION,21.799076479076525,0.15,3.269861471861479
43,6,COMPETITION,57.869676300099194,0.15,8.680451445014878
12,6,COMPETITION,34.84624091824828,0.15,5.226936137737241
2,6,COMPETITION,19.733908660910732,0.15,2.9600862991366097
4,6,COMPETITION,20.29421678416003,0.15,3.044132517624005
14,6,COMPETITION,30.027522251044473,0.15,4.504128337656671
45,6,COMPETITION,29.42910349792475,0.15,4.414365524688712
42,6,COMPETITION,47.869676300099194,0.15,7.180451445014879
9,6,COMPETITION,20.82945249597423,0.15,3.1244178743961344
85,6,COMPETITION,92.59394223043812,0.15,13.889091334565718
5,6,COMPETITION,18.270407260350503,0.15,2.740561089052575
10,6,COMPETITION,56.58687472255453,0.15,8.48803120838318
83,6,COMPETITION,66.60394223043812,0.15,9.990591334565718
44,6,COMPETITION,53.9996763000992,0.15,8.09995144501488
40,6,COMPETITION,86.17665783809252,0.15,12.926498675713878
50,6,COMPETITION,61.1833800038029,0.15,9.177507000570435
11,6,COMPETITION,18.48591511936339,0.15,2.7728872679045087
34,6,COMPETITION,95.5,0.15,14.325
118,6,COMPETITION,54.59289555920646,0.15,8.188934333880969
49,6,COMPETITION,51.25189852232142,0.15,7.687784778348212
101,6,COMPETITION,81.11581424157968,0.15,12.167372136236953
20,6,COMPETITION,21.966679954380776,0.15,3.295001993157116
104,6,COMPETITION,46.06222736081141,0.15,6.909334104121712
86,6,COMPETITION,67.01516435966221,0.15,10.05227465394933
75,6,COMPETITION,58.558169127100655,0.15,8.783725369065097
99,6,COMPETITION,67.10219555232379,0.15,10.065329332848568
120,6,COMPETITION,73.7962288925398,0.15,11.06943433388097
84,6,COMPETITION,85.92727556377146,0.15,12.889091334565718
72,6,COMPETITION,46.005410513289206,0.15,6.900811576993381
102,6,COMPETITION,73.15661984849525,0.15,10.973492977274288
31,6,COMPETITION,43.58566722930849,0.15,6.537850084396274
26,6,COMPETITION,54.72912150805304,0.15,8.209368226207955
33,6,COMPETITION,95.5,0.15,14.325
48,6,COMPETITION,32.63869164780797,0.15,4.895803747171195
68,6,COMPETITION,31.637505269296476,0.15,4.745625790394471
53,6,COMPETITION,59.950391180519006,0.15,8.99255867707785
36,6,COMPETITION,49.95981459994284,0.15,7.493972189991426
47,6,COMPETITION,52.34467135698334,0.15,7.8517007035475
90,6,COMPETITION,49.558894027478075,0.15,7.433834104121711
23,6,COMPETITION,49.258743846622544,0.15,7.3888115769933815
29,6,COMPETITION,40.29564911309307,0.15,6.044347366963961
56,6,COMPETITION,54.29745407787697,0.15,8.144618111681545
117,6,COMPETITION,95.5,0.15,14.325
80,6,COMPETITION,56.366228892539795,0.15,8.454934333880969
30,6,COMPETITION,43.58566722930849,0.15,6.537850084396274
32,6,COMPETITION,37.56342689087085,0.15,5.634514033630627
38,6,COMPETITION,61.519444229572464,0.15,9.22791663443587
67,6,COMPETITION,31.65232008411129,0.15,4.747848012616694
105,6,COMPETITION,61.25860607689176,0.15,9.188790911533763
100,6,COMPETITION,84.62147265290734,0.15,12.6932208979361
74,6,COMPETITION,44.25233389597516,0.15,6.637850084396274
28,6,COMPETITION,51.91594690487843,0.15,7.787392035731765
37,6,COMPETITION,51.6264812666095,0.15,7.743972189991425
59,6,COMPETITION,95.5,0.15,14.325
95,6,COMPETITION,45.04619035068226,0.15,6.756928552602338
93,6,COMPETITION,54.40886814765789,0.15,8.161330222148683
63,6,COMPETITION,31.875234265283055,0.15,4.781285139792458
87,6,COMPETITION,45.31558657396468,0.15,6.797337986094702
27,6,COMPETITION,26.21006781994849,0.15,3.9315101729922737
65,6,COMPETITION,29.193766115374338,0.15,4.379064917306151
61,6,COMPETITION,55.39796092464794,0.15,8.309694138697191
66,6,COMPETITION,42.856190350682255,0.15,6.428428552602338
35,6,COMPETITION,95.5,0.15,14.325
108,6,COMPETITION,67.98622512451081,0.15,10.197933768676622
82,6,COMPETITION,90.30764593414185,0.15,13.546146890121276
107,6,COMPETITION,64.32322146150715,0.15,9.64848321922607
54,6,COMPETITION,55.3064812666095,0.15,8.295972189991424
39,6,COMPETITION,56.883724513852336,0.15,8.53255867707785
73,6,COMPETITION,35.85279197023593,0.15,5.377918795535389
116,6,COMPETITION,80.01823825254705,0.15,12.002735737882057
77,6,COMPETITION,43.62900056264183,0.15,6.544350084396274
97,6,COMPETITION,68.15763064935987,0.15,10.22364459740398
106,6,COMPETITION,56.23067686586691,0.15,8.434601529880036
60,6,COMPETITION,54.52605616274318,0.15,8.178908424411476
109,6,COMPETITION,78.12996618862427,0.15,11.71949492829364
112,6,COMPETITION,26.474162319083533,0.15,3.9711243478625295
25,6,COMPETITION,29.282795620549603,0.15,4.39241934308244
96,6,COMPETITION,40.87615485796877,0.15,6.131423228695316
119,6,COMPETITION,72.89823825254705,0.15,10.934735737882056
24,6,COMPETITION,49.67541051328921,0.15,7.451311576993381
69,6,COMPETITION,35.24743614904437,0.15,5.287115422356655
94,6,COMPETITION,53.413227387719296,0.15,8.011984108157893
98,6,COMPETITION,65.27181975194758,0.15,9.790772962792136
81,6,COMPETITION,37.605667229308494,0.15,5.640850084396274
79,6,COMPETITION,76.46400667031757,0.15,11.469601000547636
110,6,COMPETITION,50.62479275400193,0.15,7.59371891310029
70,6,COMPETITION,59.290650999700034,0.15,8.893597649955005
111,6,COMPETITION,27.474162319083533,0.15,4.12112434786253
78,6,COMPETITION,45.66837347625217,0.15,6.850256021437826
71,6,COMPETITION,28.747778979852185,0.15,4.312166846977828
103,6,COMPETITION,95.5,0.15,14.325
57,6,COMPETITION,51.68859135956651,0.15,7.753288703934976
62,6,COMPETITION,29.522293088812468,0.15,4.42834396332187
88,6,COMPETITION,32.815626422145804,0.15,4.922343963321871
114,6,COMPETITION,50.73859135956651,0.15,7.610788703934976
64,6,COMPETITION,28.014542306333514,0.15,4.202181345950027
115,6,COMPETITION,27.096622080194276,0.15,4.064493312029141
58,6,COMPETITION,67.52192469289984,0.15,10.128288703934976
92,6,COMPETITION,56.07553481432455,0.15,8.411330222148681
76,6,COMPETITION,41.734299402178095,0.15,6.260144910326714
113,6,COMPETITION,30.429955413527612,0.15,4.564493312029142
91,6,COMPETITION,33.11898675077796,0.15,4.9678480126166935
89,6,COMPETITION,22.310501902293108,0.15,3.3465752853439663
52,7,COMPETITION,56.62981459994283,0.15,8.494472189991425
18,7,COMPETITION,34.07190525391261,0.15,5.110785788086892
1,7,COMPETITION,28.01778309409893,0.15,4.20266746411484
51,7,COMPETITION,88.87147265290734,0.15,13.330720897936102
6,7,COMPETITION,17.59272727272732,0.15,2.638909090909098
17,7,COMPETITION,32.27897596098332,0.15,4.841846394147497
3,7,COMPETITION,24.088405797101448,0.15,3.613260869565217
41,7,COMPETITION,51.497771538194435,0.15,7.724665730729165
55,7,COMPETITION,50.42611089623913,0.15,7.563916634435869
8,7,COMPETITION,25.96424242424247,0.15,3.8946363636363706
16,7,COMPETITION,30.06455928808151,0.15,4.509683893212227
19,7,COMPETITION,32.25334662104744,0.15,4.838001993157116
15,7,COMPETITION,28.955238587245947,0.15,4.343285788086892
13,7,COMPETITION,21.37887495088231,0.15,3.2068312426323464
46,7,COMPETITION,53.509676300099194,0.15,8.026451445014878
21,7,COMPETITION,26.41112439882522,0.15,3.9616686598237827
22,7,COMPETITION,46.48204131829587,0.15,6.9723061977443805
12,7,COMPETITION,34.84624091824828,0.15,5.226936137737241
7,7,COMPETITION,21.799076479076525,0.15,3.269861471861479
43,7,COMPETITION,57.869676300099194,0.15,8.680451445014878
4,7,COMPETITION,20.29421678416003,0.15,3.044132517624005
2,7,COMPETITION,19.733908660910732,0.15,2.9600862991366097
14,7,COMPETITION,30.027522251044473,0.15,4.504128337656671
42,7,COMPETITION,47.869676300099194,0.15,7.180451445014879
5,7,COMPETITION,18.270407260350503,0.15,2.740561089052575
9,7,COMPETITION,20.82945249597423,0.15,3.1244178743961344
10,7,COMPETITION,56.58687472255453,0.15,8.48803120838318
45,7,COMPETITION,29.42910349792475,0.15,4.414365524688712
50,7,COMPETITION,61.1833800038029,0.15,9.177507000570435
44,7,COMPETITION,53.9996763000992,0.15,8.09995144501488
49,7,COMPETITION,51.25189852232142,0.15,7.687784778348212
85,7,COMPETITION,92.59394223043812,0.15,13.889091334565718
40,7,COMPETITION,86.17665783809252,0.15,12.926498675713878
83,7,COMPETITION,66.60394223043812,0.15,9.990591334565718
48,7,COMPETITION,32.63869164780797,0.15,4.895803747171195
20,7,COMPETITION,21.966679954380776,0.15,3.295001993157116
34,7,COMPETITION,95.5,0.15,14.325
11,7,COMPETITION,18.48591511936339,0.15,2.7728872679045087
118,7,COMPETITION,54.59289555920646,0.15,8.188934333880969
104,7,COMPETITION,46.06222736081141,0.15,6.909334104121712
101,7,COMPETITION,81.11581424157968,0.15,12.167372136236953
86,7,COMPETITION,67.01516435966221,0.15,10.05227465394933
47,7,COMPETITION,52.34467135698334,0.15,7.8517007035475
99,7,COMPETITION,67.10219555232379,0.15,10.065329332848568
33,7,COMPETITION,95.5,0.15,14.325
72,7,COMPETITION,46.005410513289206,0.15,6.900811576993381
102,7,COMPETITION,73.15661984849525,0.15,10.973492977274288
31,7,COMPETITION,43.58566722930849,0.15,6.537850084396274
120,7,COMPETITION,73.7962288925398,0.15,11.06943433388097
84,7,COMPETITION,85.92727556377146,0.15,12.889091334565718
36,7,COMPETITION,49.95981459994284,0.15,7.493972189991426
75,7,COMPETITION,58.558169127100655,0.15,8.783725369065097
32,7,COMPETITION,37.56342689087085,0.15,5.634514033630627
80,7,COMPETITION,56.366228892539795,0.15,8.454934333880969
26,7,COMPETITION,54.72912150805304,0.15,8.209368226207955
100,7,COMPETITION,84.62147265290734,0.15,12.6932208979361
29,7,COMPETITION,40.29564911309307,0.15,6.044347366963961
117,7,COMPETITION,95.5,0.15,14.325
56,7,COMPETITION,54.29745407787697,0.15,8.144618111681545
90,7,COMPETITION,49.558894027478075,0.15,7.433834104121711
53,7,COMPETITION,59.950391180519006,0.15,8.99255867707785
68,7,COMPETITION,31.637505269296476,0.15,4.745625790394471
38,7,COMPETITION,61.519444229572464,0.15,9.22791663443587
30,7,COMPETITION,43.58566722930849,0.15,6.537850084396274
105,7,COMPETITION,61.25860607689176,0.15,9.188790911533763
37,7,COMPETITION,51.6264812666095,0.15,7.743972189991425
23,7,COMPETITION,49.258743846622544,0.15,7.3888115769933815
67,7,COMPETITION,31.65232008411129,0.15,4.747848012616694
59,7,COMPETITION,95.5,0.15,14.325
28,7,COMPETITION,51.91594690487843,0.15,7.787392035731765
82,7,COMPETITION,90.30764593414185,0.15,13.546146890121276
97,7,COMPETITION,68.15763064935987,0.15,10.22364459740398
95,7,COMPETITION,45.04619035068226,0.15,6.756928552602338
108,7,COMPETITION,67.98622512451081,0.15,10.197933768676622
35,7,COMPETITION,95.5,0.15,14.325
63,7,COMPETITION,31.875234265283055,0.15,4.781285139792458
74,7,COMPETITION,44.25233389597516,0.15,6.637850084396274
109,7,COMPETITION,78.12996618862427,0.15,11.71949492829364
66,7,COMPETITION,42.856190350682255,0.15,6.428428552602338
54,7,COMPETITION,55.3064812666095,0.15,8.295972189991424
27,7,COMPETITION,26.21006781994849,0.15,3.9315101729922737
39,7,COMPETITION,56.883724513852336,0.15,8.53255867707785
87,7,COMPETITION,45.31558657396468,0.15,6.797337986094702
65,7,COMPETITION,29.193766115374338,0.15,4.379064917306151
93,7,COMPETITION,54.40886814765789,0.15,8.161330222148683
60,7,COMPETITION,54.52605616274318,0.15,8.178908424411476
77,7,COMPETITION,43.62900056264183,0.15,6.544350084396274
107,7,COMPETITION,64.32322146150715,0.15,9.64848321922607
61,7,COMPETITION,55.39796092464794,0.15,8.309694138697191
116,7,COMPETITION,80.01823825254705,0.15,12.002735737882057
106,7,COMPETITION,56.23067686586691,0.15,8.434601529880036
73,7,COMPETITION,35.85279197023593,0.15,5.377918795535389
112,7,COMPETITION,26.474162319083533,0.15,3.9711243478625295
79,7,COMPETITION,76.46400667031757,0.15,11.469601000547636
111,7,COMPETITION,27.474162319083533,0.15,4.12112434786253
78,7,COMPETITION,45.66837347625217,0.15,6.850256021437826
25,7,COMPETITION,29.282795620549603,0.15,4.39241934308244
119,7,COMPETITION,72.89823825254705,0.15,10.934735737882056
110,7,COMPETITION,50.62479275400193,0.15,7.59371891310029
98,7,COMPETITION,65.27181975194758,0.15,9.790772962792136
70,7,COMPETITION,59.290650999700034,0.15,8.893597649955005
81,7,COMPETITION,37.605667229308494,0.15,5.640850084396274
24,7,COMPETITION,49.67541051328921,0.15,7.451311576993381
69,7,COMPETITION,35.24743614904437,0.15,5.287115422356655
96,7,COMPETITION,40.87615485796877,0.15,6.131423228695316
94,7,COMPETITION,53.413227387719296,0.15,8.011984108157893
103,7,COMPETITION,95.5,0.15,14.325
57,7,COMPETITION,51.68859135956651,0.15,7.753288703934976
114,7,COMPETITION,50.73859135956651,0.15,7.610788703934976
62,7,COMPETITION,29.522293088812468,0.15,4.42834396332187
64,7,COMPETITION,28.014542306333514,0.15,4.202181345950027
71,7,COMPETITION,28.747778979852185,0.15,4.312166846977828
88,7,COMPETITION,32.815626422145804,0.15,4.922343963321871
113,7,COMPETITION,30.429955413527612,0.15,4.564493312029142
92,7,COMPETITION,56.07553481432455,0.15,8.411330222148681
76,7,COMPETITION,41.734299402178095,0.15,6.260144910326714
58,7,COMPETITION,67.52192469289984,0.15,10.128288703934976
115,7,COMPETITION,27.096622080194276,0.15,4.064493312029141
89,7,COMPETITION,22.310501902293108,0.15,3.3465752853439663
91,7,COMPETITION,33.11898675077796,0.15,4.9678480126166935
18,10,COMPETITION,34.07190525391261,0.15,5.110785788086892
52,10,COMPETITION,56.62981459994283,0.15,8.494472189991425
1,10,COMPETITION,28.01778309409893,0.15,4.20266746411484
6,10,COMPETITION,17.59272727272732,0.15,2.638909090909098
17,10,COMPETITION,32.27897596098332,0.15,4.841846394147497
41,10,COMPETITION,51.497771538194435,0.15,7.724665730729165
8,10,COMPETITION,25.96424242424247,0.15,3.8946363636363706
13,10,COMPETITION,21.37887495088231,0.15,3.2068312426323464
3,10,COMPETITION,24.088405797101448,0.15,3.613260869565217
21,10,COMPETITION,26.41112439882522,0.15,3.9616686598237827
22,10,COMPETITION,46.48204131829587,0.15,6.9723061977443805
15,10,COMPETITION,28.955238587245947,0.15,4.343285788086892
19,10,COMPETITION,32.25334662104744,0.15,4.838001993157116
16,10,COMPETITION,30.06455928808151,0.15,4.509683893212227
51,10,COMPETITION,88.87147265290734,0.15,13.330720897936102
7,10,COMPETITION,21.799076479076525,0.15,3.269861471861479
46,10,COMPETITION,53.509676300099194,0.15,8.026451445014878
2,10,COMPETITION,19.733908660910732,0.15,2.9600862991366097
4,10,COMPETITION,20.29421678416003,0.15,3.044132517624005
55,10,COMPETITION,50.42611089623913,0.15,7.563916634435869
45,10,COMPETITION,29.42910349792475,0.15,4.414365524688712
43,10,COMPETITION,57.869676300099194,0.15,8.680451445014878
14,10,COMPETITION,30.027522251044473,0.15,4.504128337656671
12,10,COMPETITION,34.84624091824828,0.15,5.226936137737241
83,10,COMPETITION,66.60394223043812,0.15,9.990591334565718
9,10,COMPETITION,20.82945249597423,0.15,3.1244178743961344
85,10,COMPETITION,92.59394223043812,0.15,13.889091334565718
42,10,COMPETITION,47.869676300099194,0.15,7.180451445014879
44,10,COMPETITION,53.9996763000992,0.15,8.09995144501488
40,10,COMPETITION,86.17665783809252,0.15,12.926498675713878
5,10,COMPETITION,18.270407260350503,0.15,2.740561089052575
118,10,COMPETITION,54.59289555920646,0.15,8.188934333880969
10,10,COMPETITION,56.58687472255453,0.15,8.48803120838318
75,10,COMPETITION,58.558169127100655,0.15,8.783725369065097
101,10,COMPETITION,81.11581424157968,0.15,12.167372136236953
84,10,COMPETITION,85.92727556377146,0.15,12.889091334565718
11,10,COMPETITION,18.48591511936339,0.15,2.7728872679045087
34,10,COMPETITION,95.5,0.15,14.325
104,10,COMPETITION,46.06222736081141,0.15,6.909334104121712
72,10,COMPETITION,46.005410513289206,0.15,6.900811576993381
50,10,COMPETITION,61.1833800038029,0.15,9.177507000570435
120,10,COMPETITION,73.7962288925398,0.15,11.06943433388097
68,10,COMPETITION,31.637505269296476,0.15,4.745625790394471
99,10,COMPETITION,67.10219555232379,0.15,10.065329332848568
20,10,COMPETITION,21.966679954380776,0.15,3.295001993157116
102,10,COMPETITION,73.15661984849525,0.15,10.973492977274288
26,10,COMPETITION,54.72912150805304,0.15,8.209368226207955
86,10,COMPETITION,67.01516435966221,0.15,10.05227465394933
33,10,COMPETITION,95.5,0.15,14.325
31,10,COMPETITION,43.58566722930849,0.15,6.537850084396274
90,10,COMPETITION,49.558894027478075,0.15,7.433834104121711
53,10,COMPETITION,59.950391180519006,0.15,8.99255867707785
49,10,COMPETITION,51.25189852232142,0.15,7.687784778348212
29,10,COMPETITION,40.29564911309307,0.15,6.044347366963961
36,10,COMPETITION,49.95981459994284,0.15,7.493972189991426
23,10,COMPETITION,49.258743846622544,0.15,7.3888115769933815
30,10,COMPETITION,43.58566722930849,0.15,6.537850084396274
67,10,COMPETITION,31.65232008411129,0.15,4.747848012616694
117,10,COMPETITION,95.5,0.15,14.325
56,10,COMPETITION,54.29745407787697,0.15,8.144618111681545
47,10,COMPETITION,52.34467135698334,0.15,7.8517007035475
95,10,COMPETITION,45.04619035068226,0.15,6.756928552602338
80,10,COMPETITION,56.366228892539795,0.15,8.454934333880969
48,10,COMPETITION,32.63869164780797,0.15,4.895803747171195
28,10,COMPETITION,51.91594690487843,0.15,7.787392035731765
74,10,COMPETITION,44.25233389597516,0.15,6.637850084396274
32,10,COMPETITION,37.56342689087085,0.15,5.634514033630627
63,10,COMPETITION,31.875234265283055,0.15,4.781285139792458
38,10,COMPETITION,61.519444229572464,0.15,9.22791663443587
59,10,COMPETITION,95.5,0.15,14.325
87,10,COMPETITION,45.31558657396468,0.15,6.797337986094702
105,10,COMPETITION,61.25860607689176,0.15,9.188790911533763
100,10,COMPETITION,84.62147265290734,0.15,12.6932208979361
37,10,COMPETITION,51.6264812666095,0.15,7.743972189991425
65,10,COMPETITION,29.193766115374338,0.15,4.379064917306151
93,10,COMPETITION,54.40886814765789,0.15,8.161330222148683
27,10,COMPETITION,26.21006781994849,0.15,3.9315101729922737
61,10,COMPETITION,55.39796092464794,0.15,8.309694138697191
112,10,COMPETITION,26.474162319083533,0.15,3.9711243478625295
66,10,COMPETITION,42.856190350682255,0.15,6.428428552602338
106,10,COMPETITION,56.23067686586691,0.15,8.434601529880036
107,10,COMPETITION,64.32322146150715,0.15,9.64848321922607
108,10,COMPETITION,67.98622512451081,0.15,10.197933768676622
77,10,COMPETITION,43.62900056264183,0.15,6.544350084396274
35,10,COMPETITION,95.5,0.15,14.325
54,10,COMPETITION,55.3064812666095,0.15,8.295972189991424
73,10,COMPETITION,35.85279197023593,0.15,5.377918795535389
110,10,COMPETITION,50.62479275400193,0.15,7.59371891310029
98,10,COMPETITION,65.27181975194758,0.15,9.790772962792136
39,10,COMPETITION,56.883724513852336,0.15,8.53255867707785
25,10,COMPETITION,29.282795620549603,0.15,4.39241934308244
60,10,COMPETITION,54.52605616274318,0.15,8.178908424411476
69,10,COMPETITION,35.24743614904437,0.15,5.287115422356655
116,10,COMPETITION,80.01823825254705,0.15,12.002735737882057
96,10,COMPETITION,40.87615485796877,0.15,6.131423228695316
71,10,COMPETITION,28.747778979852185,0.15,4.312166846977828
82,10,COMPETITION,90.30764593414185,0.15,13.546146890121276
24,10,COMPETITION,49.67541051328921,0.15,7.451311576993381
94,10,COMPETITION,53.413227387719296,0.15,8.011984108157893
97,10,COMPETITION,68.15763064935987,0.15,10.22364459740398
109,10,COMPETITION,78.12996618862427,0.15,11.71949492829364
88,10,COMPETITION,32.815626422145804,0.15,4.922343963321871
57,10,COMPETITION,51.68859135956651,0.15,7.753288703934976
111,10,COMPETITION,27.474162319083533,0.15,4.12112434786253
119,10,COMPETITION,72.89823825254705,0.15,10.934735737882056
81,10,COMPETITION,37.605667229308494,0.15,5.640850084396274
78,10,COMPETITION,45.66837347625217,0.15,6.850256021437826
79,10,COMPETITION,76.46400667031757,0.15,11.469601000547636
103,10,COMPETITION,95.5,0.15,14.325
62,10,COMPETITION,29.522293088812468,0.15,4.42834396332187
114,10,COMPETITION,50.73859135956651,0.15,7.610788703934976
64,10,COMPETITION,28.014542306333514,0.15,4.202181345950027
70,10,COMPETITION,59.290650999700034,0.15,8.893597649955005
92,10,COMPETITION,56.07553481432455,0.15,8.411330222148681
58,10,COMPETITION,67.52192469289984,0.15,10.128288703934976
113,10,COMPETITION,30.429955413527612,0.15,4.564493312029142
115,10,COMPETITION,27.096622080194276,0.15,4.064493312029141
76,10,COMPETITION,41.734299402178095,0.15,6.260144910326714
89,10,COMPETITION,22.310501902293108,0.15,3.3465752853439663
91,10,COMPETITION,33.11898675077796,0.15,4.9678480126166935
52,9,COMPETITION,56.62981459994283,0.15,8.494472189991425
51,9,COMPETITION,88.87147265290734,0.15,13.330720897936102
17,9,COMPETITION,32.27897596098332,0.15,4.841846394147497
18,9,COMPETITION,34.07190525391261,0.15,5.110785788086892
1,9,COMPETITION,28.01778309409893,0.15,4.20266746411484
6,9,COMPETITION,17.59272727272732,0.15,2.638909090909098
41,9,COMPETITION,51.497771538194435,0.15,7.724665730729165
3,9,COMPETITION,24.088405797101448,0.15,3.613260869565217
21,9,COMPETITION,26.41112439882522,0.15,3.9616686598237827
13,9,COMPETITION,21.37887495088231,0.15,3.2068312426323464
8,9,COMPETITION,25.96424242424247,0.15,3.8946363636363706
46,9,COMPETITION,53.509676300099194,0.15,8.026451445014878
16,9,COMPETITION,30.06455928808151,0.15,4.509683893212227
15,9,COMPETITION,28.955238587245947,0.15,4.343285788086892
19,9,COMPETITION,32.25334662104744,0.15,4.838001993157116
55,9,COMPETITION,50.42611089623913,0.15,7.563916634435869
22,9,COMPETITION,46.48204131829587,0.15,6.9723061977443805
85,9,COMPETITION,92.59394223043812,0.15,13.889091334565718
7,9,COMPETITION,21.799076479076525,0.15,3.269861471861479
12,9,COMPETITION,34.84624091824828,0.15,5.226936137737241
2,9,COMPETITION,19.733908660910732,0.15,2.9600862991366097
43,9,COMPETITION,57.869676300099194,0.15,8.680451445014878
14,9,COMPETITION,30.027522251044473,0.15,4.504128337656671
42,9,COMPETITION,47.869676300099194,0.15,7.180451445014879
45,9,COMPETITION,29.42910349792475,0.15,4.414365524688712
4,9,COMPETITION,20.29421678416003,0.15,3.044132517624005
9,9,COMPETITION,20.82945249597423,0.15,3.1244178743961344
5,9,COMPETITION,18.270407260350503,0.15,2.740561089052575
83,9,COMPETITION,66.60394223043812,0.15,9.990591334565718
11,9,COMPETITION,18.48591511936339,0.15,2.7728872679045087
10,9,COMPETITION,56.58687472255453,0.15,8.48803120838318
40,9,COMPETITION,86.17665783809252,0.15,12.926498675713878
101,9,COMPETITION,81.11581424157968,0.15,12.167372136236953
86,9,COMPETITION,67.01516435966221,0.15,10.05227465394933
75,9,COMPETITION,58.558169127100655,0.15,8.783725369065097
50,9,COMPETITION,61.1833800038029,0.15,9.177507000570435
34,9,COMPETITION,95.5,0.15,14.325
118,9,COMPETITION,54.59289555920646,0.15,8.188934333880969
104,9,COMPETITION,46.06222736081141,0.15,6.909334104121712
44,9,COMPETITION,53.9996763000992,0.15,8.09995144501488
120,9,COMPETITION,73.7962288925398,0.15,11.06943433388097
99,9,COMPETITION,67.10219555232379,0.15,10.065329332848568
31,9,COMPETITION,43.58566722930849,0.15,6.537850084396274
26,9,COMPETITION,54.72912150805304,0.15,8.209368226207955
20,9,COMPETITION,21.966679954380776,0.15,3.295001993157116
53,9,COMPETITION,59.950391180519006,0.15,8.99255867707785
68,9,COMPETITION,31.637505269296476,0.15,4.745625790394471
49,9,COMPETITION,51.25189852232142,0.15,7.687784778348212
102,9,COMPETITION,73.15661984849525,0.15,10.973492977274288
23,9,COMPETITION,49.258743846622544,0.15,7.3888115769933815
84,9,COMPETITION,85.92727556377146,0.15,12.889091334565718
72,9,COMPETITION,46.005410513289206,0.15,6.900811576993381
33,9,COMPETITION,95.5,0.15,14.325
36,9,COMPETITION,49.95981459994284,0.15,7.493972189991426
56,9,COMPETITION,54.29745407787697,0.15,8.144618111681545
67,9,COMPETITION,31.65232008411129,0.15,4.747848012616694
90,9,COMPETITION,49.558894027478075,0.15,7.433834104121711
74,9,COMPETITION,44.25233389597516,0.15,6.637850084396274
38,9,COMPETITION,61.519444229572464,0.15,9.22791663443587
30,9,COMPETITION,43.58566722930849,0.15,6.537850084396274
105,9,COMPETITION,61.25860607689176,0.15,9.188790911533763
93,9,COMPETITION,54.40886814765789,0.15,8.161330222148683
29,9,COMPETITION,40.29564911309307,0.15,6.044347366963961
117,9,COMPETITION,95.5,0.15,14.325
47,9,COMPETITION,52.34467135698334,0.15,7.8517007035475
80,9,COMPETITION,56.366228892539795,0.15,8.454934333880969
28,9,COMPETITION,51.91594690487843,0.15,7.787392035731765
59,9,COMPETITION,95.5,0.15,14.325
48,9,COMPETITION,32.63869164780797,0.15,4.895803747171195
27,9,COMPETITION,26.21006781994849,0.15,3.9315101729922737
37,9,COMPETITION,51.6264812666095,0.15,7.743972189991425
32,9,COMPETITION,37.56342689087085,0.15,5.634514033630627
61,9,COMPETITION,55.39796092464794,0.15,8.309694138697191
65,9,COMPETITION,29.193766115374338,0.15,4.379064917306151
63,9,COMPETITION,31.875234265283055,0.15,4.781285139792458
87,9,COMPETITION,45.31558657396468,0.15,6.797337986094702
100,9,COMPETITION,84.62147265290734,0.15,12.6932208979361
66,9,COMPETITION,42.856190350682255,0.15,6.428428552602338
95,9,COMPETITION,45.04619035068226,0.15,6.756928552602338
116,9,COMPETITION,80.01823825254705,0.15,12.002735737882057
73,9,COMPETITION,35.85279197023593,0.15,5.377918795535389
96,9,COMPETITION,40.87615485796877,0.15,6.131423228695316
112,9,COMPETITION,26.474162319083533,0.15,3.9711243478625295
107,9,COMPETITION,64.32322146150715,0.15,9.64848321922607
35,9,COMPETITION,95.5,0.15,14.325
82,9,COMPETITION,90.30764593414185,0.15,13.546146890121276
39,9,COMPETITION,56.883724513852336,0.15,8.53255867707785
110,9,COMPETITION,50.62479275400193,0.15,7.59371891310029
119,9,COMPETITION,72.89823825254705,0.15,10.934735737882056
54,9,COMPETITION,55.3064812666095,0.15,8.295972189991424
108,9,COMPETITION,67.98622512451081,0.15,10.197933768676622
77,9,COMPETITION,43.62900056264183,0.15,6.544350084396274
24,9,COMPETITION,49.67541051328921,0.15,7.451311576993381
111,9,COMPETITION,27.474162319083533,0.15,4.12112434786253
69,9,COMPETITION,35.24743614904437,0.15,5.287115422356655
109,9,COMPETITION,78.12996618862427,0.15,11.71949492829364
94,9,COMPETITION,53.413227387719296,0.15,8.011984108157893
25,9,COMPETITION,29.282795620549603,0.15,4.39241934308244
60,9,COMPETITION,54.52605616274318,0.15,8.178908424411476
81,9,COMPETITION,37.605667229308494,0.15,5.640850084396274
97,9,COMPETITION,68.15763064935987,0.15,10.22364459740398
106,9,COMPETITION,56.23067686586691,0.15,8.434601529880036
70,9,COMPETITION,59.290650999700034,0.15,8.893597649955005
115,9,COMPETITION,27.096622080194276,0.15,4.064493312029141
79,9,COMPETITION,76.46400667031757,0.15,11.469601000547636
114,9,COMPETITION,50.73859135956651,0.15,7.610788703934976
98,9,COMPETITION,65.27181975194758,0.15,9.790772962792136
103,9,COMPETITION,95.5,0.15,14.325
71,9,COMPETITION,28.747778979852185,0.15,4.312166846977828
62,9,COMPETITION,29.522293088812468,0.15,4.42834396332187
88,9,COMPETITION,32.815626422145804,0.15,4.922343963321871
78,9,COMPETITION,45.66837347625217,0.15,6.850256021437826
64,9,COMPETITION,28.014542306333514,0.15,4.202181345950027
57,9,COMPETITION,51.68859135956651,0.15,7.753288703934976
58,9,COMPETITION,67.52192469289984,0.15,10.128288703934976
92,9,COMPETITION,56.07553481432455,0.15,8.411330222148681
91,9,COMPETITION,33.11898675077796,0.15,4.9678480126166935
113,9,COMPETITION,30.429955413527612,0.15,4.564493312029142
76,9,COMPETITION,41.734299402178095,0.15,6.260144910326714
89,9,COMPETITION,22.310501902293108,0.15,3.3465752853439663
52,11,COMPETITION,56.62981459994283,0.1,5.662981459994284
18,11,COMPETITION,34.07190525391261,0.1,3.407190525391261
17,11,COMPETITION,32.27897596098332,0.1,3.227897596098332
1,11,COMPETITION,28.01778309409893,0.1,2.8017783094098934
6,11,COMPETITION,17.59272727272732,0.1,1.759272727272732
51,11,COMPETITION,88.87147265290734,0.1,8.887147265290734
3,11,COMPETITION,24.088405797101448,0.1,2.408840579710145
13,11,COMPETITION,21.37887495088231,0.1,2.137887495088231
41,11,COMPETITION,51.497771538194435,0.1,5.149777153819444
16,11,COMPETITION,30.06455928808151,0.1,3.006455928808151
55,11,COMPETITION,50.42611089623913,0.1,5.042611089623914
15,11,COMPETITION,28.955238587245947,0.1,2.895523858724595
8,11,COMPETITION,25.96424242424247,0.1,2.596424242424247
19,11,COMPETITION,32.25334662104744,0.1,3.2253346621047445
21,11,COMPETITION,26.41112439882522,0.1,2.641112439882522
46,11,COMPETITION,53.509676300099194,0.1,5.35096763000992
22,11,COMPETITION,46.48204131829587,0.1,4.648204131829587
2,11,COMPETITION,19.733908660910732,0.1,1.9733908660910733
14,11,COMPETITION,30.027522251044473,0.1,3.0027522251044476
7,11,COMPETITION,21.799076479076525,0.1,2.1799076479076525
12,11,COMPETITION,34.84624091824828,0.1,3.484624091824828
43,11,COMPETITION,57.869676300099194,0.1,5.7869676300099195
45,11,COMPETITION,29.42910349792475,0.1,2.9429103497924753
4,11,COMPETITION,20.29421678416003,0.1,2.029421678416003
10,11,COMPETITION,56.58687472255453,0.1,5.658687472255454
42,11,COMPETITION,47.869676300099194,0.1,4.7869676300099195
11,11,COMPETITION,18.48591511936339,0.1,1.8485915119363392
5,11,COMPETITION,18.270407260350503,0.1,1.8270407260350503
9,11,COMPETITION,20.82945249597423,0.1,2.082945249597423
85,11,COMPETITION,92.59394223043812,0.1,9.259394223043811
83,11,COMPETITION,66.60394223043812,0.1,6.660394223043813
50,11,COMPETITION,61.1833800038029,0.1,6.118338000380291
44,11,COMPETITION,53.9996763000992,0.1,5.399967630009921
40,11,COMPETITION,86.17665783809252,0.1,8.617665783809253
118,11,COMPETITION,54.59289555920646,0.1,5.4592895559206465
104,11,COMPETITION,46.06222736081141,0.1,4.606222736081142
34,11,COMPETITION,95.5,0.1,9.55
20,11,COMPETITION,21.966679954380776,0.1,2.196667995438078
75,11,COMPETITION,58.558169127100655,0.1,5.855816912710066
49,11,COMPETITION,51.25189852232142,0.1,5.125189852232142
53,11,COMPETITION,59.950391180519006,0.1,5.995039118051901
86,11,COMPETITION,67.01516435966221,0.1,6.701516435966221
84,11,COMPETITION,85.92727556377146,0.1,8.592727556377147
72,11,COMPETITION,46.005410513289206,0.1,4.60054105132892
31,11,COMPETITION,43.58566722930849,0.1,4.358566722930849
101,11,COMPETITION,81.11581424157968,0.1,8.111581424157968
99,11,COMPETITION,67.10219555232379,0.1,6.71021955523238
56,11,COMPETITION,54.29745407787697,0.1,5.429745407787697
120,11,COMPETITION,73.7962288925398,0.1,7.37962288925398
33,11,COMPETITION,95.5,0.1,9.55
47,11,COMPETITION,52.34467135698334,0.1,5.234467135698335
48,11,COMPETITION,32.63869164780797,0.1,3.2638691647807967
36,11,COMPETITION,49.95981459994284,0.1,4.995981459994284
102,11,COMPETITION,73.15661984849525,0.1,7.315661984849526
74,11,COMPETITION,44.25233389597516,0.1,4.425233389597516
30,11,COMPETITION,43.58566722930849,0.1,4.358566722930849
32,11,COMPETITION,37.56342689087085,0.1,3.7563426890870852
80,11,COMPETITION,56.366228892539795,0.1,5.63662288925398
68,11,COMPETITION,31.637505269296476,0.1,3.1637505269296478
26,11,COMPETITION,54.72912150805304,0.1,5.472912150805304
29,11,COMPETITION,40.29564911309307,0.1,4.029564911309307
117,11,COMPETITION,95.5,0.1,9.55
38,11,COMPETITION,61.519444229572464,0.1,6.151944422957246
100,11,COMPETITION,84.62147265290734,0.1,8.462147265290735
95,11,COMPETITION,45.04619035068226,0.1,4.5046190350682265
90,11,COMPETITION,49.558894027478075,0.1,4.9558894027478075
37,11,COMPETITION,51.6264812666095,0.1,5.162648126660951
54,11,COMPETITION,55.3064812666095,0.1,5.53064812666095
61,11,COMPETITION,55.39796092464794,0.1,5.539796092464794
27,11,COMPETITION,26.21006781994849,0.1,2.6210067819948493
23,11,COMPETITION,49.258743846622544,0.1,4.925874384662254
105,11,COMPETITION,61.25860607689176,0.1,6.125860607689177
112,11,COMPETITION,26.474162319083533,0.1,2.6474162319083536
67,11,COMPETITION,31.65232008411129,0.1,3.165232008411129
59,11,COMPETITION,95.5,0.1,9.55
93,11,COMPETITION,54.40886814765789,0.1,5.44088681476579
73,11,COMPETITION,35.85279197023593,0.1,3.585279197023593
63,11,COMPETITION,31.875234265283055,0.1,3.1875234265283057
77,11,COMPETITION,43.62900056264183,0.1,4.362900056264183
66,11,COMPETITION,42.856190350682255,0.1,4.285619035068225
108,11,COMPETITION,67.98622512451081,0.1,6.7986225124510815
82,11,COMPETITION,90.30764593414185,0.1,9.030764593414185
28,11,COMPETITION,51.91594690487843,0.1,5.191594690487843
110,11,COMPETITION,50.62479275400193,0.1,5.062479275400193
96,11,COMPETITION,40.87615485796877,0.1,4.087615485796877
116,11,COMPETITION,80.01823825254705,0.1,8.001823825254705
60,11,COMPETITION,54.52605616274318,0.1,5.452605616274319
107,11,COMPETITION,64.32322146150715,0.1,6.432322146150715
111,11,COMPETITION,27.474162319083533,0.1,2.7474162319083533
65,11,COMPETITION,29.193766115374338,0.1,2.9193766115374338
87,11,COMPETITION,45.31558657396468,0.1,4.531558657396468
109,11,COMPETITION,78.12996618862427,0.1,7.812996618862427
39,11,COMPETITION,56.883724513852336,0.1,5.688372451385234
81,11,COMPETITION,37.605667229308494,0.1,3.7605667229308497
119,11,COMPETITION,72.89823825254705,0.1,7.289823825254705
94,11,COMPETITION,53.413227387719296,0.1,5.34132273877193
70,11,COMPETITION,59.290650999700034,0.1,5.929065099970003
97,11,COMPETITION,68.15763064935987,0.1,6.815763064935988
35,11,COMPETITION,95.5,0.1,9.55
79,11,COMPETITION,76.46400667031757,0.1,7.646400667031758
114,11,COMPETITION,50.73859135956651,0.1,5.073859135956652
78,11,COMPETITION,45.66837347625217,0.1,4.566837347625217
25,11,COMPETITION,29.282795620549603,0.1,2.9282795620549606
106,11,COMPETITION,56.23067686586691,0.1,5.623067686586691
69,11,COMPETITION,35.24743614904437,0.1,3.524743614904437
71,11,COMPETITION,28.747778979852185,0.1,2.8747778979852185
115,11,COMPETITION,27.096622080194276,0.1,2.7096622080194277
62,11,COMPETITION,29.522293088812468,0.1,2.952229308881247
57,11,COMPETITION,51.68859135956651,0.1,5.168859135956652
24,11,COMPETITION,49.67541051328921,0.1,4.967541051328921
98,11,COMPETITION,65.27181975194758,0.1,6.5271819751947575
113,11,COMPETITION,30.429955413527612,0.1,3.042995541352761
64,11,COMPETITION,28.014542306333514,0.1,2.8014542306333516
103,11,COMPETITION,95.5,0.1,9.55
76,11,COMPETITION,41.734299402178095,0.1,4.17342994021781
58,11,COMPETITION,67.52192469289984,0.1,6.752192469289985
92,11,COMPETITION,56.07553481432455,0.1,5.607553481432455
88,11,COMPETITION,32.815626422145804,0.1,3.2815626422145807
91,11,COMPETITION,33.11898675077796,0.1,3.3118986750777957
89,11,COMPETITION,22.310501902293108,0.1,2.2310501902293107
52,8,COMPETITION,56.62981459994283,0.2,11.325962919988568
51,8,COMPETITION,88.87147265290734,0.2,17.774294530581468
18,8,COMPETITION,34.07190525391261,0.2,6.814381050782522
17,8,COMPETITION,32.27897596098332,0.2,6.455795192196664
1,8,COMPETITION,28.01778309409893,0.2,5.603556618819787
41,8,COMPETITION,51.497771538194435,0.2,10.299554307638887
6,8,COMPETITION,17.59272727272732,0.2,3.518545454545464
3,8,COMPETITION,24.088405797101448,0.2,4.81768115942029
46,8,COMPETITION,53.509676300099194,0.2,10.70193526001984
13,8,COMPETITION,21.37887495088231,0.2,4.275774990176462
16,8,COMPETITION,30.06455928808151,0.2,6.012911857616302
85,8,COMPETITION,92.59394223043812,0.2,18.518788446087623
8,8,COMPETITION,25.96424242424247,0.2,5.192848484848494
55,8,COMPETITION,50.42611089623913,0.2,10.085222179247827
21,8,COMPETITION,26.41112439882522,0.2,5.282224879765044
15,8,COMPETITION,28.955238587245947,0.2,5.79104771744919
22,8,COMPETITION,46.48204131829587,0.2,9.296408263659174
19,8,COMPETITION,32.25334662104744,0.2,6.450669324209489
43,8,COMPETITION,57.869676300099194,0.2,11.573935260019839
12,8,COMPETITION,34.84624091824828,0.2,6.969248183649656
14,8,COMPETITION,30.027522251044473,0.2,6.005504450208895
2,8,COMPETITION,19.733908660910732,0.2,3.9467817321821466
7,8,COMPETITION,21.799076479076525,0.2,4.359815295815305
45,8,COMPETITION,29.42910349792475,0.2,5.885820699584951
42,8,COMPETITION,47.869676300099194,0.2,9.573935260019839
83,8,COMPETITION,66.60394223043812,0.2,13.320788446087626
10,8,COMPETITION,56.58687472255453,0.2,11.317374944510908
40,8,COMPETITION,86.17665783809252,0.2,17.235331567618505
4,8,COMPETITION,20.29421678416003,0.2,4.058843356832006
34,8,COMPETITION,95.5,0.2,19.1
101,8,COMPETITION,81.11581424157968,0.2,16.223162848315937
11,8,COMPETITION,18.48591511936339,0.2,3.6971830238726784
9,8,COMPETITION,20.82945249597423,0.2,4.165890499194846
75,8,COMPETITION,58.558169127100655,0.2,11.711633825420131
86,8,COMPETITION,67.01516435966221,0.2,13.403032871932442
50,8,COMPETITION,61.1833800038029,0.2,12.236676000760582
5,8,COMPETITION,18.270407260350503,0.2,3.6540814520701006
118,8,COMPETITION,54.59289555920646,0.2,10.918579111841293
84,8,COMPETITION,85.92727556377146,0.2,17.185455112754294
120,8,COMPETITION,73.7962288925398,0.2,14.75924577850796
53,8,COMPETITION,59.950391180519006,0.2,11.990078236103802
44,8,COMPETITION,53.9996763000992,0.2,10.799935260019842
33,8,COMPETITION,95.5,0.2,19.1
99,8,COMPETITION,67.10219555232379,0.2,13.42043911046476
104,8,COMPETITION,46.06222736081141,0.2,9.212445472162283
102,8,COMPETITION,73.15661984849525,0.2,14.631323969699052
31,8,COMPETITION,43.58566722930849,0.2,8.717133445861698
72,8,COMPETITION,46.005410513289206,0.2,9.20108210265784
26,8,COMPETITION,54.72912150805304,0.2,10.945824301610608
49,8,COMPETITION,51.25189852232142,0.2,10.250379704464285
56,8,COMPETITION,54.29745407787697,0.2,10.859490815575395
20,8,COMPETITION,21.966679954380776,0.2,4.393335990876156
117,8,COMPETITION,95.5,0.2,19.1
68,8,COMPETITION,31.637505269296476,0.2,6.3275010538592955
23,8,COMPETITION,49.258743846622544,0.2,9.851748769324509
36,8,COMPETITION,49.95981459994284,0.2,9.991962919988568
74,8,COMPETITION,44.25233389597516,0.2,8.850466779195033
59,8,COMPETITION,95.5,0.2,19.1
38,8,COMPETITION,61.519444229572464,0.2,12.303888845914493
90,8,COMPETITION,49.558894027478075,0.2,9.911778805495615
30,8,COMPETITION,43.58566722930849,0.2,8.717133445861698
47,8,COMPETITION,52.34467135698334,0.2,10.46893427139667
105,8,COMPETITION,61.25860607689176,0.2,12.251721215378353
80,8,COMPETITION,56.366228892539795,0.2,11.27324577850796
100,8,COMPETITION,84.62147265290734,0.2,16.92429453058147
93,8,COMPETITION,54.40886814765789,0.2,10.88177362953158
29,8,COMPETITION,40.29564911309307,0.2,8.059129822618614
67,8,COMPETITION,31.65232008411129,0.2,6.330464016822258
61,8,COMPETITION,55.39796092464794,0.2,11.079592184929588
116,8,COMPETITION,80.01823825254705,0.2,16.00364765050941
37,8,COMPETITION,51.6264812666095,0.2,10.325296253321902
95,8,COMPETITION,45.04619035068226,0.2,9.009238070136453
32,8,COMPETITION,37.56342689087085,0.2,7.5126853781741705
82,8,COMPETITION,90.30764593414185,0.2,18.06152918682837
28,8,COMPETITION,51.91594690487843,0.2,10.383189380975686
35,8,COMPETITION,95.5,0.2,19.1
48,8,COMPETITION,32.63869164780797,0.2,6.527738329561593
27,8,COMPETITION,26.21006781994849,0.2,5.2420135639896985
107,8,COMPETITION,64.32322146150715,0.2,12.86464429230143
54,8,COMPETITION,55.3064812666095,0.2,11.0612962533219
108,8,COMPETITION,67.98622512451081,0.2,13.597245024902163
87,8,COMPETITION,45.31558657396468,0.2,9.063117314792937
66,8,COMPETITION,42.856190350682255,0.2,8.57123807013645
119,8,COMPETITION,72.89823825254705,0.2,14.57964765050941
63,8,COMPETITION,31.875234265283055,0.2,6.375046853056611
110,8,COMPETITION,50.62479275400193,0.2,10.124958550800386
96,8,COMPETITION,40.87615485796877,0.2,8.175230971593754
65,8,COMPETITION,29.193766115374338,0.2,5.8387532230748675
73,8,COMPETITION,35.85279197023593,0.2,7.170558394047186
109,8,COMPETITION,78.12996618862427,0.2,15.625993237724854
112,8,COMPETITION,26.474162319083533,0.2,5.294832463816707
39,8,COMPETITION,56.883724513852336,0.2,11.376744902770469
77,8,COMPETITION,43.62900056264183,0.2,8.725800112528367
94,8,COMPETITION,53.413227387719296,0.2,10.68264547754386
60,8,COMPETITION,54.52605616274318,0.2,10.905211232548638
79,8,COMPETITION,76.46400667031757,0.2,15.292801334063515
97,8,COMPETITION,68.15763064935987,0.2,13.631526129871975
70,8,COMPETITION,59.290650999700034,0.2,11.858130199940007
106,8,COMPETITION,56.23067686586691,0.2,11.246135373173383
81,8,COMPETITION,37.605667229308494,0.2,7.521133445861699
103,8,COMPETITION,95.5,0.2,19.1
111,8,COMPETITION,27.474162319083533,0.2,5.4948324638167065
24,8,COMPETITION,49.67541051328921,0.2,9.935082102657843
69,8,COMPETITION,35.24743614904437,0.2,7.049487229808874
25,8,COMPETITION,29.282795620549603,0.2,5.856559124109921
114,8,COMPETITION,50.73859135956651,0.2,10.147718271913304
98,8,COMPETITION,65.27181975194758,0.2,13.054363950389515
115,8,COMPETITION,27.096622080194276,0.2,5.419324416038855
78,8,COMPETITION,45.66837347625217,0.2,9.133674695250434
71,8,COMPETITION,28.747778979852185,0.2,5.749555795970437
57,8,COMPETITION,51.68859135956651,0.2,10.337718271913303
58,8,COMPETITION,67.52192469289984,0.2,13.50438493857997
62,8,COMPETITION,29.522293088812468,0.2,5.904458617762494
92,8,COMPETITION,56.07553481432455,0.2,11.21510696286491
88,8,COMPETITION,32.815626422145804,0.2,6.563125284429161
64,8,COMPETITION,28.014542306333514,0.2,5.602908461266703
113,8,COMPETITION,30.429955413527612,0.2,6.085991082705522
76,8,COMPETITION,41.734299402178095,0.2,8.34685988043562
91,8,COMPETITION,33.11898675077796,0.2,6.623797350155591
89,8,COMPETITION,22.310501902293108,0.2,4.4621003804586215
52,1,STRATEGIC_FIT,82.66676549587018,0.15,12.400014824380527
18,1,STRATEGIC_FIT,74.58768499336001,0.15,11.188152749004002
1,1,STRATEGIC_FIT,62.87070786512365,0.15,9.430606179768548
17,1,STRATEGIC_FIT,72.30151038624352,0.15,10.845226557936527
6,1,STRATEGIC_FIT,61.80513866298516,0.15,9.270770799447773
51,1,STRATEGIC_FIT,70.93730452378318,0.15,10.640595678567477
41,1,STRATEGIC_FIT,54.36605991934002,0.15,8.154908987901003
3,1,STRATEGIC_FIT,62.8740276089353,0.15,9.431104141340295
8,1,STRATEGIC_FIT,62.020112208047934,0.15,9.30301683120719
13,1,STRATEGIC_FIT,68.57702341312249,0.15,10.286553511968373
16,1,STRATEGIC_FIT,71.72260840059158,0.15,10.758391260088738
21,1,STRATEGIC_FIT,56.14644313165036,0.15,8.421966469747554
15,1,STRATEGIC_FIT,71.01710969630943,0.15,10.652566454446415
19,1,STRATEGIC_FIT,72.34747552739961,0.15,10.852121329109941
55,1,STRATEGIC_FIT,77.96635650337944,0.15,11.694953475506916
46,1,STRATEGIC_FIT,56.80454263565519,0.15,8.520681395348278
22,1,STRATEGIC_FIT,59.48366683043432,0.15,8.922550024565147
7,1,STRATEGIC_FIT,55.14158020008884,0.15,8.271237030013326
43,1,STRATEGIC_FIT,61.46122511876633,0.15,9.219183767814949
12,1,STRATEGIC_FIT,62.26608887182572,0.15,9.339913330773857
2,1,STRATEGIC_FIT,67.05174913398554,0.15,10.05776237009783
4,1,STRATEGIC_FIT,58.59294983570482,0.15,8.788942475355723
14,1,STRATEGIC_FIT,69.65785804330568,0.15,10.448678706495851
45,1,STRATEGIC_FIT,64.50439793426938,0.15,9.675659690140407
42,1,STRATEGIC_FIT,58.59877760163739,0.15,8.789816640245608
9,1,STRATEGIC_FIT,55.903605412831226,0.15,8.385540811924683
85,1,STRATEGIC_FIT,59.09654564699649,0.15,8.864481847049474
5,1,STRATEGIC_FIT,59.19932571793815,0.15,8.879898857690723
10,1,STRATEGIC_FIT,86.01751018313519,0.15,12.902626527470277
83,1,STRATEGIC_FIT,64.71322370954908,0.15,9.706983556432363
44,1,STRATEGIC_FIT,59.4541155925863,0.15,8.918117338887944
40,1,STRATEGIC_FIT,58.1645738301028,0.15,8.72468607451542
50,1,STRATEGIC_FIT,72.5098689419321,0.15,10.876480341289815
11,1,STRATEGIC_FIT,87.63531890117801,0.15,13.1452978351767
34,1,STRATEGIC_FIT,65.02928814724912,0.15,9.754393222087367
118,1,STRATEGIC_FIT,65.67874523688232,0.15,9.851811785532348
49,1,STRATEGIC_FIT,53.20511886631607,0.15,7.9807678299474105
101,1,STRATEGIC_FIT,48.79475862921605,0.15,7.3192137943824065
20,1,STRATEGIC_FIT,59.67927532757821,0.15,8.951891299136731
104,1,STRATEGIC_FIT,66.03043054699755,0.15,9.904564582049632
86,1,STRATEGIC_FIT,56.97370669422071,0.15,8.546056004133106
75,1,STRATEGIC_FIT,66.2158075442423,0.15,9.932371131636344
99,1,STRATEGIC_FIT,54.79792345565807,0.15,8.219688518348711
120,1,STRATEGIC_FIT,57.64979150241513,0.15,8.647468725362268
84,1,STRATEGIC_FIT,70.42120685564808,0.15,10.563181028347211
72,1,STRATEGIC_FIT,61.89807964112135,0.15,9.284711946168201
102,1,STRATEGIC_FIT,40.817474870605984,0.15,6.122621230590897
31,1,STRATEGIC_FIT,61.32608847391759,0.15,9.198913271087639
26,1,STRATEGIC_FIT,31.851923713947265,0.15,4.77778855709209
33,1,STRATEGIC_FIT,67.20854741699077,0.15,10.081282112548616
48,1,STRATEGIC_FIT,47.993261041395,0.15,7.19898915620925
68,1,STRATEGIC_FIT,32.147520582148374,0.15,4.822128087322256
53,1,STRATEGIC_FIT,77.1038961377848,0.15,11.56558442066772
36,1,STRATEGIC_FIT,49.23332310480009,0.15,7.384998465720013
47,1,STRATEGIC_FIT,66.12700039220792,0.15,9.919050058831187
90,1,STRATEGIC_FIT,34.57822030610591,0.15,5.1867330459158865
23,1,STRATEGIC_FIT,21.994727219013505,0.15,3.2992090828520255
29,1,STRATEGIC_FIT,47.73233386300454,0.15,7.159850079450681
56,1,STRATEGIC_FIT,77.19014217434427,0.15,11.578521326151641
117,1,STRATEGIC_FIT,54.36204467430363,0.15,8.154306701145545
80,1,STRATEGIC_FIT,55.80897618800208,0.15,8.371346428200312
30,1,STRATEGIC_FIT,53.91506114011808,0.15,8.087259171017712
32,1,STRATEGIC_FIT,57.66894390490051,0.15,8.650341585735076
38,1,STRATEGIC_FIT,47.559071163291485,0.15,7.1338606744937225
67,1,STRATEGIC_FIT,26.89925014852233,0.15,4.03488752227835
105,1,STRATEGIC_FIT,37.1573436292285,0.15,5.573601544384275
100,1,STRATEGIC_FIT,59.82142169674553,0.15,8.97321325451183
74,1,STRATEGIC_FIT,63.337322275495,0.15,9.500598341324249
28,1,STRATEGIC_FIT,30.49717729493028,0.15,4.574576594239542
37,1,STRATEGIC_FIT,49.98551033716466,0.15,7.497826550574699
59,1,STRATEGIC_FIT,49.76074692355947,0.15,7.464112038533921
95,1,STRATEGIC_FIT,60.24902034965482,0.15,9.037353052448223
93,1,STRATEGIC_FIT,41.90853470406294,0.15,6.28628020560944
63,1,STRATEGIC_FIT,41.344277552879475,0.15,6.2016416329319215
87,1,STRATEGIC_FIT,30.741511567400245,0.15,4.611226735110036
27,1,STRATEGIC_FIT,49.178596240159024,0.15,7.376789436023853
65,1,STRATEGIC_FIT,31.96400436634139,0.15,4.794600654951208
61,1,STRATEGIC_FIT,59.7654038664388,0.15,8.96481057996582
66,1,STRATEGIC_FIT,45.927542035036105,0.15,6.8891313052554155
35,1,STRATEGIC_FIT,33.828092816990605,0.15,5.074213922548591
108,1,STRATEGIC_FIT,53.796981884824575,0.15,8.069547282723686
82,1,STRATEGIC_FIT,56.61990020209141,0.15,8.492985030313712
107,1,STRATEGIC_FIT,48.89962309877447,0.15,7.33494346481617
112,1,STRATEGIC_FIT,58.53133289582301,0.15,8.779699934373452
54,1,STRATEGIC_FIT,70.50607434098588,0.15,10.575911151147881
39,1,STRATEGIC_FIT,43.76093983774523,0.15,6.5641409756617835
73,1,STRATEGIC_FIT,56.27949781847038,0.15,8.441924672770558
116,1,STRATEGIC_FIT,52.80175804401343,0.15,7.9202637066020145
77,1,STRATEGIC_FIT,56.417886533314,0.15,8.4626829799971
97,1,STRATEGIC_FIT,39.88008892471354,0.15,5.982013338707031
106,1,STRATEGIC_FIT,31.440753468880352,0.15,4.7161130203320525
60,1,STRATEGIC_FIT,55.460505131732546,0.15,8.319075769759882
109,1,STRATEGIC_FIT,53.7518820032186,0.15,8.06278230048279
110,1,STRATEGIC_FIT,57.75976258414104,0.15,8.663964387621157
25,1,STRATEGIC_FIT,34.1693362147754,0.15,5.12540043221631
96,1,STRATEGIC_FIT,55.48836276982711,0.15,8.323254415474066
119,1,STRATEGIC_FIT,52.91320708903416,0.15,7.936981063355123
24,1,STRATEGIC_FIT,18.281073889122712,0.15,2.7421610833684067
69,1,STRATEGIC_FIT,31.813483028316917,0.15,4.772022454247537
111,1,STRATEGIC_FIT,56.988192272459074,0.15,8.54822884086886
94,1,STRATEGIC_FIT,53.56466848246816,0.15,8.034700272370223
98,1,STRATEGIC_FIT,28.95022746916594,0.15,4.342534120374891
81,1,STRATEGIC_FIT,54.72954421222184,0.15,8.209431631833276
79,1,STRATEGIC_FIT,54.1527946456101,0.15,8.122919196841515
70,1,STRATEGIC_FIT,56.13756899167925,0.15,8.420635348751887
78,1,STRATEGIC_FIT,54.259022581753534,0.15,8.13885338726303
71,1,STRATEGIC_FIT,43.60119649587587,0.15,6.54017947438138
103,1,STRATEGIC_FIT,33.83163204125022,0.15,5.074744806187533
114,1,STRATEGIC_FIT,58.60147565143046,0.15,8.790221347714569
57,1,STRATEGIC_FIT,40.24799219602926,0.15,6.037198829404389
62,1,STRATEGIC_FIT,38.3473429827754,0.15,5.75210144741631
88,1,STRATEGIC_FIT,15.182178524290087,0.15,2.277326778643513
64,1,STRATEGIC_FIT,31.739883367615302,0.15,4.760982505142295
115,1,STRATEGIC_FIT,50.67573100939569,0.15,7.6013596514093535
58,1,STRATEGIC_FIT,39.06899336618765,0.15,5.860349004928147
92,1,STRATEGIC_FIT,39.45282016925374,0.15,5.917923025388061
113,1,STRATEGIC_FIT,52.12118602853661,0.15,7.818177904280492
76,1,STRATEGIC_FIT,54.3420558106597,0.15,8.151308371598954
91,1,STRATEGIC_FIT,20.368847816507095,0.15,3.0553271724760642
89,1,STRATEGIC_FIT,12.485738784136878,0.15,1.8728608176205315
18,4,STRATEGIC_FIT,74.58768499336001,0.15,11.188152749004002
52,4,STRATEGIC_FIT,82.66676549587018,0.15,12.400014824380527
6,4,STRATEGIC_FIT,61.80513866298516,0.15,9.270770799447773
1,4,STRATEGIC_FIT,62.87070786512365,0.15,9.430606179768548
51,4,STRATEGIC_FIT,70.93730452378318,0.15,10.640595678567477
17,4,STRATEGIC_FIT,72.30151038624352,0.15,10.845226557936527
41,4,STRATEGIC_FIT,54.36605991934002,0.15,8.154908987901003
3,4,STRATEGIC_FIT,62.8740276089353,0.15,9.431104141340295
13,4,STRATEGIC_FIT,68.57702341312249,0.15,10.286553511968373
21,4,STRATEGIC_FIT,56.14644313165036,0.15,8.421966469747554
8,4,STRATEGIC_FIT,62.020112208047934,0.15,9.30301683120719
55,4,STRATEGIC_FIT,77.96635650337944,0.15,11.694953475506916
15,4,STRATEGIC_FIT,71.01710969630943,0.15,10.652566454446415
16,4,STRATEGIC_FIT,71.72260840059158,0.15,10.758391260088738
19,4,STRATEGIC_FIT,72.34747552739961,0.15,10.852121329109941
46,4,STRATEGIC_FIT,56.80454263565519,0.15,8.520681395348278
22,4,STRATEGIC_FIT,59.48366683043432,0.15,8.922550024565147
7,4,STRATEGIC_FIT,55.14158020008884,0.15,8.271237030013326
12,4,STRATEGIC_FIT,62.26608887182572,0.15,9.339913330773857
2,4,STRATEGIC_FIT,67.05174913398554,0.15,10.05776237009783
45,4,STRATEGIC_FIT,64.50439793426938,0.15,9.675659690140407
43,4,STRATEGIC_FIT,61.46122511876633,0.15,9.219183767814949
14,4,STRATEGIC_FIT,69.65785804330568,0.15,10.448678706495851
4,4,STRATEGIC_FIT,58.59294983570482,0.15,8.788942475355723
42,4,STRATEGIC_FIT,58.59877760163739,0.15,8.789816640245608
9,4,STRATEGIC_FIT,55.903605412831226,0.15,8.385540811924683
85,4,STRATEGIC_FIT,59.09654564699649,0.15,8.864481847049474
5,4,STRATEGIC_FIT,59.19932571793815,0.15,8.879898857690723
10,4,STRATEGIC_FIT,86.01751018313519,0.15,12.902626527470277
83,4,STRATEGIC_FIT,64.71322370954908,0.15,9.706983556432363
40,4,STRATEGIC_FIT,58.1645738301028,0.15,8.72468607451542
50,4,STRATEGIC_FIT,72.5098689419321,0.15,10.876480341289815
44,4,STRATEGIC_FIT,59.4541155925863,0.15,8.918117338887944
11,4,STRATEGIC_FIT,87.63531890117801,0.15,13.1452978351767
34,4,STRATEGIC_FIT,65.02928814724912,0.15,9.754393222087367
101,4,STRATEGIC_FIT,48.79475862921605,0.15,7.3192137943824065
118,4,STRATEGIC_FIT,65.67874523688232,0.15,9.851811785532348
20,4,STRATEGIC_FIT,59.67927532757821,0.15,8.951891299136731
75,4,STRATEGIC_FIT,66.2158075442423,0.15,9.932371131636344
49,4,STRATEGIC_FIT,53.20511886631607,0.15,7.9807678299474105
104,4,STRATEGIC_FIT,66.03043054699755,0.15,9.904564582049632
84,4,STRATEGIC_FIT,70.42120685564808,0.15,10.563181028347211
86,4,STRATEGIC_FIT,56.97370669422071,0.15,8.546056004133106
99,4,STRATEGIC_FIT,54.79792345565807,0.15,8.219688518348711
120,4,STRATEGIC_FIT,57.64979150241513,0.15,8.647468725362268
72,4,STRATEGIC_FIT,61.89807964112135,0.15,9.284711946168201
53,4,STRATEGIC_FIT,77.1038961377848,0.15,11.56558442066772
31,4,STRATEGIC_FIT,61.32608847391759,0.15,9.198913271087639
102,4,STRATEGIC_FIT,40.817474870605984,0.15,6.122621230590897
33,4,STRATEGIC_FIT,67.20854741699077,0.15,10.081282112548616
26,4,STRATEGIC_FIT,31.851923713947265,0.15,4.77778855709209
68,4,STRATEGIC_FIT,32.147520582148374,0.15,4.822128087322256
47,4,STRATEGIC_FIT,66.12700039220792,0.15,9.919050058831187
48,4,STRATEGIC_FIT,47.993261041395,0.15,7.19898915620925
36,4,STRATEGIC_FIT,49.23332310480009,0.15,7.384998465720013
90,4,STRATEGIC_FIT,34.57822030610591,0.15,5.1867330459158865
56,4,STRATEGIC_FIT,77.19014217434427,0.15,11.578521326151641
23,4,STRATEGIC_FIT,21.994727219013505,0.15,3.2992090828520255
117,4,STRATEGIC_FIT,54.36204467430363,0.15,8.154306701145545
29,4,STRATEGIC_FIT,47.73233386300454,0.15,7.159850079450681
74,4,STRATEGIC_FIT,63.337322275495,0.15,9.500598341324249
30,4,STRATEGIC_FIT,53.91506114011808,0.15,8.087259171017712
38,4,STRATEGIC_FIT,47.559071163291485,0.15,7.1338606744937225
67,4,STRATEGIC_FIT,26.89925014852233,0.15,4.03488752227835
80,4,STRATEGIC_FIT,55.80897618800208,0.15,8.371346428200312
105,4,STRATEGIC_FIT,37.1573436292285,0.15,5.573601544384275
32,4,STRATEGIC_FIT,57.66894390490051,0.15,8.650341585735076
59,4,STRATEGIC_FIT,49.76074692355947,0.15,7.464112038533921
100,4,STRATEGIC_FIT,59.82142169674553,0.15,8.97321325451183
37,4,STRATEGIC_FIT,49.98551033716466,0.15,7.497826550574699
28,4,STRATEGIC_FIT,30.49717729493028,0.15,4.574576594239542
95,4,STRATEGIC_FIT,60.24902034965482,0.15,9.037353052448223
93,4,STRATEGIC_FIT,41.90853470406294,0.15,6.28628020560944
63,4,STRATEGIC_FIT,41.344277552879475,0.15,6.2016416329319215
87,4,STRATEGIC_FIT,30.741511567400245,0.15,4.611226735110036
82,4,STRATEGIC_FIT,56.61990020209141,0.15,8.492985030313712
65,4,STRATEGIC_FIT,31.96400436634139,0.15,4.794600654951208
27,4,STRATEGIC_FIT,49.178596240159024,0.15,7.376789436023853
61,4,STRATEGIC_FIT,59.7654038664388,0.15,8.96481057996582
66,4,STRATEGIC_FIT,45.927542035036105,0.15,6.8891313052554155
116,4,STRATEGIC_FIT,52.80175804401343,0.15,7.9202637066020145
109,4,STRATEGIC_FIT,53.7518820032186,0.15,8.06278230048279
108,4,STRATEGIC_FIT,53.796981884824575,0.15,8.069547282723686
35,4,STRATEGIC_FIT,33.828092816990605,0.15,5.074213922548591
107,4,STRATEGIC_FIT,48.89962309877447,0.15,7.33494346481617
54,4,STRATEGIC_FIT,70.50607434098588,0.15,10.575911151147881
96,4,STRATEGIC_FIT,55.48836276982711,0.15,8.323254415474066
73,4,STRATEGIC_FIT,56.27949781847038,0.15,8.441924672770558
77,4,STRATEGIC_FIT,56.417886533314,0.15,8.4626829799971
119,4,STRATEGIC_FIT,52.91320708903416,0.15,7.936981063355123
112,4,STRATEGIC_FIT,58.53133289582301,0.15,8.779699934373452
39,4,STRATEGIC_FIT,43.76093983774523,0.15,6.5641409756617835
110,4,STRATEGIC_FIT,57.75976258414104,0.15,8.663964387621157
106,4,STRATEGIC_FIT,31.440753468880352,0.15,4.7161130203320525
97,4,STRATEGIC_FIT,39.88008892471354,0.15,5.982013338707031
70,4,STRATEGIC_FIT,56.13756899167925,0.15,8.420635348751887
79,4,STRATEGIC_FIT,54.1527946456101,0.15,8.122919196841515
60,4,STRATEGIC_FIT,55.460505131732546,0.15,8.319075769759882
94,4,STRATEGIC_FIT,53.56466848246816,0.15,8.034700272370223
25,4,STRATEGIC_FIT,34.1693362147754,0.15,5.12540043221631
24,4,STRATEGIC_FIT,18.281073889122712,0.15,2.7421610833684067
98,4,STRATEGIC_FIT,28.95022746916594,0.15,4.342534120374891
69,4,STRATEGIC_FIT,31.813483028316917,0.15,4.772022454247537
111,4,STRATEGIC_FIT,56.988192272459074,0.15,8.54822884086886
103,4,STRATEGIC_FIT,33.83163204125022,0.15,5.074744806187533
71,4,STRATEGIC_FIT,43.60119649587587,0.15,6.54017947438138
81,4,STRATEGIC_FIT,54.72954421222184,0.15,8.209431631833276
115,4,STRATEGIC_FIT,50.67573100939569,0.15,7.6013596514093535
62,4,STRATEGIC_FIT,38.3473429827754,0.15,5.75210144741631
78,4,STRATEGIC_FIT,54.259022581753534,0.15,8.13885338726303
114,4,STRATEGIC_FIT,58.60147565143046,0.15,8.790221347714569
58,4,STRATEGIC_FIT,39.06899336618765,0.15,5.860349004928147
88,4,STRATEGIC_FIT,15.182178524290087,0.15,2.277326778643513
57,4,STRATEGIC_FIT,40.24799219602926,0.15,6.037198829404389
64,4,STRATEGIC_FIT,31.739883367615302,0.15,4.760982505142295
92,4,STRATEGIC_FIT,39.45282016925374,0.15,5.917923025388061
91,4,STRATEGIC_FIT,20.368847816507095,0.15,3.0553271724760642
113,4,STRATEGIC_FIT,52.12118602853661,0.15,7.818177904280492
76,4,STRATEGIC_FIT,54.3420558106597,0.15,8.151308371598954
89,4,STRATEGIC_FIT,12.485738784136878,0.15,1.8728608176205315
52,5,STRATEGIC_FIT,82.66676549587018,0.15,12.400014824380527
17,5,STRATEGIC_FIT,72.30151038624352,0.15,10.845226557936527
18,5,STRATEGIC_FIT,74.58768499336001,0.15,11.188152749004002
1,5,STRATEGIC_FIT,62.87070786512365,0.15,9.430606179768548
41,5,STRATEGIC_FIT,54.36605991934002,0.15,8.154908987901003
51,5,STRATEGIC_FIT,70.93730452378318,0.15,10.640595678567477
6,5,STRATEGIC_FIT,61.80513866298516,0.15,9.270770799447773
3,5,STRATEGIC_FIT,62.8740276089353,0.15,9.431104141340295
8,5,STRATEGIC_FIT,62.020112208047934,0.15,9.30301683120719
16,5,STRATEGIC_FIT,71.72260840059158,0.15,10.758391260088738
21,5,STRATEGIC_FIT,56.14644313165036,0.15,8.421966469747554
13,5,STRATEGIC_FIT,68.57702341312249,0.15,10.286553511968373
19,5,STRATEGIC_FIT,72.34747552739961,0.15,10.852121329109941
15,5,STRATEGIC_FIT,71.01710969630943,0.15,10.652566454446415
22,5,STRATEGIC_FIT,59.48366683043432,0.15,8.922550024565147
55,5,STRATEGIC_FIT,77.96635650337944,0.15,11.694953475506916
46,5,STRATEGIC_FIT,56.80454263565519,0.15,8.520681395348278
7,5,STRATEGIC_FIT,55.14158020008884,0.15,8.271237030013326
12,5,STRATEGIC_FIT,62.26608887182572,0.15,9.339913330773857
2,5,STRATEGIC_FIT,67.05174913398554,0.15,10.05776237009783
43,5,STRATEGIC_FIT,61.46122511876633,0.15,9.219183767814949
4,5,STRATEGIC_FIT,58.59294983570482,0.15,8.788942475355723
14,5,STRATEGIC_FIT,69.65785804330568,0.15,10.448678706495851
45,5,STRATEGIC_FIT,64.50439793426938,0.15,9.675659690140407
42,5,STRATEGIC_FIT,58.59877760163739,0.15,8.789816640245608
9,5,STRATEGIC_FIT,55.903605412831226,0.15,8.385540811924683
85,5,STRATEGIC_FIT,59.09654564699649,0.15,8.864481847049474
5,5,STRATEGIC_FIT,59.19932571793815,0.15,8.879898857690723
10,5,STRATEGIC_FIT,86.01751018313519,0.15,12.902626527470277
83,5,STRATEGIC_FIT,64.71322370954908,0.15,9.706983556432363
44,5,STRATEGIC_FIT,59.4541155925863,0.15,8.918117338887944
40,5,STRATEGIC_FIT,58.1645738301028,0.15,8.72468607451542
50,5,STRATEGIC_FIT,72.5098689419321,0.15,10.876480341289815
34,5,STRATEGIC_FIT,65.02928814724912,0.15,9.754393222087367
11,5,STRATEGIC_FIT,87.63531890117801,0.15,13.1452978351767
118,5,STRATEGIC_FIT,65.67874523688232,0.15,9.851811785532348
20,5,STRATEGIC_FIT,59.67927532757821,0.15,8.951891299136731
101,5,STRATEGIC_FIT,48.79475862921605,0.15,7.3192137943824065
104,5,STRATEGIC_FIT,66.03043054699755,0.15,9.904564582049632
86,5,STRATEGIC_FIT,56.97370669422071,0.15,8.546056004133106
49,5,STRATEGIC_FIT,53.20511886631607,0.15,7.9807678299474105
99,5,STRATEGIC_FIT,54.79792345565807,0.15,8.219688518348711
75,5,STRATEGIC_FIT,66.2158075442423,0.15,9.932371131636344
120,5,STRATEGIC_FIT,57.64979150241513,0.15,8.647468725362268
72,5,STRATEGIC_FIT,61.89807964112135,0.15,9.284711946168201
102,5,STRATEGIC_FIT,40.817474870605984,0.15,6.122621230590897
31,5,STRATEGIC_FIT,61.32608847391759,0.15,9.198913271087639
84,5,STRATEGIC_FIT,70.42120685564808,0.15,10.563181028347211
26,5,STRATEGIC_FIT,31.851923713947265,0.15,4.77778855709209
33,5,STRATEGIC_FIT,67.20854741699077,0.15,10.081282112548616
68,5,STRATEGIC_FIT,32.147520582148374,0.15,4.822128087322256
36,5,STRATEGIC_FIT,49.23332310480009,0.15,7.384998465720013
47,5,STRATEGIC_FIT,66.12700039220792,0.15,9.919050058831187
48,5,STRATEGIC_FIT,47.993261041395,0.15,7.19898915620925
90,5,STRATEGIC_FIT,34.57822030610591,0.15,5.1867330459158865
29,5,STRATEGIC_FIT,47.73233386300454,0.15,7.159850079450681
23,5,STRATEGIC_FIT,21.994727219013505,0.15,3.2992090828520255
56,5,STRATEGIC_FIT,77.19014217434427,0.15,11.578521326151641
80,5,STRATEGIC_FIT,55.80897618800208,0.15,8.371346428200312
117,5,STRATEGIC_FIT,54.36204467430363,0.15,8.154306701145545
53,5,STRATEGIC_FIT,77.1038961377848,0.15,11.56558442066772
32,5,STRATEGIC_FIT,57.66894390490051,0.15,8.650341585735076
30,5,STRATEGIC_FIT,53.91506114011808,0.15,8.087259171017712
38,5,STRATEGIC_FIT,47.559071163291485,0.15,7.1338606744937225
67,5,STRATEGIC_FIT,26.89925014852233,0.15,4.03488752227835
100,5,STRATEGIC_FIT,59.82142169674553,0.15,8.97321325451183
105,5,STRATEGIC_FIT,37.1573436292285,0.15,5.573601544384275
28,5,STRATEGIC_FIT,30.49717729493028,0.15,4.574576594239542
37,5,STRATEGIC_FIT,49.98551033716466,0.15,7.497826550574699
74,5,STRATEGIC_FIT,63.337322275495,0.15,9.500598341324249
95,5,STRATEGIC_FIT,60.24902034965482,0.15,9.037353052448223
59,5,STRATEGIC_FIT,49.76074692355947,0.15,7.464112038533921
63,5,STRATEGIC_FIT,41.344277552879475,0.15,6.2016416329319215
93,5,STRATEGIC_FIT,41.90853470406294,0.15,6.28628020560944
27,5,STRATEGIC_FIT,49.178596240159024,0.15,7.376789436023853
87,5,STRATEGIC_FIT,30.741511567400245,0.15,4.611226735110036
65,5,STRATEGIC_FIT,31.96400436634139,0.15,4.794600654951208
61,5,STRATEGIC_FIT,59.7654038664388,0.15,8.96481057996582
66,5,STRATEGIC_FIT,45.927542035036105,0.15,6.8891313052554155
35,5,STRATEGIC_FIT,33.828092816990605,0.15,5.074213922548591
108,5,STRATEGIC_FIT,53.796981884824575,0.15,8.069547282723686
82,5,STRATEGIC_FIT,56.61990020209141,0.15,8.492985030313712
39,5,STRATEGIC_FIT,43.76093983774523,0.15,6.5641409756617835
107,5,STRATEGIC_FIT,48.89962309877447,0.15,7.33494346481617
97,5,STRATEGIC_FIT,39.88008892471354,0.15,5.982013338707031
112,5,STRATEGIC_FIT,58.53133289582301,0.15,8.779699934373452
54,5,STRATEGIC_FIT,70.50607434098588,0.15,10.575911151147881
73,5,STRATEGIC_FIT,56.27949781847038,0.15,8.441924672770558
77,5,STRATEGIC_FIT,56.417886533314,0.15,8.4626829799971
116,5,STRATEGIC_FIT,52.80175804401343,0.15,7.9202637066020145
60,5,STRATEGIC_FIT,55.460505131732546,0.15,8.319075769759882
106,5,STRATEGIC_FIT,31.440753468880352,0.15,4.7161130203320525
109,5,STRATEGIC_FIT,53.7518820032186,0.15,8.06278230048279
25,5,STRATEGIC_FIT,34.1693362147754,0.15,5.12540043221631
110,5,STRATEGIC_FIT,57.75976258414104,0.15,8.663964387621157
111,5,STRATEGIC_FIT,56.988192272459074,0.15,8.54822884086886
69,5,STRATEGIC_FIT,31.813483028316917,0.15,4.772022454247537
24,5,STRATEGIC_FIT,18.281073889122712,0.15,2.7421610833684067
119,5,STRATEGIC_FIT,52.91320708903416,0.15,7.936981063355123
81,5,STRATEGIC_FIT,54.72954421222184,0.15,8.209431631833276
96,5,STRATEGIC_FIT,55.48836276982711,0.15,8.323254415474066
98,5,STRATEGIC_FIT,28.95022746916594,0.15,4.342534120374891
94,5,STRATEGIC_FIT,53.56466848246816,0.15,8.034700272370223
78,5,STRATEGIC_FIT,54.259022581753534,0.15,8.13885338726303
79,5,STRATEGIC_FIT,54.1527946456101,0.15,8.122919196841515
57,5,STRATEGIC_FIT,40.24799219602926,0.15,6.037198829404389
114,5,STRATEGIC_FIT,58.60147565143046,0.15,8.790221347714569
103,5,STRATEGIC_FIT,33.83163204125022,0.15,5.074744806187533
70,5,STRATEGIC_FIT,56.13756899167925,0.15,8.420635348751887
62,5,STRATEGIC_FIT,38.3473429827754,0.15,5.75210144741631
88,5,STRATEGIC_FIT,15.182178524290087,0.15,2.277326778643513
71,5,STRATEGIC_FIT,43.60119649587587,0.15,6.54017947438138
64,5,STRATEGIC_FIT,31.739883367615302,0.15,4.760982505142295
92,5,STRATEGIC_FIT,39.45282016925374,0.15,5.917923025388061
113,5,STRATEGIC_FIT,52.12118602853661,0.15,7.818177904280492
115,5,STRATEGIC_FIT,50.67573100939569,0.15,7.6013596514093535
58,5,STRATEGIC_FIT,39.06899336618765,0.15,5.860349004928147
76,5,STRATEGIC_FIT,54.3420558106597,0.15,8.151308371598954
89,5,STRATEGIC_FIT,12.485738784136878,0.15,1.8728608176205315
91,5,STRATEGIC_FIT,20.368847816507095,0.15,3.0553271724760642
52,2,STRATEGIC_FIT,82.66676549587018,0.15,12.400014824380527
18,2,STRATEGIC_FIT,74.58768499336001,0.15,11.188152749004002
1,2,STRATEGIC_FIT,62.87070786512365,0.15,9.430606179768548
17,2,STRATEGIC_FIT,72.30151038624352,0.15,10.845226557936527
6,2,STRATEGIC_FIT,61.80513866298516,0.15,9.270770799447773
51,2,STRATEGIC_FIT,70.93730452378318,0.15,10.640595678567477
41,2,STRATEGIC_FIT,54.36605991934002,0.15,8.154908987901003
3,2,STRATEGIC_FIT,62.8740276089353,0.15,9.431104141340295
8,2,STRATEGIC_FIT,62.020112208047934,0.15,9.30301683120719
13,2,STRATEGIC_FIT,68.57702341312249,0.15,10.286553511968373
16,2,STRATEGIC_FIT,71.72260840059158,0.15,10.758391260088738
21,2,STRATEGIC_FIT,56.14644313165036,0.15,8.421966469747554
15,2,STRATEGIC_FIT,71.01710969630943,0.15,10.652566454446415
55,2,STRATEGIC_FIT,77.96635650337944,0.15,11.694953475506916
19,2,STRATEGIC_FIT,72.34747552739961,0.15,10.852121329109941
46,2,STRATEGIC_FIT,56.80454263565519,0.15,8.520681395348278
22,2,STRATEGIC_FIT,59.48366683043432,0.15,8.922550024565147
7,2,STRATEGIC_FIT,55.14158020008884,0.15,8.271237030013326
12,2,STRATEGIC_FIT,62.26608887182572,0.15,9.339913330773857
43,2,STRATEGIC_FIT,61.46122511876633,0.15,9.219183767814949
2,2,STRATEGIC_FIT,67.05174913398554,0.15,10.05776237009783
4,2,STRATEGIC_FIT,58.59294983570482,0.15,8.788942475355723
14,2,STRATEGIC_FIT,69.65785804330568,0.15,10.448678706495851
45,2,STRATEGIC_FIT,64.50439793426938,0.15,9.675659690140407
42,2,STRATEGIC_FIT,58.59877760163739,0.15,8.789816640245608
9,2,STRATEGIC_FIT,55.903605412831226,0.15,8.385540811924683
85,2,STRATEGIC_FIT,59.09654564699649,0.15,8.864481847049474
5,2,STRATEGIC_FIT,59.19932571793815,0.15,8.879898857690723
10,2,STRATEGIC_FIT,86.01751018313519,0.15,12.902626527470277
83,2,STRATEGIC_FIT,64.71322370954908,0.15,9.706983556432363
44,2,STRATEGIC_FIT,59.4541155925863,0.15,8.918117338887944
40,2,STRATEGIC_FIT,58.1645738301028,0.15,8.72468607451542
50,2,STRATEGIC_FIT,72.5098689419321,0.15,10.876480341289815
11,2,STRATEGIC_FIT,87.63531890117801,0.15,13.1452978351767
118,2,STRATEGIC_FIT,65.67874523688232,0.15,9.851811785532348
34,2,STRATEGIC_FIT,65.02928814724912,0.15,9.754393222087367
49,2,STRATEGIC_FIT,53.20511886631607,0.15,7.9807678299474105
101,2,STRATEGIC_FIT,48.79475862921605,0.15,7.3192137943824065
20,2,STRATEGIC_FIT,59.67927532757821,0.15,8.951891299136731
104,2,STRATEGIC_FIT,66.03043054699755,0.15,9.904564582049632
75,2,STRATEGIC_FIT,66.2158075442423,0.15,9.932371131636344
86,2,STRATEGIC_FIT,56.97370669422071,0.15,8.546056004133106
99,2,STRATEGIC_FIT,54.79792345565807,0.15,8.219688518348711
84,2,STRATEGIC_FIT,70.42120685564808,0.15,10.563181028347211
120,2,STRATEGIC_FIT,57.64979150241513,0.15,8.647468725362268
72,2,STRATEGIC_FIT,61.89807964112135,0.15,9.284711946168201
102,2,STRATEGIC_FIT,40.817474870605984,0.15,6.122621230590897
31,2,STRATEGIC_FIT,61.32608847391759,0.15,9.198913271087639
26,2,STRATEGIC_FIT,31.851923713947265,0.15,4.77778855709209
33,2,STRATEGIC_FIT,67.20854741699077,0.15,10.081282112548616
48,2,STRATEGIC_FIT,47.993261041395,0.15,7.19898915620925
68,2,STRATEGIC_FIT,32.147520582148374,0.15,4.822128087322256
53,2,STRATEGIC_FIT,77.1038961377848,0.15,11.56558442066772
36,2,STRATEGIC_FIT,49.23332310480009,0.15,7.384998465720013
47,2,STRATEGIC_FIT,66.12700039220792,0.15,9.919050058831187
90,2,STRATEGIC_FIT,34.57822030610591,0.15,5.1867330459158865
23,2,STRATEGIC_FIT,21.994727219013505,0.15,3.2992090828520255
29,2,STRATEGIC_FIT,47.73233386300454,0.15,7.159850079450681
56,2,STRATEGIC_FIT,77.19014217434427,0.15,11.578521326151641
117,2,STRATEGIC_FIT,54.36204467430363,0.15,8.154306701145545
80,2,STRATEGIC_FIT,55.80897618800208,0.15,8.371346428200312
30,2,STRATEGIC_FIT,53.91506114011808,0.15,8.087259171017712
38,2,STRATEGIC_FIT,47.559071163291485,0.15,7.1338606744937225
32,2,STRATEGIC_FIT,57.66894390490051,0.15,8.650341585735076
67,2,STRATEGIC_FIT,26.89925014852233,0.15,4.03488752227835
105,2,STRATEGIC_FIT,37.1573436292285,0.15,5.573601544384275
100,2,STRATEGIC_FIT,59.82142169674553,0.15,8.97321325451183
74,2,STRATEGIC_FIT,63.337322275495,0.15,9.500598341324249
28,2,STRATEGIC_FIT,30.49717729493028,0.15,4.574576594239542
37,2,STRATEGIC_FIT,49.98551033716466,0.15,7.497826550574699
59,2,STRATEGIC_FIT,49.76074692355947,0.15,7.464112038533921
95,2,STRATEGIC_FIT,60.24902034965482,0.15,9.037353052448223
63,2,STRATEGIC_FIT,41.344277552879475,0.15,6.2016416329319215
93,2,STRATEGIC_FIT,41.90853470406294,0.15,6.28628020560944
87,2,STRATEGIC_FIT,30.741511567400245,0.15,4.611226735110036
27,2,STRATEGIC_FIT,49.178596240159024,0.15,7.376789436023853
65,2,STRATEGIC_FIT,31.96400436634139,0.15,4.794600654951208
61,2,STRATEGIC_FIT,59.7654038664388,0.15,8.96481057996582
66,2,STRATEGIC_FIT,45.927542035036105,0.15,6.8891313052554155
35,2,STRATEGIC_FIT,33.828092816990605,0.15,5.074213922548591
108,2,STRATEGIC_FIT,53.796981884824575,0.15,8.069547282723686
82,2,STRATEGIC_FIT,56.61990020209141,0.15,8.492985030313712
107,2,STRATEGIC_FIT,48.89962309877447,0.15,7.33494346481617
73,2,STRATEGIC_FIT,56.27949781847038,0.15,8.441924672770558
39,2,STRATEGIC_FIT,43.76093983774523,0.15,6.5641409756617835
54,2,STRATEGIC_FIT,70.50607434098588,0.15,10.575911151147881
112,2,STRATEGIC_FIT,58.53133289582301,0.15,8.779699934373452
116,2,STRATEGIC_FIT,52.80175804401343,0.15,7.9202637066020145
77,2,STRATEGIC_FIT,56.417886533314,0.15,8.4626829799971
97,2,STRATEGIC_FIT,39.88008892471354,0.15,5.982013338707031
106,2,STRATEGIC_FIT,31.440753468880352,0.15,4.7161130203320525
109,2,STRATEGIC_FIT,53.7518820032186,0.15,8.06278230048279
60,2,STRATEGIC_FIT,55.460505131732546,0.15,8.319075769759882
110,2,STRATEGIC_FIT,57.75976258414104,0.15,8.663964387621157
96,2,STRATEGIC_FIT,55.48836276982711,0.15,8.323254415474066
25,2,STRATEGIC_FIT,34.1693362147754,0.15,5.12540043221631
119,2,STRATEGIC_FIT,52.91320708903416,0.15,7.936981063355123
24,2,STRATEGIC_FIT,18.281073889122712,0.15,2.7421610833684067
69,2,STRATEGIC_FIT,31.813483028316917,0.15,4.772022454247537
111,2,STRATEGIC_FIT,56.988192272459074,0.15,8.54822884086886
94,2,STRATEGIC_FIT,53.56466848246816,0.15,8.034700272370223
98,2,STRATEGIC_FIT,28.95022746916594,0.15,4.342534120374891
81,2,STRATEGIC_FIT,54.72954421222184,0.15,8.209431631833276
79,2,STRATEGIC_FIT,54.1527946456101,0.15,8.122919196841515
70,2,STRATEGIC_FIT,56.13756899167925,0.15,8.420635348751887
78,2,STRATEGIC_FIT,54.259022581753534,0.15,8.13885338726303
71,2,STRATEGIC_FIT,43.60119649587587,0.15,6.54017947438138
103,2,STRATEGIC_FIT,33.83163204125022,0.15,5.074744806187533
114,2,STRATEGIC_FIT,58.60147565143046,0.15,8.790221347714569
57,2,STRATEGIC_FIT,40.24799219602926,0.15,6.037198829404389
62,2,STRATEGIC_FIT,38.3473429827754,0.15,5.75210144741631
88,2,STRATEGIC_FIT,15.182178524290087,0.15,2.277326778643513
64,2,STRATEGIC_FIT,31.739883367615302,0.15,4.760982505142295
115,2,STRATEGIC_FIT,50.67573100939569,0.15,7.6013596514093535
58,2,STRATEGIC_FIT,39.06899336618765,0.15,5.860349004928147
92,2,STRATEGIC_FIT,39.45282016925374,0.15,5.917923025388061
113,2,STRATEGIC_FIT,52.12118602853661,0.15,7.818177904280492
76,2,STRATEGIC_FIT,54.3420558106597,0.15,8.151308371598954
91,2,STRATEGIC_FIT,20.368847816507095,0.15,3.0553271724760642
89,2,STRATEGIC_FIT,12.485738784136878,0.15,1.8728608176205315
52,3,STRATEGIC_FIT,82.66676549587018,0.15,12.400014824380527
18,3,STRATEGIC_FIT,74.58768499336001,0.15,11.188152749004002
1,3,STRATEGIC_FIT,62.87070786512365,0.15,9.430606179768548
6,3,STRATEGIC_FIT,61.80513866298516,0.15,9.270770799447773
17,3,STRATEGIC_FIT,72.30151038624352,0.15,10.845226557936527
51,3,STRATEGIC_FIT,70.93730452378318,0.15,10.640595678567477
41,3,STRATEGIC_FIT,54.36605991934002,0.15,8.154908987901003
3,3,STRATEGIC_FIT,62.8740276089353,0.15,9.431104141340295
8,3,STRATEGIC_FIT,62.020112208047934,0.15,9.30301683120719
13,3,STRATEGIC_FIT,68.57702341312249,0.15,10.286553511968373
21,3,STRATEGIC_FIT,56.14644313165036,0.15,8.421966469747554
16,3,STRATEGIC_FIT,71.72260840059158,0.15,10.758391260088738
15,3,STRATEGIC_FIT,71.01710969630943,0.15,10.652566454446415
19,3,STRATEGIC_FIT,72.34747552739961,0.15,10.852121329109941
55,3,STRATEGIC_FIT,77.96635650337944,0.15,11.694953475506916
46,3,STRATEGIC_FIT,56.80454263565519,0.15,8.520681395348278
22,3,STRATEGIC_FIT,59.48366683043432,0.15,8.922550024565147
7,3,STRATEGIC_FIT,55.14158020008884,0.15,8.271237030013326
2,3,STRATEGIC_FIT,67.05174913398554,0.15,10.05776237009783
12,3,STRATEGIC_FIT,62.26608887182572,0.15,9.339913330773857
4,3,STRATEGIC_FIT,58.59294983570482,0.15,8.788942475355723
43,3,STRATEGIC_FIT,61.46122511876633,0.15,9.219183767814949
14,3,STRATEGIC_FIT,69.65785804330568,0.15,10.448678706495851
45,3,STRATEGIC_FIT,64.50439793426938,0.15,9.675659690140407
42,3,STRATEGIC_FIT,58.59877760163739,0.15,8.789816640245608
9,3,STRATEGIC_FIT,55.903605412831226,0.15,8.385540811924683
5,3,STRATEGIC_FIT,59.19932571793815,0.15,8.879898857690723
85,3,STRATEGIC_FIT,59.09654564699649,0.15,8.864481847049474
10,3,STRATEGIC_FIT,86.01751018313519,0.15,12.902626527470277
83,3,STRATEGIC_FIT,64.71322370954908,0.15,9.706983556432363
44,3,STRATEGIC_FIT,59.4541155925863,0.15,8.918117338887944
11,3,STRATEGIC_FIT,87.63531890117801,0.15,13.1452978351767
50,3,STRATEGIC_FIT,72.5098689419321,0.15,10.876480341289815
40,3,STRATEGIC_FIT,58.1645738301028,0.15,8.72468607451542
20,3,STRATEGIC_FIT,59.67927532757821,0.15,8.951891299136731
49,3,STRATEGIC_FIT,53.20511886631607,0.15,7.9807678299474105
118,3,STRATEGIC_FIT,65.67874523688232,0.15,9.851811785532348
104,3,STRATEGIC_FIT,66.03043054699755,0.15,9.904564582049632
34,3,STRATEGIC_FIT,65.02928814724912,0.15,9.754393222087367
101,3,STRATEGIC_FIT,48.79475862921605,0.15,7.3192137943824065
75,3,STRATEGIC_FIT,66.2158075442423,0.15,9.932371131636344
86,3,STRATEGIC_FIT,56.97370669422071,0.15,8.546056004133106
99,3,STRATEGIC_FIT,54.79792345565807,0.15,8.219688518348711
72,3,STRATEGIC_FIT,61.89807964112135,0.15,9.284711946168201
31,3,STRATEGIC_FIT,61.32608847391759,0.15,9.198913271087639
120,3,STRATEGIC_FIT,57.64979150241513,0.15,8.647468725362268
48,3,STRATEGIC_FIT,47.993261041395,0.15,7.19898915620925
68,3,STRATEGIC_FIT,32.147520582148374,0.15,4.822128087322256
84,3,STRATEGIC_FIT,70.42120685564808,0.15,10.563181028347211
102,3,STRATEGIC_FIT,40.817474870605984,0.15,6.122621230590897
26,3,STRATEGIC_FIT,31.851923713947265,0.15,4.77778855709209
36,3,STRATEGIC_FIT,49.23332310480009,0.15,7.384998465720013
33,3,STRATEGIC_FIT,67.20854741699077,0.15,10.081282112548616
53,3,STRATEGIC_FIT,77.1038961377848,0.15,11.56558442066772
47,3,STRATEGIC_FIT,66.12700039220792,0.15,9.919050058831187
90,3,STRATEGIC_FIT,34.57822030610591,0.15,5.1867330459158865
29,3,STRATEGIC_FIT,47.73233386300454,0.15,7.159850079450681
23,3,STRATEGIC_FIT,21.994727219013505,0.15,3.2992090828520255
56,3,STRATEGIC_FIT,77.19014217434427,0.15,11.578521326151641
30,3,STRATEGIC_FIT,53.91506114011808,0.15,8.087259171017712
67,3,STRATEGIC_FIT,26.89925014852233,0.15,4.03488752227835
32,3,STRATEGIC_FIT,57.66894390490051,0.15,8.650341585735076
80,3,STRATEGIC_FIT,55.80897618800208,0.15,8.371346428200312
38,3,STRATEGIC_FIT,47.559071163291485,0.15,7.1338606744937225
117,3,STRATEGIC_FIT,54.36204467430363,0.15,8.154306701145545
105,3,STRATEGIC_FIT,37.1573436292285,0.15,5.573601544384275
74,3,STRATEGIC_FIT,63.337322275495,0.15,9.500598341324249
28,3,STRATEGIC_FIT,30.49717729493028,0.15,4.574576594239542
100,3,STRATEGIC_FIT,59.82142169674553,0.15,8.97321325451183
37,3,STRATEGIC_FIT,49.98551033716466,0.15,7.497826550574699
95,3,STRATEGIC_FIT,60.24902034965482,0.15,9.037353052448223
63,3,STRATEGIC_FIT,41.344277552879475,0.15,6.2016416329319215
27,3,STRATEGIC_FIT,49.178596240159024,0.15,7.376789436023853
93,3,STRATEGIC_FIT,41.90853470406294,0.15,6.28628020560944
65,3,STRATEGIC_FIT,31.96400436634139,0.15,4.794600654951208
87,3,STRATEGIC_FIT,30.741511567400245,0.15,4.611226735110036
59,3,STRATEGIC_FIT,49.76074692355947,0.15,7.464112038533921
66,3,STRATEGIC_FIT,45.927542035036105,0.15,6.8891313052554155
61,3,STRATEGIC_FIT,59.7654038664388,0.15,8.96481057996582
112,3,STRATEGIC_FIT,58.53133289582301,0.15,8.779699934373452
73,3,STRATEGIC_FIT,56.27949781847038,0.15,8.441924672770558
108,3,STRATEGIC_FIT,53.796981884824575,0.15,8.069547282723686
77,3,STRATEGIC_FIT,56.417886533314,0.15,8.4626829799971
54,3,STRATEGIC_FIT,70.50607434098588,0.15,10.575911151147881
107,3,STRATEGIC_FIT,48.89962309877447,0.15,7.33494346481617
39,3,STRATEGIC_FIT,43.76093983774523,0.15,6.5641409756617835
35,3,STRATEGIC_FIT,33.828092816990605,0.15,5.074213922548591
82,3,STRATEGIC_FIT,56.61990020209141,0.15,8.492985030313712
97,3,STRATEGIC_FIT,39.88008892471354,0.15,5.982013338707031
60,3,STRATEGIC_FIT,55.460505131732546,0.15,8.319075769759882
106,3,STRATEGIC_FIT,31.440753468880352,0.15,4.7161130203320525
116,3,STRATEGIC_FIT,52.80175804401343,0.15,7.9202637066020145
25,3,STRATEGIC_FIT,34.1693362147754,0.15,5.12540043221631
110,3,STRATEGIC_FIT,57.75976258414104,0.15,8.663964387621157
96,3,STRATEGIC_FIT,55.48836276982711,0.15,8.323254415474066
111,3,STRATEGIC_FIT,56.988192272459074,0.15,8.54822884086886
109,3,STRATEGIC_FIT,53.7518820032186,0.15,8.06278230048279
69,3,STRATEGIC_FIT,31.813483028316917,0.15,4.772022454247537
24,3,STRATEGIC_FIT,18.281073889122712,0.15,2.7421610833684067
81,3,STRATEGIC_FIT,54.72954421222184,0.15,8.209431631833276
94,3,STRATEGIC_FIT,53.56466848246816,0.15,8.034700272370223
119,3,STRATEGIC_FIT,52.91320708903416,0.15,7.936981063355123
98,3,STRATEGIC_FIT,28.95022746916594,0.15,4.342534120374891
71,3,STRATEGIC_FIT,43.60119649587587,0.15,6.54017947438138
78,3,STRATEGIC_FIT,54.259022581753534,0.15,8.13885338726303
79,3,STRATEGIC_FIT,54.1527946456101,0.15,8.122919196841515
70,3,STRATEGIC_FIT,56.13756899167925,0.15,8.420635348751887
62,3,STRATEGIC_FIT,38.3473429827754,0.15,5.75210144741631
114,3,STRATEGIC_FIT,58.60147565143046,0.15,8.790221347714569
57,3,STRATEGIC_FIT,40.24799219602926,0.15,6.037198829404389
88,3,STRATEGIC_FIT,15.182178524290087,0.15,2.277326778643513
64,3,STRATEGIC_FIT,31.739883367615302,0.15,4.760982505142295
103,3,STRATEGIC_FIT,33.83163204125022,0.15,5.074744806187533
115,3,STRATEGIC_FIT,50.67573100939569,0.15,7.6013596514093535
113,3,STRATEGIC_FIT,52.12118602853661,0.15,7.818177904280492
92,3,STRATEGIC_FIT,39.45282016925374,0.15,5.917923025388061
58,3,STRATEGIC_FIT,39.06899336618765,0.15,5.860349004928147
76,3,STRATEGIC_FIT,54.3420558106597,0.15,8.151308371598954
91,3,STRATEGIC_FIT,20.368847816507095,0.15,3.0553271724760642
89,3,STRATEGIC_FIT,12.485738784136878,0.15,1.8728608176205315
52,6,STRATEGIC_FIT,72.68177672800365,0.15,10.902266509200548
18,6,STRATEGIC_FIT,74.58768499336001,0.15,11.188152749004002
1,6,STRATEGIC_FIT,62.87070786512365,0.15,9.430606179768548
17,6,STRATEGIC_FIT,72.30151038624352,0.15,10.845226557936527
6,6,STRATEGIC_FIT,61.80513866298516,0.15,9.270770799447773
41,6,STRATEGIC_FIT,54.36605991934002,0.15,8.154908987901003
3,6,STRATEGIC_FIT,62.8740276089353,0.15,9.431104141340295
51,6,STRATEGIC_FIT,50.432761344103945,0.15,7.564914201615592
8,6,STRATEGIC_FIT,62.020112208047934,0.15,9.30301683120719
13,6,STRATEGIC_FIT,68.57702341312249,0.15,10.286553511968373
16,6,STRATEGIC_FIT,71.72260840059158,0.15,10.758391260088738
21,6,STRATEGIC_FIT,56.14644313165036,0.15,8.421966469747554
15,6,STRATEGIC_FIT,71.01710969630943,0.15,10.652566454446415
19,6,STRATEGIC_FIT,72.34747552739961,0.15,10.852121329109941
55,6,STRATEGIC_FIT,77.96635650337944,0.15,11.694953475506916
46,6,STRATEGIC_FIT,56.80454263565519,0.15,8.520681395348278
22,6,STRATEGIC_FIT,59.48366683043432,0.15,8.922550024565147
7,6,STRATEGIC_FIT,55.14158020008884,0.15,8.271237030013326
43,6,STRATEGIC_FIT,61.46122511876633,0.15,9.219183767814949
12,6,STRATEGIC_FIT,62.26608887182572,0.15,9.339913330773857
2,6,STRATEGIC_FIT,67.05174913398554,0.15,10.05776237009783
4,6,STRATEGIC_FIT,58.59294983570482,0.15,8.788942475355723
14,6,STRATEGIC_FIT,69.65785804330568,0.15,10.448678706495851
45,6,STRATEGIC_FIT,64.50439793426938,0.15,9.675659690140407
42,6,STRATEGIC_FIT,58.59877760163739,0.15,8.789816640245608
9,6,STRATEGIC_FIT,55.903605412831226,0.15,8.385540811924683
85,6,STRATEGIC_FIT,59.09654564699649,0.15,8.864481847049474
5,6,STRATEGIC_FIT,59.19932571793815,0.15,8.879898857690723
10,6,STRATEGIC_FIT,86.01751018313519,0.15,12.902626527470277
83,6,STRATEGIC_FIT,64.71322370954908,0.15,9.706983556432363
44,6,STRATEGIC_FIT,59.4541155925863,0.15,8.918117338887944
40,6,STRATEGIC_FIT,58.1645738301028,0.15,8.72468607451542
50,6,STRATEGIC_FIT,72.5098689419321,0.15,10.876480341289815
11,6,STRATEGIC_FIT,87.63531890117801,0.15,13.1452978351767
34,6,STRATEGIC_FIT,65.02928814724912,0.15,9.754393222087367
118,6,STRATEGIC_FIT,65.67874523688232,0.15,9.851811785532348
49,6,STRATEGIC_FIT,53.20511886631607,0.15,7.9807678299474105
101,6,STRATEGIC_FIT,48.79475862921605,0.15,7.3192137943824065
20,6,STRATEGIC_FIT,59.67927532757821,0.15,8.951891299136731
104,6,STRATEGIC_FIT,66.03043054699755,0.15,9.904564582049632
86,6,STRATEGIC_FIT,56.97370669422071,0.15,8.546056004133106
75,6,STRATEGIC_FIT,66.2158075442423,0.15,9.932371131636344
99,6,STRATEGIC_FIT,54.79792345565807,0.15,8.219688518348711
120,6,STRATEGIC_FIT,57.64979150241513,0.15,8.647468725362268
84,6,STRATEGIC_FIT,70.42120685564808,0.15,10.563181028347211
72,6,STRATEGIC_FIT,61.89807964112135,0.15,9.284711946168201
102,6,STRATEGIC_FIT,40.817474870605984,0.15,6.122621230590897
31,6,STRATEGIC_FIT,61.32608847391759,0.15,9.198913271087639
26,6,STRATEGIC_FIT,31.851923713947265,0.15,4.77778855709209
33,6,STRATEGIC_FIT,67.20854741699077,0.15,10.081282112548616
48,6,STRATEGIC_FIT,47.993261041395,0.15,7.19898915620925
68,6,STRATEGIC_FIT,32.147520582148374,0.15,4.822128087322256
53,6,STRATEGIC_FIT,77.1038961377848,0.15,11.56558442066772
36,6,STRATEGIC_FIT,49.23332310480009,0.15,7.384998465720013
47,6,STRATEGIC_FIT,66.12700039220792,0.15,9.919050058831187
90,6,STRATEGIC_FIT,34.57822030610591,0.15,5.1867330459158865
23,6,STRATEGIC_FIT,21.994727219013505,0.15,3.2992090828520255
29,6,STRATEGIC_FIT,47.73233386300454,0.15,7.159850079450681
56,6,STRATEGIC_FIT,77.19014217434427,0.15,11.578521326151641
117,6,STRATEGIC_FIT,54.36204467430363,0.15,8.154306701145545
80,6,STRATEGIC_FIT,55.80897618800208,0.15,8.371346428200312
30,6,STRATEGIC_FIT,53.91506114011808,0.15,8.087259171017712
32,6,STRATEGIC_FIT,57.66894390490051,0.15,8.650341585735076
38,6,STRATEGIC_FIT,47.559071163291485,0.15,7.1338606744937225
67,6,STRATEGIC_FIT,26.89925014852233,0.15,4.03488752227835
105,6,STRATEGIC_FIT,37.1573436292285,0.15,5.573601544384275
100,6,STRATEGIC_FIT,59.82142169674553,0.15,8.97321325451183
74,6,STRATEGIC_FIT,63.337322275495,0.15,9.500598341324249
28,6,STRATEGIC_FIT,30.49717729493028,0.15,4.574576594239542
37,6,STRATEGIC_FIT,49.98551033716466,0.15,7.497826550574699
59,6,STRATEGIC_FIT,49.76074692355947,0.15,7.464112038533921
95,6,STRATEGIC_FIT,60.24902034965482,0.15,9.037353052448223
93,6,STRATEGIC_FIT,41.90853470406294,0.15,6.28628020560944
63,6,STRATEGIC_FIT,41.344277552879475,0.15,6.2016416329319215
87,6,STRATEGIC_FIT,30.741511567400245,0.15,4.611226735110036
27,6,STRATEGIC_FIT,49.178596240159024,0.15,7.376789436023853
65,6,STRATEGIC_FIT,31.96400436634139,0.15,4.794600654951208
61,6,STRATEGIC_FIT,59.7654038664388,0.15,8.96481057996582
66,6,STRATEGIC_FIT,45.927542035036105,0.15,6.8891313052554155
35,6,STRATEGIC_FIT,33.828092816990605,0.15,5.074213922548591
108,6,STRATEGIC_FIT,53.796981884824575,0.15,8.069547282723686
82,6,STRATEGIC_FIT,56.61990020209141,0.15,8.492985030313712
107,6,STRATEGIC_FIT,48.89962309877447,0.15,7.33494346481617
54,6,STRATEGIC_FIT,70.50607434098588,0.15,10.575911151147881
39,6,STRATEGIC_FIT,43.76093983774523,0.15,6.5641409756617835
73,6,STRATEGIC_FIT,56.27949781847038,0.15,8.441924672770558
116,6,STRATEGIC_FIT,52.80175804401343,0.15,7.9202637066020145
77,6,STRATEGIC_FIT,56.417886533314,0.15,8.4626829799971
97,6,STRATEGIC_FIT,39.88008892471354,0.15,5.982013338707031
106,6,STRATEGIC_FIT,31.440753468880352,0.15,4.7161130203320525
60,6,STRATEGIC_FIT,55.460505131732546,0.15,8.319075769759882
109,6,STRATEGIC_FIT,53.7518820032186,0.15,8.06278230048279
112,6,STRATEGIC_FIT,45.33197997776533,0.15,6.799796996664799
25,6,STRATEGIC_FIT,34.1693362147754,0.15,5.12540043221631
96,6,STRATEGIC_FIT,55.48836276982711,0.15,8.323254415474066
119,6,STRATEGIC_FIT,52.91320708903416,0.15,7.936981063355123
24,6,STRATEGIC_FIT,18.281073889122712,0.15,2.7421610833684067
69,6,STRATEGIC_FIT,31.813483028316917,0.15,4.772022454247537
94,6,STRATEGIC_FIT,53.56466848246816,0.15,8.034700272370223
98,6,STRATEGIC_FIT,28.95022746916594,0.15,4.342534120374891
81,6,STRATEGIC_FIT,54.72954421222184,0.15,8.209431631833276
79,6,STRATEGIC_FIT,54.1527946456101,0.15,8.122919196841515
110,6,STRATEGIC_FIT,38.659875631202475,0.15,5.798981344680371
70,6,STRATEGIC_FIT,56.13756899167925,0.15,8.420635348751887
111,6,STRATEGIC_FIT,42.70477858658547,0.15,6.40571678798782
78,6,STRATEGIC_FIT,54.259022581753534,0.15,8.13885338726303
71,6,STRATEGIC_FIT,43.60119649587587,0.15,6.54017947438138
103,6,STRATEGIC_FIT,33.83163204125022,0.15,5.074744806187533
57,6,STRATEGIC_FIT,40.24799219602926,0.15,6.037198829404389
62,6,STRATEGIC_FIT,38.3473429827754,0.15,5.75210144741631
88,6,STRATEGIC_FIT,15.182178524290087,0.15,2.277326778643513
114,6,STRATEGIC_FIT,52.01916057670866,0.15,7.802874086506298
64,6,STRATEGIC_FIT,31.739883367615302,0.15,4.760982505142295
115,6,STRATEGIC_FIT,46.94451793246704,0.15,7.041677689870056
58,6,STRATEGIC_FIT,39.06899336618765,0.15,5.860349004928147
92,6,STRATEGIC_FIT,39.45282016925374,0.15,5.917923025388061
76,6,STRATEGIC_FIT,54.3420558106597,0.15,8.151308371598954
113,6,STRATEGIC_FIT,38.91705223153918,0.15,5.837557834730877
91,6,STRATEGIC_FIT,20.368847816507095,0.15,3.0553271724760642
89,6,STRATEGIC_FIT,12.485738784136878,0.15,1.8728608176205315
52,7,STRATEGIC_FIT,82.66676549587018,0.15,12.400014824380527
18,7,STRATEGIC_FIT,74.58768499336001,0.15,11.188152749004002
1,7,STRATEGIC_FIT,62.87070786512365,0.15,9.430606179768548
51,7,STRATEGIC_FIT,70.93730452378318,0.15,10.640595678567477
6,7,STRATEGIC_FIT,61.80513866298516,0.15,9.270770799447773
17,7,STRATEGIC_FIT,72.30151038624352,0.15,10.845226557936527
3,7,STRATEGIC_FIT,62.8740276089353,0.15,9.431104141340295
41,7,STRATEGIC_FIT,54.36605991934002,0.15,8.154908987901003
55,7,STRATEGIC_FIT,77.96635650337944,0.15,11.694953475506916
8,7,STRATEGIC_FIT,62.020112208047934,0.15,9.30301683120719
16,7,STRATEGIC_FIT,71.72260840059158,0.15,10.758391260088738
19,7,STRATEGIC_FIT,72.34747552739961,0.15,10.852121329109941
15,7,STRATEGIC_FIT,71.01710969630943,0.15,10.652566454446415
13,7,STRATEGIC_FIT,68.57702341312249,0.15,10.286553511968373
46,7,STRATEGIC_FIT,56.80454263565519,0.15,8.520681395348278
21,7,STRATEGIC_FIT,56.14644313165036,0.15,8.421966469747554
22,7,STRATEGIC_FIT,59.48366683043432,0.15,8.922550024565147
12,7,STRATEGIC_FIT,62.26608887182572,0.15,9.339913330773857
7,7,STRATEGIC_FIT,55.14158020008884,0.15,8.271237030013326
43,7,STRATEGIC_FIT,61.46122511876633,0.15,9.219183767814949
4,7,STRATEGIC_FIT,58.59294983570482,0.15,8.788942475355723
2,7,STRATEGIC_FIT,67.05174913398554,0.15,10.05776237009783
14,7,STRATEGIC_FIT,69.65785804330568,0.15,10.448678706495851
42,7,STRATEGIC_FIT,58.59877760163739,0.15,8.789816640245608
5,7,STRATEGIC_FIT,59.19932571793815,0.15,8.879898857690723
9,7,STRATEGIC_FIT,55.903605412831226,0.15,8.385540811924683
10,7,STRATEGIC_FIT,86.01751018313519,0.15,12.902626527470277
45,7,STRATEGIC_FIT,64.50439793426938,0.15,9.675659690140407
50,7,STRATEGIC_FIT,72.5098689419321,0.15,10.876480341289815
44,7,STRATEGIC_FIT,59.4541155925863,0.15,8.918117338887944
49,7,STRATEGIC_FIT,53.20511886631607,0.15,7.9807678299474105
85,7,STRATEGIC_FIT,59.09654564699649,0.15,8.864481847049474
40,7,STRATEGIC_FIT,58.1645738301028,0.15,8.72468607451542
83,7,STRATEGIC_FIT,64.71322370954908,0.15,9.706983556432363
48,7,STRATEGIC_FIT,47.993261041395,0.15,7.19898915620925
20,7,STRATEGIC_FIT,59.67927532757821,0.15,8.951891299136731
34,7,STRATEGIC_FIT,65.02928814724912,0.15,9.754393222087367
11,7,STRATEGIC_FIT,87.63531890117801,0.15,13.1452978351767
118,7,STRATEGIC_FIT,65.67874523688232,0.15,9.851811785532348
104,7,STRATEGIC_FIT,66.03043054699755,0.15,9.904564582049632
101,7,STRATEGIC_FIT,48.79475862921605,0.15,7.3192137943824065
86,7,STRATEGIC_FIT,56.97370669422071,0.15,8.546056004133106
47,7,STRATEGIC_FIT,66.12700039220792,0.15,9.919050058831187
99,7,STRATEGIC_FIT,54.79792345565807,0.15,8.219688518348711
33,7,STRATEGIC_FIT,67.20854741699077,0.15,10.081282112548616
72,7,STRATEGIC_FIT,61.89807964112135,0.15,9.284711946168201
102,7,STRATEGIC_FIT,40.817474870605984,0.15,6.122621230590897
31,7,STRATEGIC_FIT,61.32608847391759,0.15,9.198913271087639
120,7,STRATEGIC_FIT,57.64979150241513,0.15,8.647468725362268
84,7,STRATEGIC_FIT,70.42120685564808,0.15,10.563181028347211
36,7,STRATEGIC_FIT,49.23332310480009,0.15,7.384998465720013
75,7,STRATEGIC_FIT,66.2158075442423,0.15,9.932371131636344
32,7,STRATEGIC_FIT,57.66894390490051,0.15,8.650341585735076
80,7,STRATEGIC_FIT,55.80897618800208,0.15,8.371346428200312
26,7,STRATEGIC_FIT,31.851923713947265,0.15,4.77778855709209
100,7,STRATEGIC_FIT,59.82142169674553,0.15,8.97321325451183
29,7,STRATEGIC_FIT,47.73233386300454,0.15,7.159850079450681
117,7,STRATEGIC_FIT,54.36204467430363,0.15,8.154306701145545
56,7,STRATEGIC_FIT,77.19014217434427,0.15,11.578521326151641
90,7,STRATEGIC_FIT,34.57822030610591,0.15,5.1867330459158865
53,7,STRATEGIC_FIT,77.1038961377848,0.15,11.56558442066772
68,7,STRATEGIC_FIT,32.147520582148374,0.15,4.822128087322256
38,7,STRATEGIC_FIT,47.559071163291485,0.15,7.1338606744937225
30,7,STRATEGIC_FIT,53.91506114011808,0.15,8.087259171017712
105,7,STRATEGIC_FIT,37.1573436292285,0.15,5.573601544384275
37,7,STRATEGIC_FIT,49.98551033716466,0.15,7.497826550574699
23,7,STRATEGIC_FIT,21.994727219013505,0.15,3.2992090828520255
67,7,STRATEGIC_FIT,26.89925014852233,0.15,4.03488752227835
59,7,STRATEGIC_FIT,49.76074692355947,0.15,7.464112038533921
28,7,STRATEGIC_FIT,30.49717729493028,0.15,4.574576594239542
82,7,STRATEGIC_FIT,56.61990020209141,0.15,8.492985030313712
97,7,STRATEGIC_FIT,39.88008892471354,0.15,5.982013338707031
95,7,STRATEGIC_FIT,60.24902034965482,0.15,9.037353052448223
108,7,STRATEGIC_FIT,53.796981884824575,0.15,8.069547282723686
35,7,STRATEGIC_FIT,33.828092816990605,0.15,5.074213922548591
63,7,STRATEGIC_FIT,41.344277552879475,0.15,6.2016416329319215
74,7,STRATEGIC_FIT,63.337322275495,0.15,9.500598341324249
109,7,STRATEGIC_FIT,53.7518820032186,0.15,8.06278230048279
66,7,STRATEGIC_FIT,45.927542035036105,0.15,6.8891313052554155
54,7,STRATEGIC_FIT,70.50607434098588,0.15,10.575911151147881
27,7,STRATEGIC_FIT,49.178596240159024,0.15,7.376789436023853
39,7,STRATEGIC_FIT,43.76093983774523,0.15,6.5641409756617835
87,7,STRATEGIC_FIT,30.741511567400245,0.15,4.611226735110036
65,7,STRATEGIC_FIT,31.96400436634139,0.15,4.794600654951208
93,7,STRATEGIC_FIT,41.90853470406294,0.15,6.28628020560944
60,7,STRATEGIC_FIT,55.460505131732546,0.15,8.319075769759882
77,7,STRATEGIC_FIT,56.417886533314,0.15,8.4626829799971
107,7,STRATEGIC_FIT,48.89962309877447,0.15,7.33494346481617
61,7,STRATEGIC_FIT,59.7654038664388,0.15,8.96481057996582
116,7,STRATEGIC_FIT,52.80175804401343,0.15,7.9202637066020145
106,7,STRATEGIC_FIT,31.440753468880352,0.15,4.7161130203320525
73,7,STRATEGIC_FIT,56.27949781847038,0.15,8.441924672770558
112,7,STRATEGIC_FIT,58.53133289582301,0.15,8.779699934373452
79,7,STRATEGIC_FIT,54.1527946456101,0.15,8.122919196841515
111,7,STRATEGIC_FIT,56.988192272459074,0.15,8.54822884086886
78,7,STRATEGIC_FIT,54.259022581753534,0.15,8.13885338726303
25,7,STRATEGIC_FIT,34.1693362147754,0.15,5.12540043221631
119,7,STRATEGIC_FIT,52.91320708903416,0.15,7.936981063355123
110,7,STRATEGIC_FIT,57.75976258414104,0.15,8.663964387621157
98,7,STRATEGIC_FIT,28.95022746916594,0.15,4.342534120374891
70,7,STRATEGIC_FIT,56.13756899167925,0.15,8.420635348751887
81,7,STRATEGIC_FIT,54.72954421222184,0.15,8.209431631833276
24,7,STRATEGIC_FIT,18.281073889122712,0.15,2.7421610833684067
69,7,STRATEGIC_FIT,31.813483028316917,0.15,4.772022454247537
96,7,STRATEGIC_FIT,55.48836276982711,0.15,8.323254415474066
94,7,STRATEGIC_FIT,53.56466848246816,0.15,8.034700272370223
103,7,STRATEGIC_FIT,33.83163204125022,0.15,5.074744806187533
57,7,STRATEGIC_FIT,40.24799219602926,0.15,6.037198829404389
114,7,STRATEGIC_FIT,58.60147565143046,0.15,8.790221347714569
62,7,STRATEGIC_FIT,38.3473429827754,0.15,5.75210144741631
64,7,STRATEGIC_FIT,31.739883367615302,0.15,4.760982505142295
71,7,STRATEGIC_FIT,43.60119649587587,0.15,6.54017947438138
88,7,STRATEGIC_FIT,15.182178524290087,0.15,2.277326778643513
113,7,STRATEGIC_FIT,52.12118602853661,0.15,7.818177904280492
92,7,STRATEGIC_FIT,39.45282016925374,0.15,5.917923025388061
76,7,STRATEGIC_FIT,54.3420558106597,0.15,8.151308371598954
58,7,STRATEGIC_FIT,39.06899336618765,0.15,5.860349004928147
115,7,STRATEGIC_FIT,50.67573100939569,0.15,7.6013596514093535
89,7,STRATEGIC_FIT,12.485738784136878,0.15,1.8728608176205315
91,7,STRATEGIC_FIT,20.368847816507095,0.15,3.0553271724760642
18,10,STRATEGIC_FIT,74.58768499336001,0.15,11.188152749004002
52,10,STRATEGIC_FIT,82.66676549587018,0.15,12.400014824380527
1,10,STRATEGIC_FIT,62.87070786512365,0.15,9.430606179768548
6,10,STRATEGIC_FIT,61.80513866298516,0.15,9.270770799447773
17,10,STRATEGIC_FIT,72.30151038624352,0.15,10.845226557936527
41,10,STRATEGIC_FIT,54.36605991934002,0.15,8.154908987901003
8,10,STRATEGIC_FIT,62.020112208047934,0.15,9.30301683120719
13,10,STRATEGIC_FIT,68.57702341312249,0.15,10.286553511968373
3,10,STRATEGIC_FIT,62.8740276089353,0.15,9.431104141340295
21,10,STRATEGIC_FIT,56.14644313165036,0.15,8.421966469747554
22,10,STRATEGIC_FIT,59.48366683043432,0.15,8.922550024565147
15,10,STRATEGIC_FIT,71.01710969630943,0.15,10.652566454446415
19,10,STRATEGIC_FIT,72.34747552739961,0.15,10.852121329109941
16,10,STRATEGIC_FIT,71.72260840059158,0.15,10.758391260088738
51,10,STRATEGIC_FIT,70.93730452378318,0.15,10.640595678567477
7,10,STRATEGIC_FIT,55.14158020008884,0.15,8.271237030013326
46,10,STRATEGIC_FIT,56.80454263565519,0.15,8.520681395348278
2,10,STRATEGIC_FIT,67.05174913398554,0.15,10.05776237009783
4,10,STRATEGIC_FIT,58.59294983570482,0.15,8.788942475355723
55,10,STRATEGIC_FIT,77.96635650337944,0.15,11.694953475506916
45,10,STRATEGIC_FIT,64.50439793426938,0.15,9.675659690140407
43,10,STRATEGIC_FIT,61.46122511876633,0.15,9.219183767814949
14,10,STRATEGIC_FIT,69.65785804330568,0.15,10.448678706495851
12,10,STRATEGIC_FIT,62.26608887182572,0.15,9.339913330773857
83,10,STRATEGIC_FIT,64.71322370954908,0.15,9.706983556432363
9,10,STRATEGIC_FIT,55.903605412831226,0.15,8.385540811924683
85,10,STRATEGIC_FIT,59.09654564699649,0.15,8.864481847049474
42,10,STRATEGIC_FIT,58.59877760163739,0.15,8.789816640245608
44,10,STRATEGIC_FIT,59.4541155925863,0.15,8.918117338887944
40,10,STRATEGIC_FIT,58.1645738301028,0.15,8.72468607451542
5,10,STRATEGIC_FIT,59.19932571793815,0.15,8.879898857690723
118,10,STRATEGIC_FIT,65.67874523688232,0.15,9.851811785532348
10,10,STRATEGIC_FIT,86.01751018313519,0.15,12.902626527470277
75,10,STRATEGIC_FIT,66.2158075442423,0.15,9.932371131636344
101,10,STRATEGIC_FIT,48.79475862921605,0.15,7.3192137943824065
84,10,STRATEGIC_FIT,70.42120685564808,0.15,10.563181028347211
11,10,STRATEGIC_FIT,87.63531890117801,0.15,13.1452978351767
34,10,STRATEGIC_FIT,65.02928814724912,0.15,9.754393222087367
104,10,STRATEGIC_FIT,66.03043054699755,0.15,9.904564582049632
72,10,STRATEGIC_FIT,61.89807964112135,0.15,9.284711946168201
50,10,STRATEGIC_FIT,72.5098689419321,0.15,10.876480341289815
120,10,STRATEGIC_FIT,57.64979150241513,0.15,8.647468725362268
68,10,STRATEGIC_FIT,32.147520582148374,0.15,4.822128087322256
99,10,STRATEGIC_FIT,54.79792345565807,0.15,8.219688518348711
20,10,STRATEGIC_FIT,59.67927532757821,0.15,8.951891299136731
102,10,STRATEGIC_FIT,40.817474870605984,0.15,6.122621230590897
26,10,STRATEGIC_FIT,31.851923713947265,0.15,4.77778855709209
86,10,STRATEGIC_FIT,56.97370669422071,0.15,8.546056004133106
33,10,STRATEGIC_FIT,67.20854741699077,0.15,10.081282112548616
31,10,STRATEGIC_FIT,61.32608847391759,0.15,9.198913271087639
90,10,STRATEGIC_FIT,34.57822030610591,0.15,5.1867330459158865
53,10,STRATEGIC_FIT,77.1038961377848,0.15,11.56558442066772
49,10,STRATEGIC_FIT,53.20511886631607,0.15,7.9807678299474105
29,10,STRATEGIC_FIT,47.73233386300454,0.15,7.159850079450681
36,10,STRATEGIC_FIT,49.23332310480009,0.15,7.384998465720013
23,10,STRATEGIC_FIT,21.994727219013505,0.15,3.2992090828520255
30,10,STRATEGIC_FIT,53.91506114011808,0.15,8.087259171017712
67,10,STRATEGIC_FIT,26.89925014852233,0.15,4.03488752227835
117,10,STRATEGIC_FIT,54.36204467430363,0.15,8.154306701145545
56,10,STRATEGIC_FIT,77.19014217434427,0.15,11.578521326151641
47,10,STRATEGIC_FIT,66.12700039220792,0.15,9.919050058831187
95,10,STRATEGIC_FIT,60.24902034965482,0.15,9.037353052448223
80,10,STRATEGIC_FIT,55.80897618800208,0.15,8.371346428200312
48,10,STRATEGIC_FIT,47.993261041395,0.15,7.19898915620925
28,10,STRATEGIC_FIT,30.49717729493028,0.15,4.574576594239542
74,10,STRATEGIC_FIT,63.337322275495,0.15,9.500598341324249
32,10,STRATEGIC_FIT,57.66894390490051,0.15,8.650341585735076
63,10,STRATEGIC_FIT,41.344277552879475,0.15,6.2016416329319215
38,10,STRATEGIC_FIT,47.559071163291485,0.15,7.1338606744937225
59,10,STRATEGIC_FIT,49.76074692355947,0.15,7.464112038533921
87,10,STRATEGIC_FIT,30.741511567400245,0.15,4.611226735110036
105,10,STRATEGIC_FIT,37.1573436292285,0.15,5.573601544384275
100,10,STRATEGIC_FIT,59.82142169674553,0.15,8.97321325451183
37,10,STRATEGIC_FIT,49.98551033716466,0.15,7.497826550574699
65,10,STRATEGIC_FIT,31.96400436634139,0.15,4.794600654951208
93,10,STRATEGIC_FIT,41.90853470406294,0.15,6.28628020560944
27,10,STRATEGIC_FIT,49.178596240159024,0.15,7.376789436023853
61,10,STRATEGIC_FIT,59.7654038664388,0.15,8.96481057996582
112,10,STRATEGIC_FIT,58.53133289582301,0.15,8.779699934373452
66,10,STRATEGIC_FIT,45.927542035036105,0.15,6.8891313052554155
106,10,STRATEGIC_FIT,31.440753468880352,0.15,4.7161130203320525
107,10,STRATEGIC_FIT,48.89962309877447,0.15,7.33494346481617
108,10,STRATEGIC_FIT,53.796981884824575,0.15,8.069547282723686
77,10,STRATEGIC_FIT,56.417886533314,0.15,8.4626829799971
35,10,STRATEGIC_FIT,33.828092816990605,0.15,5.074213922548591
54,10,STRATEGIC_FIT,70.50607434098588,0.15,10.575911151147881
73,10,STRATEGIC_FIT,56.27949781847038,0.15,8.441924672770558
110,10,STRATEGIC_FIT,57.75976258414104,0.15,8.663964387621157
98,10,STRATEGIC_FIT,28.95022746916594,0.15,4.342534120374891
39,10,STRATEGIC_FIT,43.76093983774523,0.15,6.5641409756617835
25,10,STRATEGIC_FIT,34.1693362147754,0.15,5.12540043221631
60,10,STRATEGIC_FIT,55.460505131732546,0.15,8.319075769759882
69,10,STRATEGIC_FIT,31.813483028316917,0.15,4.772022454247537
116,10,STRATEGIC_FIT,52.80175804401343,0.15,7.9202637066020145
96,10,STRATEGIC_FIT,55.48836276982711,0.15,8.323254415474066
71,10,STRATEGIC_FIT,43.60119649587587,0.15,6.54017947438138
82,10,STRATEGIC_FIT,56.61990020209141,0.15,8.492985030313712
24,10,STRATEGIC_FIT,18.281073889122712,0.15,2.7421610833684067
94,10,STRATEGIC_FIT,53.56466848246816,0.15,8.034700272370223
97,10,STRATEGIC_FIT,39.88008892471354,0.15,5.982013338707031
109,10,STRATEGIC_FIT,53.7518820032186,0.15,8.06278230048279
88,10,STRATEGIC_FIT,15.182178524290087,0.15,2.277326778643513
57,10,STRATEGIC_FIT,40.24799219602926,0.15,6.037198829404389
111,10,STRATEGIC_FIT,56.988192272459074,0.15,8.54822884086886
119,10,STRATEGIC_FIT,52.91320708903416,0.15,7.936981063355123
81,10,STRATEGIC_FIT,54.72954421222184,0.15,8.209431631833276
78,10,STRATEGIC_FIT,54.259022581753534,0.15,8.13885338726303
79,10,STRATEGIC_FIT,54.1527946456101,0.15,8.122919196841515
103,10,STRATEGIC_FIT,33.83163204125022,0.15,5.074744806187533
62,10,STRATEGIC_FIT,38.3473429827754,0.15,5.75210144741631
114,10,STRATEGIC_FIT,58.60147565143046,0.15,8.790221347714569
64,10,STRATEGIC_FIT,31.739883367615302,0.15,4.760982505142295
70,10,STRATEGIC_FIT,56.13756899167925,0.15,8.420635348751887
92,10,STRATEGIC_FIT,39.45282016925374,0.15,5.917923025388061
58,10,STRATEGIC_FIT,39.06899336618765,0.15,5.860349004928147
113,10,STRATEGIC_FIT,52.12118602853661,0.15,7.818177904280492
115,10,STRATEGIC_FIT,50.67573100939569,0.15,7.6013596514093535
76,10,STRATEGIC_FIT,54.3420558106597,0.15,8.151308371598954
89,10,STRATEGIC_FIT,12.485738784136878,0.15,1.8728608176205315
91,10,STRATEGIC_FIT,20.368847816507095,0.15,3.0553271724760642
52,9,STRATEGIC_FIT,82.66676549587018,0.15,12.400014824380527
51,9,STRATEGIC_FIT,70.93730452378318,0.15,10.640595678567477
17,9,STRATEGIC_FIT,72.30151038624352,0.15,10.845226557936527
18,9,STRATEGIC_FIT,74.58768499336001,0.15,11.188152749004002
1,9,STRATEGIC_FIT,62.87070786512365,0.15,9.430606179768548
6,9,STRATEGIC_FIT,61.80513866298516,0.15,9.270770799447773
41,9,STRATEGIC_FIT,54.36605991934002,0.15,8.154908987901003
3,9,STRATEGIC_FIT,62.8740276089353,0.15,9.431104141340295
21,9,STRATEGIC_FIT,56.14644313165036,0.15,8.421966469747554
13,9,STRATEGIC_FIT,68.57702341312249,0.15,10.286553511968373
8,9,STRATEGIC_FIT,62.020112208047934,0.15,9.30301683120719
46,9,STRATEGIC_FIT,56.80454263565519,0.15,8.520681395348278
16,9,STRATEGIC_FIT,71.72260840059158,0.15,10.758391260088738
15,9,STRATEGIC_FIT,71.01710969630943,0.15,10.652566454446415
19,9,STRATEGIC_FIT,72.34747552739961,0.15,10.852121329109941
55,9,STRATEGIC_FIT,77.96635650337944,0.15,11.694953475506916
22,9,STRATEGIC_FIT,59.48366683043432,0.15,8.922550024565147
85,9,STRATEGIC_FIT,59.09654564699649,0.15,8.864481847049474
7,9,STRATEGIC_FIT,55.14158020008884,0.15,8.271237030013326
12,9,STRATEGIC_FIT,62.26608887182572,0.15,9.339913330773857
2,9,STRATEGIC_FIT,67.05174913398554,0.15,10.05776237009783
43,9,STRATEGIC_FIT,61.46122511876633,0.15,9.219183767814949
14,9,STRATEGIC_FIT,69.65785804330568,0.15,10.448678706495851
42,9,STRATEGIC_FIT,58.59877760163739,0.15,8.789816640245608
45,9,STRATEGIC_FIT,64.50439793426938,0.15,9.675659690140407
4,9,STRATEGIC_FIT,58.59294983570482,0.15,8.788942475355723
9,9,STRATEGIC_FIT,55.903605412831226,0.15,8.385540811924683
5,9,STRATEGIC_FIT,59.19932571793815,0.15,8.879898857690723
83,9,STRATEGIC_FIT,64.71322370954908,0.15,9.706983556432363
11,9,STRATEGIC_FIT,87.63531890117801,0.15,13.1452978351767
10,9,STRATEGIC_FIT,86.01751018313519,0.15,12.902626527470277
40,9,STRATEGIC_FIT,58.1645738301028,0.15,8.72468607451542
101,9,STRATEGIC_FIT,48.79475862921605,0.15,7.3192137943824065
86,9,STRATEGIC_FIT,56.97370669422071,0.15,8.546056004133106
75,9,STRATEGIC_FIT,66.2158075442423,0.15,9.932371131636344
50,9,STRATEGIC_FIT,72.5098689419321,0.15,10.876480341289815
34,9,STRATEGIC_FIT,65.02928814724912,0.15,9.754393222087367
118,9,STRATEGIC_FIT,65.67874523688232,0.15,9.851811785532348
104,9,STRATEGIC_FIT,66.03043054699755,0.15,9.904564582049632
44,9,STRATEGIC_FIT,59.4541155925863,0.15,8.918117338887944
120,9,STRATEGIC_FIT,57.64979150241513,0.15,8.647468725362268
99,9,STRATEGIC_FIT,54.79792345565807,0.15,8.219688518348711
31,9,STRATEGIC_FIT,61.32608847391759,0.15,9.198913271087639
26,9,STRATEGIC_FIT,31.851923713947265,0.15,4.77778855709209
20,9,STRATEGIC_FIT,59.67927532757821,0.15,8.951891299136731
53,9,STRATEGIC_FIT,77.1038961377848,0.15,11.56558442066772
68,9,STRATEGIC_FIT,32.147520582148374,0.15,4.822128087322256
49,9,STRATEGIC_FIT,53.20511886631607,0.15,7.9807678299474105
102,9,STRATEGIC_FIT,40.817474870605984,0.15,6.122621230590897
23,9,STRATEGIC_FIT,21.994727219013505,0.15,3.2992090828520255
84,9,STRATEGIC_FIT,70.42120685564808,0.15,10.563181028347211
72,9,STRATEGIC_FIT,61.89807964112135,0.15,9.284711946168201
33,9,STRATEGIC_FIT,67.20854741699077,0.15,10.081282112548616
36,9,STRATEGIC_FIT,49.23332310480009,0.15,7.384998465720013
56,9,STRATEGIC_FIT,77.19014217434427,0.15,11.578521326151641
67,9,STRATEGIC_FIT,26.89925014852233,0.15,4.03488752227835
90,9,STRATEGIC_FIT,34.57822030610591,0.15,5.1867330459158865
74,9,STRATEGIC_FIT,63.337322275495,0.15,9.500598341324249
38,9,STRATEGIC_FIT,47.559071163291485,0.15,7.1338606744937225
30,9,STRATEGIC_FIT,53.91506114011808,0.15,8.087259171017712
105,9,STRATEGIC_FIT,37.1573436292285,0.15,5.573601544384275
93,9,STRATEGIC_FIT,41.90853470406294,0.15,6.28628020560944
29,9,STRATEGIC_FIT,47.73233386300454,0.15,7.159850079450681
117,9,STRATEGIC_FIT,54.36204467430363,0.15,8.154306701145545
47,9,STRATEGIC_FIT,66.12700039220792,0.15,9.919050058831187
80,9,STRATEGIC_FIT,55.80897618800208,0.15,8.371346428200312
28,9,STRATEGIC_FIT,30.49717729493028,0.15,4.574576594239542
59,9,STRATEGIC_FIT,49.76074692355947,0.15,7.464112038533921
48,9,STRATEGIC_FIT,47.993261041395,0.15,7.19898915620925
27,9,STRATEGIC_FIT,49.178596240159024,0.15,7.376789436023853
37,9,STRATEGIC_FIT,49.98551033716466,0.15,7.497826550574699
32,9,STRATEGIC_FIT,57.66894390490051,0.15,8.650341585735076
61,9,STRATEGIC_FIT,59.7654038664388,0.15,8.96481057996582
65,9,STRATEGIC_FIT,31.96400436634139,0.15,4.794600654951208
63,9,STRATEGIC_FIT,41.344277552879475,0.15,6.2016416329319215
87,9,STRATEGIC_FIT,30.741511567400245,0.15,4.611226735110036
100,9,STRATEGIC_FIT,59.82142169674553,0.15,8.97321325451183
66,9,STRATEGIC_FIT,45.927542035036105,0.15,6.8891313052554155
95,9,STRATEGIC_FIT,60.24902034965482,0.15,9.037353052448223
116,9,STRATEGIC_FIT,52.80175804401343,0.15,7.9202637066020145
73,9,STRATEGIC_FIT,56.27949781847038,0.15,8.441924672770558
96,9,STRATEGIC_FIT,55.48836276982711,0.15,8.323254415474066
112,9,STRATEGIC_FIT,58.53133289582301,0.15,8.779699934373452
107,9,STRATEGIC_FIT,48.89962309877447,0.15,7.33494346481617
35,9,STRATEGIC_FIT,33.828092816990605,0.15,5.074213922548591
82,9,STRATEGIC_FIT,56.61990020209141,0.15,8.492985030313712
39,9,STRATEGIC_FIT,43.76093983774523,0.15,6.5641409756617835
110,9,STRATEGIC_FIT,57.75976258414104,0.15,8.663964387621157
119,9,STRATEGIC_FIT,52.91320708903416,0.15,7.936981063355123
54,9,STRATEGIC_FIT,70.50607434098588,0.15,10.575911151147881
108,9,STRATEGIC_FIT,53.796981884824575,0.15,8.069547282723686
77,9,STRATEGIC_FIT,56.417886533314,0.15,8.4626829799971
24,9,STRATEGIC_FIT,18.281073889122712,0.15,2.7421610833684067
111,9,STRATEGIC_FIT,56.988192272459074,0.15,8.54822884086886
69,9,STRATEGIC_FIT,31.813483028316917,0.15,4.772022454247537
109,9,STRATEGIC_FIT,53.7518820032186,0.15,8.06278230048279
94,9,STRATEGIC_FIT,53.56466848246816,0.15,8.034700272370223
25,9,STRATEGIC_FIT,34.1693362147754,0.15,5.12540043221631
60,9,STRATEGIC_FIT,55.460505131732546,0.15,8.319075769759882
81,9,STRATEGIC_FIT,54.72954421222184,0.15,8.209431631833276
97,9,STRATEGIC_FIT,39.88008892471354,0.15,5.982013338707031
106,9,STRATEGIC_FIT,31.440753468880352,0.15,4.7161130203320525
70,9,STRATEGIC_FIT,56.13756899167925,0.15,8.420635348751887
115,9,STRATEGIC_FIT,50.67573100939569,0.15,7.6013596514093535
79,9,STRATEGIC_FIT,54.1527946456101,0.15,8.122919196841515
114,9,STRATEGIC_FIT,58.60147565143046,0.15,8.790221347714569
98,9,STRATEGIC_FIT,28.95022746916594,0.15,4.342534120374891
103,9,STRATEGIC_FIT,33.83163204125022,0.15,5.074744806187533
71,9,STRATEGIC_FIT,43.60119649587587,0.15,6.54017947438138
62,9,STRATEGIC_FIT,38.3473429827754,0.15,5.75210144741631
88,9,STRATEGIC_FIT,15.182178524290087,0.15,2.277326778643513
78,9,STRATEGIC_FIT,54.259022581753534,0.15,8.13885338726303
64,9,STRATEGIC_FIT,31.739883367615302,0.15,4.760982505142295
57,9,STRATEGIC_FIT,40.24799219602926,0.15,6.037198829404389
58,9,STRATEGIC_FIT,39.06899336618765,0.15,5.860349004928147
92,9,STRATEGIC_FIT,39.45282016925374,0.15,5.917923025388061
91,9,STRATEGIC_FIT,20.368847816507095,0.15,3.0553271724760642
113,9,STRATEGIC_FIT,52.12118602853661,0.15,7.818177904280492
76,9,STRATEGIC_FIT,54.3420558106597,0.15,8.151308371598954
89,9,STRATEGIC_FIT,12.485738784136878,0.15,1.8728608176205315
52,11,STRATEGIC_FIT,82.66676549587018,0.3,24.800029648761054
18,11,STRATEGIC_FIT,74.58768499336001,0.3,22.376305498008005
17,11,STRATEGIC_FIT,72.30151038624352,0.3,21.690453115873055
1,11,STRATEGIC_FIT,62.87070786512365,0.3,18.861212359537095
6,11,STRATEGIC_FIT,61.80513866298516,0.3,18.541541598895545
51,11,STRATEGIC_FIT,70.93730452378318,0.3,21.281191357134954
3,11,STRATEGIC_FIT,62.8740276089353,0.3,18.86220828268059
13,11,STRATEGIC_FIT,68.57702341312249,0.3,20.573107023936746
41,11,STRATEGIC_FIT,54.36605991934002,0.3,16.309817975802005
16,11,STRATEGIC_FIT,71.72260840059158,0.3,21.516782520177475
55,11,STRATEGIC_FIT,77.96635650337944,0.3,23.38990695101383
15,11,STRATEGIC_FIT,71.01710969630943,0.3,21.30513290889283
8,11,STRATEGIC_FIT,62.020112208047934,0.3,18.60603366241438
19,11,STRATEGIC_FIT,72.34747552739961,0.3,21.704242658219883
21,11,STRATEGIC_FIT,56.14644313165036,0.3,16.843932939495108
46,11,STRATEGIC_FIT,56.80454263565519,0.3,17.041362790696557
22,11,STRATEGIC_FIT,59.48366683043432,0.3,17.845100049130295
2,11,STRATEGIC_FIT,67.05174913398554,0.3,20.11552474019566
14,11,STRATEGIC_FIT,69.65785804330568,0.3,20.897357412991703
7,11,STRATEGIC_FIT,55.14158020008884,0.3,16.542474060026652
12,11,STRATEGIC_FIT,62.26608887182572,0.3,18.679826661547715
43,11,STRATEGIC_FIT,61.46122511876633,0.3,18.438367535629897
45,11,STRATEGIC_FIT,64.50439793426938,0.3,19.351319380280813
4,11,STRATEGIC_FIT,58.59294983570482,0.3,17.577884950711447
10,11,STRATEGIC_FIT,86.01751018313519,0.3,25.805253054940554
42,11,STRATEGIC_FIT,58.59877760163739,0.3,17.579633280491215
11,11,STRATEGIC_FIT,87.63531890117801,0.3,26.2905956703534
5,11,STRATEGIC_FIT,59.19932571793815,0.3,17.759797715381445
9,11,STRATEGIC_FIT,55.903605412831226,0.3,16.771081623849366
85,11,STRATEGIC_FIT,59.09654564699649,0.3,17.728963694098947
83,11,STRATEGIC_FIT,64.71322370954908,0.3,19.413967112864725
50,11,STRATEGIC_FIT,72.5098689419321,0.3,21.75296068257963
44,11,STRATEGIC_FIT,59.4541155925863,0.3,17.836234677775888
40,11,STRATEGIC_FIT,58.1645738301028,0.3,17.44937214903084
118,11,STRATEGIC_FIT,65.67874523688232,0.3,19.703623571064696
104,11,STRATEGIC_FIT,66.03043054699755,0.3,19.809129164099264
34,11,STRATEGIC_FIT,65.02928814724912,0.3,19.508786444174735
20,11,STRATEGIC_FIT,59.67927532757821,0.3,17.903782598273462
75,11,STRATEGIC_FIT,66.2158075442423,0.3,19.86474226327269
49,11,STRATEGIC_FIT,53.20511886631607,0.3,15.961535659894821
53,11,STRATEGIC_FIT,77.1038961377848,0.3,23.13116884133544
86,11,STRATEGIC_FIT,56.97370669422071,0.3,17.092112008266213
84,11,STRATEGIC_FIT,70.42120685564808,0.3,21.126362056694422
72,11,STRATEGIC_FIT,61.89807964112135,0.3,18.569423892336403
31,11,STRATEGIC_FIT,61.32608847391759,0.3,18.397826542175277
101,11,STRATEGIC_FIT,48.79475862921605,0.3,14.638427588764813
99,11,STRATEGIC_FIT,54.79792345565807,0.3,16.439377036697422
56,11,STRATEGIC_FIT,77.19014217434427,0.3,23.157042652303282
120,11,STRATEGIC_FIT,57.64979150241513,0.3,17.294937450724536
33,11,STRATEGIC_FIT,67.20854741699077,0.3,20.16256422509723
47,11,STRATEGIC_FIT,66.12700039220792,0.3,19.838100117662375
48,11,STRATEGIC_FIT,47.993261041395,0.3,14.3979783124185
36,11,STRATEGIC_FIT,49.23332310480009,0.3,14.769996931440026
102,11,STRATEGIC_FIT,40.817474870605984,0.3,12.245242461181794
74,11,STRATEGIC_FIT,63.337322275495,0.3,19.001196682648498
30,11,STRATEGIC_FIT,53.91506114011808,0.3,16.174518342035423
32,11,STRATEGIC_FIT,57.66894390490051,0.3,17.30068317147015
80,11,STRATEGIC_FIT,55.80897618800208,0.3,16.742692856400623
68,11,STRATEGIC_FIT,32.147520582148374,0.3,9.644256174644513
26,11,STRATEGIC_FIT,31.851923713947265,0.3,9.55557711418418
29,11,STRATEGIC_FIT,47.73233386300454,0.3,14.319700158901362
117,11,STRATEGIC_FIT,54.36204467430363,0.3,16.30861340229109
38,11,STRATEGIC_FIT,47.559071163291485,0.3,14.267721348987445
100,11,STRATEGIC_FIT,59.82142169674553,0.3,17.94642650902366
95,11,STRATEGIC_FIT,60.24902034965482,0.3,18.074706104896446
90,11,STRATEGIC_FIT,34.57822030610591,0.3,10.373466091831773
37,11,STRATEGIC_FIT,49.98551033716466,0.3,14.995653101149397
54,11,STRATEGIC_FIT,70.50607434098588,0.3,21.151822302295763
61,11,STRATEGIC_FIT,59.7654038664388,0.3,17.92962115993164
27,11,STRATEGIC_FIT,49.178596240159024,0.3,14.753578872047706
23,11,STRATEGIC_FIT,21.994727219013505,0.3,6.598418165704051
105,11,STRATEGIC_FIT,37.1573436292285,0.3,11.14720308876855
112,11,STRATEGIC_FIT,58.53133289582301,0.3,17.559399868746905
67,11,STRATEGIC_FIT,26.89925014852233,0.3,8.0697750445567
59,11,STRATEGIC_FIT,49.76074692355947,0.3,14.928224077067842
93,11,STRATEGIC_FIT,41.90853470406294,0.3,12.57256041121888
73,11,STRATEGIC_FIT,56.27949781847038,0.3,16.883849345541115
63,11,STRATEGIC_FIT,41.344277552879475,0.3,12.403283265863843
77,11,STRATEGIC_FIT,56.417886533314,0.3,16.9253659599942
66,11,STRATEGIC_FIT,45.927542035036105,0.3,13.778262610510831
108,11,STRATEGIC_FIT,53.796981884824575,0.3,16.139094565447373
82,11,STRATEGIC_FIT,56.61990020209141,0.3,16.985970060627423
28,11,STRATEGIC_FIT,30.49717729493028,0.3,9.149153188479085
110,11,STRATEGIC_FIT,57.75976258414104,0.3,17.327928775242313
96,11,STRATEGIC_FIT,55.48836276982711,0.3,16.646508830948132
116,11,STRATEGIC_FIT,52.80175804401343,0.3,15.840527413204029
60,11,STRATEGIC_FIT,55.460505131732546,0.3,16.638151539519765
107,11,STRATEGIC_FIT,48.89962309877447,0.3,14.66988692963234
111,11,STRATEGIC_FIT,56.988192272459074,0.3,17.09645768173772
65,11,STRATEGIC_FIT,31.96400436634139,0.3,9.589201309902416
87,11,STRATEGIC_FIT,30.741511567400245,0.3,9.222453470220072
109,11,STRATEGIC_FIT,53.7518820032186,0.3,16.12556460096558
39,11,STRATEGIC_FIT,43.76093983774523,0.3,13.128281951323567
81,11,STRATEGIC_FIT,54.72954421222184,0.3,16.41886326366655
119,11,STRATEGIC_FIT,52.91320708903416,0.3,15.873962126710246
94,11,STRATEGIC_FIT,53.56466848246816,0.3,16.069400544740446
70,11,STRATEGIC_FIT,56.13756899167925,0.3,16.841270697503774
97,11,STRATEGIC_FIT,39.88008892471354,0.3,11.964026677414061
35,11,STRATEGIC_FIT,33.828092816990605,0.3,10.148427845097181
79,11,STRATEGIC_FIT,54.1527946456101,0.3,16.24583839368303
114,11,STRATEGIC_FIT,58.60147565143046,0.3,17.580442695429138
78,11,STRATEGIC_FIT,54.259022581753534,0.3,16.27770677452606
25,11,STRATEGIC_FIT,34.1693362147754,0.3,10.25080086443262
106,11,STRATEGIC_FIT,31.440753468880352,0.3,9.432226040664105
69,11,STRATEGIC_FIT,31.813483028316917,0.3,9.544044908495074
71,11,STRATEGIC_FIT,43.60119649587587,0.3,13.08035894876276
115,11,STRATEGIC_FIT,50.67573100939569,0.3,15.202719302818707
62,11,STRATEGIC_FIT,38.3473429827754,0.3,11.50420289483262
57,11,STRATEGIC_FIT,40.24799219602926,0.3,12.074397658808778
24,11,STRATEGIC_FIT,18.281073889122712,0.3,5.484322166736813
98,11,STRATEGIC_FIT,28.95022746916594,0.3,8.685068240749782
113,11,STRATEGIC_FIT,52.12118602853661,0.3,15.636355808560984
64,11,STRATEGIC_FIT,31.739883367615302,0.3,9.52196501028459
103,11,STRATEGIC_FIT,33.83163204125022,0.3,10.149489612375065
76,11,STRATEGIC_FIT,54.3420558106597,0.3,16.30261674319791
58,11,STRATEGIC_FIT,39.06899336618765,0.3,11.720698009856294
92,11,STRATEGIC_FIT,39.45282016925374,0.3,11.835846050776121
88,11,STRATEGIC_FIT,15.182178524290087,0.3,4.554653557287026
91,11,STRATEGIC_FIT,20.368847816507095,0.3,6.1106543449521284
89,11,STRATEGIC_FIT,12.485738784136878,0.3,3.745721635241063
52,8,STRATEGIC_FIT,82.66676549587018,0.2,16.533353099174036
51,8,STRATEGIC_FIT,70.93730452378318,0.2,14.187460904756637
18,8,STRATEGIC_FIT,74.58768499336001,0.2,14.917536998672004
17,8,STRATEGIC_FIT,72.30151038624352,0.2,14.460302077248706
1,8,STRATEGIC_FIT,62.87070786512365,0.2,12.57414157302473
41,8,STRATEGIC_FIT,54.36605991934002,0.2,10.873211983868003
6,8,STRATEGIC_FIT,61.80513866298516,0.2,12.361027732597032
3,8,STRATEGIC_FIT,62.8740276089353,0.2,12.574805521787061
46,8,STRATEGIC_FIT,56.80454263565519,0.2,11.360908527131038
13,8,STRATEGIC_FIT,68.57702341312249,0.2,13.715404682624499
16,8,STRATEGIC_FIT,71.72260840059158,0.2,14.344521680118318
85,8,STRATEGIC_FIT,59.09654564699649,0.2,11.819309129399299
8,8,STRATEGIC_FIT,62.020112208047934,0.2,12.404022441609587
55,8,STRATEGIC_FIT,77.96635650337944,0.2,15.59327130067589
21,8,STRATEGIC_FIT,56.14644313165036,0.2,11.229288626330073
15,8,STRATEGIC_FIT,71.01710969630943,0.2,14.203421939261887
22,8,STRATEGIC_FIT,59.48366683043432,0.2,11.896733366086865
19,8,STRATEGIC_FIT,72.34747552739961,0.2,14.469495105479922
43,8,STRATEGIC_FIT,61.46122511876633,0.2,12.292245023753267
12,8,STRATEGIC_FIT,62.26608887182572,0.2,12.453217774365145
14,8,STRATEGIC_FIT,69.65785804330568,0.2,13.931571608661137
2,8,STRATEGIC_FIT,67.05174913398554,0.2,13.410349826797109
7,8,STRATEGIC_FIT,55.14158020008884,0.2,11.028316040017769
45,8,STRATEGIC_FIT,64.50439793426938,0.2,12.900879586853875
42,8,STRATEGIC_FIT,58.59877760163739,0.2,11.719755520327478
83,8,STRATEGIC_FIT,64.71322370954908,0.2,12.942644741909817
10,8,STRATEGIC_FIT,86.01751018313519,0.2,17.20350203662704
40,8,STRATEGIC_FIT,58.1645738301028,0.2,11.632914766020562
4,8,STRATEGIC_FIT,58.59294983570482,0.2,11.718589967140964
34,8,STRATEGIC_FIT,65.02928814724912,0.2,13.005857629449824
101,8,STRATEGIC_FIT,48.79475862921605,0.2,9.758951725843211
11,8,STRATEGIC_FIT,87.63531890117801,0.2,17.527063780235604
9,8,STRATEGIC_FIT,55.903605412831226,0.2,11.180721082566246
75,8,STRATEGIC_FIT,66.2158075442423,0.2,13.243161508848459
86,8,STRATEGIC_FIT,56.97370669422071,0.2,11.394741338844142
50,8,STRATEGIC_FIT,72.5098689419321,0.2,14.50197378838642
5,8,STRATEGIC_FIT,59.19932571793815,0.2,11.83986514358763
118,8,STRATEGIC_FIT,65.67874523688232,0.2,13.135749047376464
84,8,STRATEGIC_FIT,70.42120685564808,0.2,14.084241371129616
120,8,STRATEGIC_FIT,57.64979150241513,0.2,11.529958300483026
53,8,STRATEGIC_FIT,77.1038961377848,0.2,15.420779227556961
44,8,STRATEGIC_FIT,59.4541155925863,0.2,11.890823118517261
33,8,STRATEGIC_FIT,67.20854741699077,0.2,13.441709483398155
99,8,STRATEGIC_FIT,54.79792345565807,0.2,10.959584691131615
104,8,STRATEGIC_FIT,66.03043054699755,0.2,13.20608610939951
102,8,STRATEGIC_FIT,40.817474870605984,0.2,8.163494974121198
31,8,STRATEGIC_FIT,61.32608847391759,0.2,12.26521769478352
72,8,STRATEGIC_FIT,61.89807964112135,0.2,12.37961592822427
26,8,STRATEGIC_FIT,31.851923713947265,0.2,6.3703847427894535
49,8,STRATEGIC_FIT,53.20511886631607,0.2,10.641023773263214
56,8,STRATEGIC_FIT,77.19014217434427,0.2,15.438028434868855
20,8,STRATEGIC_FIT,59.67927532757821,0.2,11.935855065515643
117,8,STRATEGIC_FIT,54.36204467430363,0.2,10.872408934860728
68,8,STRATEGIC_FIT,32.147520582148374,0.2,6.429504116429675
23,8,STRATEGIC_FIT,21.994727219013505,0.2,4.398945443802702
36,8,STRATEGIC_FIT,49.23332310480009,0.2,9.84666462096002
74,8,STRATEGIC_FIT,63.337322275495,0.2,12.667464455099001
59,8,STRATEGIC_FIT,49.76074692355947,0.2,9.952149384711895
38,8,STRATEGIC_FIT,47.559071163291485,0.2,9.511814232658297
90,8,STRATEGIC_FIT,34.57822030610591,0.2,6.915644061221183
30,8,STRATEGIC_FIT,53.91506114011808,0.2,10.783012228023615
47,8,STRATEGIC_FIT,66.12700039220792,0.2,13.225400078441584
105,8,STRATEGIC_FIT,37.1573436292285,0.2,7.431468725845701
80,8,STRATEGIC_FIT,55.80897618800208,0.2,11.161795237600415
100,8,STRATEGIC_FIT,59.82142169674553,0.2,11.964284339349106
93,8,STRATEGIC_FIT,41.90853470406294,0.2,8.381706940812588
29,8,STRATEGIC_FIT,47.73233386300454,0.2,9.546466772600908
67,8,STRATEGIC_FIT,26.89925014852233,0.2,5.379850029704467
61,8,STRATEGIC_FIT,59.7654038664388,0.2,11.95308077328776
116,8,STRATEGIC_FIT,52.80175804401343,0.2,10.560351608802687
37,8,STRATEGIC_FIT,49.98551033716466,0.2,9.997102067432934
95,8,STRATEGIC_FIT,60.24902034965482,0.2,12.049804069930964
32,8,STRATEGIC_FIT,57.66894390490051,0.2,11.533788780980103
82,8,STRATEGIC_FIT,56.61990020209141,0.2,11.323980040418283
28,8,STRATEGIC_FIT,30.49717729493028,0.2,6.099435458986057
35,8,STRATEGIC_FIT,33.828092816990605,0.2,6.765618563398121
48,8,STRATEGIC_FIT,47.993261041395,0.2,9.598652208279
27,8,STRATEGIC_FIT,49.178596240159024,0.2,9.835719248031806
107,8,STRATEGIC_FIT,48.89962309877447,0.2,9.779924619754894
54,8,STRATEGIC_FIT,70.50607434098588,0.2,14.101214868197175
108,8,STRATEGIC_FIT,53.796981884824575,0.2,10.759396376964915
87,8,STRATEGIC_FIT,30.741511567400245,0.2,6.148302313480049
66,8,STRATEGIC_FIT,45.927542035036105,0.2,9.185508407007221
119,8,STRATEGIC_FIT,52.91320708903416,0.2,10.582641417806833
63,8,STRATEGIC_FIT,41.344277552879475,0.2,8.268855510575895
110,8,STRATEGIC_FIT,57.75976258414104,0.2,11.551952516828209
96,8,STRATEGIC_FIT,55.48836276982711,0.2,11.097672553965424
65,8,STRATEGIC_FIT,31.96400436634139,0.2,6.392800873268278
73,8,STRATEGIC_FIT,56.27949781847038,0.2,11.255899563694078
109,8,STRATEGIC_FIT,53.7518820032186,0.2,10.75037640064372
112,8,STRATEGIC_FIT,58.53133289582301,0.2,11.706266579164604
39,8,STRATEGIC_FIT,43.76093983774523,0.2,8.752187967549046
77,8,STRATEGIC_FIT,56.417886533314,0.2,11.2835773066628
94,8,STRATEGIC_FIT,53.56466848246816,0.2,10.712933696493632
60,8,STRATEGIC_FIT,55.460505131732546,0.2,11.09210102634651
79,8,STRATEGIC_FIT,54.1527946456101,0.2,10.83055892912202
97,8,STRATEGIC_FIT,39.88008892471354,0.2,7.976017784942709
70,8,STRATEGIC_FIT,56.13756899167925,0.2,11.22751379833585
106,8,STRATEGIC_FIT,31.440753468880352,0.2,6.288150693776071
81,8,STRATEGIC_FIT,54.72954421222184,0.2,10.945908842444368
103,8,STRATEGIC_FIT,33.83163204125022,0.2,6.766326408250044
111,8,STRATEGIC_FIT,56.988192272459074,0.2,11.397638454491815
24,8,STRATEGIC_FIT,18.281073889122712,0.2,3.656214777824543
69,8,STRATEGIC_FIT,31.813483028316917,0.2,6.362696605663384
25,8,STRATEGIC_FIT,34.1693362147754,0.2,6.83386724295508
114,8,STRATEGIC_FIT,58.60147565143046,0.2,11.720295130286093
98,8,STRATEGIC_FIT,28.95022746916594,0.2,5.790045493833189
115,8,STRATEGIC_FIT,50.67573100939569,0.2,10.135146201879138
78,8,STRATEGIC_FIT,54.259022581753534,0.2,10.851804516350708
71,8,STRATEGIC_FIT,43.60119649587587,0.2,8.720239299175175
57,8,STRATEGIC_FIT,40.24799219602926,0.2,8.049598439205852
58,8,STRATEGIC_FIT,39.06899336618765,0.2,7.81379867323753
62,8,STRATEGIC_FIT,38.3473429827754,0.2,7.669468596555081
92,8,STRATEGIC_FIT,39.45282016925374,0.2,7.890564033850748
88,8,STRATEGIC_FIT,15.182178524290087,0.2,3.0364357048580177
64,8,STRATEGIC_FIT,31.739883367615302,0.2,6.3479766735230605
113,8,STRATEGIC_FIT,52.12118602853661,0.2,10.424237205707323
76,8,STRATEGIC_FIT,54.3420558106597,0.2,10.868411162131942
91,8,STRATEGIC_FIT,20.368847816507095,0.2,4.073769563301419
89,8,STRATEGIC_FIT,12.485738784136878,0.2,2.497147756827376
52,1,FEASIBILITY,74.72827985670894,0.15,11.20924197850634
18,1,FEASIBILITY,66.18293051359517,0.15,9.927439577039275
1,1,FEASIBILITY,71.1426197378961,0.15,10.671392960684415
17,1,FEASIBILITY,88.0234572017582,0.15,13.203518580263731
6,1,FEASIBILITY,77.88515327345254,0.15,11.682772991017881
51,1,FEASIBILITY,87.70854330244416,0.15,13.156281495366622
41,1,FEASIBILITY,80.75025628931456,0.15,12.112538443397185
3,1,FEASIBILITY,84.3985868102288,0.15,12.65978802153432
8,1,FEASIBILITY,64.51906535519836,0.15,9.677859803279754
13,1,FEASIBILITY,70.23145267206922,0.15,10.534717900810383
16,1,FEASIBILITY,63.663853569874725,0.15,9.549578035481208
21,1,FEASIBILITY,78.12427441620278,0.15,11.718641162430417
15,1,FEASIBILITY,59.720197980750854,0.15,8.958029697112627
19,1,FEASIBILITY,54.16586021396071,0.15,8.124879032094107
55,1,FEASIBILITY,48.18893967056068,0.15,7.228340950584101
46,1,FEASIBILITY,71.41597683108814,0.15,10.712396524663221
22,1,FEASIBILITY,57.808329707684614,0.15,8.671249456152692
7,1,FEASIBILITY,61.3,0.15,9.194999999999999
43,1,FEASIBILITY,50.14611520210789,0.15,7.521917280316184
12,1,FEASIBILITY,59.31684300195582,0.15,8.897526450293372
2,1,FEASIBILITY,63.33002850369816,0.15,9.499504275554724
4,1,FEASIBILITY,45.0845707977376,0.15,6.7626856196606395
14,1,FEASIBILITY,62.06638982975038,0.15,9.309958474462556
45,1,FEASIBILITY,64.53721399730821,0.15,9.680582099596231
42,1,FEASIBILITY,69.48091309421672,0.15,10.422136964132507
9,1,FEASIBILITY,58.66362728873311,0.15,8.799544093309967
85,1,FEASIBILITY,86.60169184290031,0.15,12.990253776435045
5,1,FEASIBILITY,54.49763695803328,0.15,8.174645543704992
10,1,FEASIBILITY,41.88091309421672,0.15,6.282136964132508
83,1,FEASIBILITY,57.56722054380665,0.15,8.635083081570997
44,1,FEASIBILITY,26.36983060427027,0.15,3.95547459064054
40,1,FEASIBILITY,48.79596142038685,0.15,7.319394213058027
50,1,FEASIBILITY,36.704984894259816,0.15,5.505747734138972
11,1,FEASIBILITY,82.55434874539,0.15,12.3831523118085
34,1,FEASIBILITY,46.41876324039474,0.15,6.9628144860592105
118,1,FEASIBILITY,56.66022880215343,0.15,8.499034320323014
49,1,FEASIBILITY,38.74368710177162,0.15,5.811553065265743
101,1,FEASIBILITY,70.3343327247665,0.15,10.550149908714975
20,1,FEASIBILITY,51.58392367026792,0.15,7.737588550540188
104,1,FEASIBILITY,61.32761097534694,0.15,9.19914164630204
86,1,FEASIBILITY,77.37625206865285,0.15,11.606437810297926
75,1,FEASIBILITY,74.0730124871408,0.15,11.11095187307112
99,1,FEASIBILITY,63.813681368502806,0.15,9.572052205275421
120,1,FEASIBILITY,66.774946021884,0.15,10.0162419032826
84,1,FEASIBILITY,46.579811574697175,0.15,6.986971736204576
72,1,FEASIBILITY,56.27866837715963,0.15,8.441800256573945
102,1,FEASIBILITY,64.71128620396613,0.15,9.706692930594919
31,1,FEASIBILITY,73.1184393716988,0.15,10.967765905754819
26,1,FEASIBILITY,79.71574018126888,0.15,11.957361027190332
33,1,FEASIBILITY,40.69383876909565,0.15,6.1040758153643475
48,1,FEASIBILITY,14.781117824773414,0.15,2.217167673716012
68,1,FEASIBILITY,87.26315085816056,0.15,13.089472628724083
53,1,FEASIBILITY,76.64034119048684,0.15,11.496051178573024
36,1,FEASIBILITY,62.30619335347432,0.15,9.345929003021148
47,1,FEASIBILITY,30.15251369275372,0.15,4.522877053913057
90,1,FEASIBILITY,62.17076716016151,0.15,9.325615074024226
23,1,FEASIBILITY,95.5337164186994,0.15,14.330057462804909
29,1,FEASIBILITY,50.202675322140585,0.15,7.530401298321087
56,1,FEASIBILITY,57.914263844217736,0.15,8.68713957663266
117,1,FEASIBILITY,38.22589526415731,0.15,5.733884289623596
80,1,FEASIBILITY,43.26246172738104,0.15,6.489369259107155
30,1,FEASIBILITY,62.919702520605206,0.15,9.43795537809078
32,1,FEASIBILITY,37.10377643504532,0.15,5.565566465256798
38,1,FEASIBILITY,62.91393001345895,0.15,9.437089502018843
67,1,FEASIBILITY,82.3301874087658,0.15,12.34952811131487
105,1,FEASIBILITY,68.31315236263535,0.15,10.246972854395302
100,1,FEASIBILITY,24.397549942464003,0.15,3.6596324913696003
74,1,FEASIBILITY,76.18584118438761,0.15,11.427876177658142
28,1,FEASIBILITY,59.52161218705908,0.15,8.92824182805886
37,1,FEASIBILITY,50.82231278437623,0.15,7.623346917656434
59,1,FEASIBILITY,45.860714300236246,0.15,6.879107145035436
95,1,FEASIBILITY,42.58015658736323,0.15,6.387023488104484
93,1,FEASIBILITY,81.76039888912834,0.15,12.26405983336925
63,1,FEASIBILITY,56.5958354511188,0.15,8.48937531766782
87,1,FEASIBILITY,60.6528263795424,0.15,9.097923956931359
27,1,FEASIBILITY,69.68631822488238,0.15,10.452947733732357
65,1,FEASIBILITY,71.3309315138676,0.15,10.69963972708014
61,1,FEASIBILITY,64.45335388093505,0.15,9.668003082140258
66,1,FEASIBILITY,59.78494602188401,0.15,8.967741903282601
35,1,FEASIBILITY,39.08499103414344,0.15,5.862748655121516
108,1,FEASIBILITY,34.607531522813126,0.15,5.191129728421969
82,1,FEASIBILITY,35.41625991631867,0.15,5.312438987447801
107,1,FEASIBILITY,48.21477170611508,0.15,7.232215755917261
112,1,FEASIBILITY,59.56939979587936,0.15,8.935409969381904
54,1,FEASIBILITY,39.17130885241102,0.15,5.875696327861653
39,1,FEASIBILITY,47.957379855489094,0.15,7.193606978323364
73,1,FEASIBILITY,61.1792732166891,0.15,9.176890982503364
116,1,FEASIBILITY,57.42638015231791,0.15,8.613957022847686
77,1,FEASIBILITY,43.4671768327146,0.15,6.52007652490719
97,1,FEASIBILITY,29.719237556570285,0.15,4.457885633485542
106,1,FEASIBILITY,37.68002728385373,0.15,5.65200409257806
60,1,FEASIBILITY,36.47230221239118,0.15,5.470845331858676
109,1,FEASIBILITY,33.62726535275868,0.15,5.044089802913802
110,1,FEASIBILITY,57.538163849503725,0.15,8.630724577425559
25,1,FEASIBILITY,54.97040311792236,0.15,8.245560467688353
96,1,FEASIBILITY,71.78681218055324,0.15,10.768021827082986
119,1,FEASIBILITY,58.7833836858006,0.15,8.81750755287009
24,1,FEASIBILITY,65.71108167671683,0.15,9.856662251507524
69,1,FEASIBILITY,60.13383665469864,0.15,9.020075498204795
111,1,FEASIBILITY,56.74770160978803,0.15,8.512155241468204
94,1,FEASIBILITY,54.8239961696885,0.15,8.223599425453274
98,1,FEASIBILITY,29.68007140156059,0.15,4.452010710234088
81,1,FEASIBILITY,57.269443303664005,0.15,8.5904164955496
79,1,FEASIBILITY,35.19049436228566,0.15,5.2785741543428495
70,1,FEASIBILITY,47.42637019025507,0.15,7.11395552853826
78,1,FEASIBILITY,25.565407854984898,0.15,3.8348111782477345
71,1,FEASIBILITY,45.7325306079298,0.15,6.85987959118947
103,1,FEASIBILITY,33.69710856208805,0.15,5.054566284313207
114,1,FEASIBILITY,40.636382876637136,0.15,6.0954574314955705
57,1,FEASIBILITY,29.012784986154767,0.15,4.351917747923215
62,1,FEASIBILITY,50.29345085856717,0.15,7.544017628785075
88,1,FEASIBILITY,49.89443242671785,0.15,7.484164864007677
64,1,FEASIBILITY,46.04969829181118,0.15,6.907454743771678
115,1,FEASIBILITY,80.30625841184387,0.15,12.045938761776581
58,1,FEASIBILITY,47.60197411490121,0.15,7.140296117235182
92,1,FEASIBILITY,34.96107049480956,0.15,5.244160574221434
113,1,FEASIBILITY,32.34135658898968,0.15,4.851203488348452
76,1,FEASIBILITY,16.63435447865882,0.15,2.495153171798823
91,1,FEASIBILITY,66.3,0.15,9.944999999999999
89,1,FEASIBILITY,42.29969768188897,0.15,6.344954652283346
18,4,FEASIBILITY,64.27205438066466,0.15,9.640808157099698
52,4,FEASIBILITY,73.4896091618449,0.15,11.023441374276734
6,4,FEASIBILITY,76.75977562994801,0.15,11.513966344492202
1,4,FEASIBILITY,69.76044451130998,0.15,10.464066676696497
51,4,FEASIBILITY,86.45476686739883,0.15,12.968215030109825
17,4,FEASIBILITY,87.00381973952256,0.15,13.050572960928383
41,4,FEASIBILITY,79.07049798115746,0.15,11.860574697173618
3,4,FEASIBILITY,83.96505206702639,0.15,12.594757810053958
13,4,FEASIBILITY,68.84172457539248,0.15,10.32625868630887
21,4,FEASIBILITY,76.2436097636348,0.15,11.436541464545218
8,4,FEASIBILITY,63.66559103495667,0.15,9.5498386552435
55,4,FEASIBILITY,47.264468371467025,0.15,7.089670255720054
15,4,FEASIBILITY,57.96793211972366,0.15,8.69518981795855
16,4,FEASIBILITY,61.802826379542395,0.15,9.270423956931358
19,4,FEASIBILITY,52.4740173136586,0.15,7.87110259704879
46,4,FEASIBILITY,70.5821399730821,0.15,10.587320995962315
22,4,FEASIBILITY,56.63008197354564,0.15,8.494512296031846
7,4,FEASIBILITY,61.3,0.15,9.194999999999999
12,4,FEASIBILITY,58.33496989017334,0.15,8.750245483526001
2,4,FEASIBILITY,61.69860856412112,0.15,9.254791284618168
45,4,FEASIBILITY,64.53721399730821,0.15,9.680582099596231
43,4,FEASIBILITY,48.77149284561242,0.15,7.315723926841863
14,4,FEASIBILITY,60.567900403768505,0.15,9.085185060565275
4,4,FEASIBILITY,43.913875933689255,0.15,6.587081390053388
42,4,FEASIBILITY,68.6198859038844,0.15,10.292982885582658
9,4,FEASIBILITY,57.25879345187511,0.15,8.588819017781265
85,4,FEASIBILITY,85.71800604229607,0.15,12.85770090634441
5,4,FEASIBILITY,53.56863393688525,0.15,8.035295090532786
10,4,FEASIBILITY,41.019885903884386,0.15,6.152982885582658
83,4,FEASIBILITY,56.25,0.15,8.4375
40,4,FEASIBILITY,47.40623332371012,0.15,7.110934998556518
50,4,FEASIBILITY,35.22462235649546,0.15,5.283693353474319
44,4,FEASIBILITY,24.677987703968157,0.15,3.7016981555952233
11,4,FEASIBILITY,81.79150886623592,0.15,12.268726329935387
34,4,FEASIBILITY,44.84021339145214,0.15,6.72603200871782
101,4,FEASIBILITY,69.16816958277253,0.15,10.37522543741588
118,4,FEASIBILITY,56.66022880215343,0.15,8.499034320323014
20,4,FEASIBILITY,50.889059621929555,0.15,7.633358943289433
75,4,FEASIBILITY,74.05488559892328,0.15,11.108232839838491
49,4,FEASIBILITY,37.248218823826,0.15,5.5872328235739
104,4,FEASIBILITY,60.22187079407806,0.15,9.033280619111709
84,4,FEASIBILITY,46.579811574697175,0.15,6.986971736204576
86,4,FEASIBILITY,76.68138802031447,0.15,11.50220820304717
99,4,FEASIBILITY,62.30310735037592,0.15,9.345466102556387
120,4,FEASIBILITY,65.47585236629487,0.15,9.821377854944231
72,4,FEASIBILITY,55.02187079407806,0.15,8.25328061911171
53,4,FEASIBILITY,75.31858892462581,0.15,11.297788338693872
31,4,FEASIBILITY,71.9099801571973,0.15,10.786497023579594
102,4,FEASIBILITY,63.80494179308999,0.15,9.570741268963499
33,4,FEASIBILITY,39.29655780232828,0.15,5.894483670349242
26,4,FEASIBILITY,78.61,0.15,11.7915
68,4,FEASIBILITY,85.68460100921796,0.15,12.852690151382694
47,4,FEASIBILITY,28.8987372577084,0.15,4.33481058865626
48,4,FEASIBILITY,13.519788519637462,0.15,2.0279682779456194
36,4,FEASIBILITY,61.2261329305136,0.15,9.18391993957704
90,4,FEASIBILITY,62.17076716016151,0.15,9.325615074024226
56,4,FEASIBILITY,56.449007046634655,0.15,8.467351056995199
23,4,FEASIBILITY,94.66513635827644,0.15,14.199770453741467
117,4,FEASIBILITY,37.17604632155912,0.15,5.576406948233868
29,4,FEASIBILITY,48.896028796460826,0.15,7.334404319469123
74,4,FEASIBILITY,76.18584118438761,0.15,11.427876177658142
30,4,FEASIBILITY,61.741454786466235,0.15,9.261218217969935
38,4,FEASIBILITY,62.59368832161605,0.15,9.389053248242407
67,4,FEASIBILITY,80.9933294027235,0.15,12.148999410408525
80,4,FEASIBILITY,42.031343902607624,0.15,6.304701585391143
105,4,FEASIBILITY,66.91587139586797,0.15,10.037380709380194
32,4,FEASIBILITY,35.223111782477346,0.15,5.283466767371602
59,4,FEASIBILITY,44.49364481383141,0.15,6.674046722074711
100,4,FEASIBILITY,22.84921157388394,0.15,3.4273817360825913
37,4,FEASIBILITY,49.145575624255386,0.15,7.371836343638307
28,4,FEASIBILITY,58.162095570744874,0.15,8.72431433561173
95,4,FEASIBILITY,41.38378196500673,0.15,6.207567294751009
93,4,FEASIBILITY,80.43109375317668,0.15,12.064664062976503
63,4,FEASIBILITY,55.63662094960823,0.15,8.345493142441233
87,4,FEASIBILITY,60.6528263795424,0.15,9.097923956931359
82,4,FEASIBILITY,34.653420037164594,0.15,5.198013005574689
65,4,FEASIBILITY,69.98652063773467,0.15,10.4979780956602
27,4,FEASIBILITY,68.65157502246547,0.15,10.29773625336982
61,4,FEASIBILITY,63.21468318607101,0.15,9.48220247791065
66,4,FEASIBILITY,58.485852366294885,0.15,8.772877854944232
116,4,FEASIBILITY,56.2179209378164,0.15,8.43268814067246
109,4,FEASIBILITY,32.924848434329675,0.15,4.938727265149451
108,4,FEASIBILITY,33.54257684003367,0.15,5.03138652600505
35,4,FEASIBILITY,38.276833934445555,0.15,5.741525090166833
107,4,FEASIBILITY,47.46703756714227,0.15,7.12005563507134
54,4,FEASIBILITY,37.61541761374033,0.15,5.642312642061049
96,4,FEASIBILITY,69.99678196907287,0.15,10.49951729536093
73,4,FEASIBILITY,60.55691672122082,0.15,9.083537508183124
77,4,FEASIBILITY,41.964155684678346,0.15,6.294623352701752
119,4,FEASIBILITY,57.96012084592145,0.15,8.694018126888217
112,4,FEASIBILITY,57.93042698621169,0.15,8.689564047931754
39,4,FEASIBILITY,46.794237861531386,0.15,7.0191356792297075
110,4,FEASIBILITY,56.57894934799315,0.15,8.486842402198972
106,4,FEASIBILITY,36.5773082506211,0.15,5.486596237593165
97,4,FEASIBILITY,28.39748529070926,0.15,4.259622793606389
70,4,FEASIBILITY,46.36896837756625,0.15,6.955345256634937
79,4,FEASIBILITY,34.14819828977811,0.15,5.122229743466716
60,4,FEASIBILITY,35.210972907255226,0.15,5.2816459360882835
94,4,FEASIBILITY,53.54000825428064,0.15,8.031001238142096
25,4,FEASIBILITY,53.47493483997674,0.15,8.021240225996511
24,4,FEASIBILITY,64.28358922958692,0.15,9.642538384438039
98,4,FEASIBILITY,28.62266958887177,0.15,4.293400438330766
69,4,FEASIBILITY,58.819637258928246,0.15,8.822945588839236
111,4,FEASIBILITY,55.29755055238622,0.15,8.294632582857933
103,4,FEASIBILITY,32.61704813912732,0.15,4.892557220869098
71,4,FEASIBILITY,43.81410160490865,0.15,6.572115240736298
81,4,FEASIBILITY,55.94013816771235,0.15,8.391020725156851
115,4,FEASIBILITY,80.13707412181365,0.15,12.020561118272047
62,4,FEASIBILITY,49.523058109322456,0.15,7.428458716398368
78,4,FEASIBILITY,24.10015105740181,0.15,3.6150226586102714
114,4,FEASIBILITY,39.08049163796644,0.15,5.862073745694966
58,4,FEASIBILITY,46.8768985862003,0.15,7.0315347879300445
88,4,FEASIBILITY,48.24488559892329,0.15,7.236732839838493
57,4,FEASIBILITY,27.675926980112468,0.15,4.15138904701687
64,4,FEASIBILITY,45.03761369966617,0.15,6.7556420549499245
92,4,FEASIBILITY,34.21333635583675,0.15,5.132000453375513
91,4,FEASIBILITY,66.05528700906345,0.15,9.908293051359516
113,4,FEASIBILITY,30.92896988204104,0.15,4.639345482306156
76,4,FEASIBILITY,15.886620339686012,0.15,2.382993050952902
89,4,FEASIBILITY,41.55196354291616,0.15,6.232794531437424
52,5,FEASIBILITY,74.72827985670894,0.15,11.20924197850634
17,5,FEASIBILITY,88.0234572017582,0.15,13.203518580263731
18,5,FEASIBILITY,66.18293051359517,0.15,9.927439577039275
1,5,FEASIBILITY,71.1426197378961,0.15,10.671392960684415
41,5,FEASIBILITY,80.75025628931456,0.15,12.112538443397185
51,5,FEASIBILITY,87.70854330244416,0.15,13.156281495366622
6,5,FEASIBILITY,77.88515327345254,0.15,11.682772991017881
3,5,FEASIBILITY,84.3985868102288,0.15,12.65978802153432
8,5,FEASIBILITY,64.51906535519836,0.15,9.677859803279754
16,5,FEASIBILITY,63.663853569874725,0.15,9.549578035481208
21,5,FEASIBILITY,78.12427441620278,0.15,11.718641162430417
13,5,FEASIBILITY,70.23145267206922,0.15,10.534717900810383
19,5,FEASIBILITY,54.16586021396071,0.15,8.124879032094107
15,5,FEASIBILITY,59.720197980750854,0.15,8.958029697112627
22,5,FEASIBILITY,57.808329707684614,0.15,8.671249456152692
55,5,FEASIBILITY,48.18893967056068,0.15,7.228340950584101
46,5,FEASIBILITY,71.41597683108814,0.15,10.712396524663221
7,5,FEASIBILITY,61.3,0.15,9.194999999999999
12,5,FEASIBILITY,59.31684300195582,0.15,8.897526450293372
2,5,FEASIBILITY,63.33002850369816,0.15,9.499504275554724
43,5,FEASIBILITY,50.14611520210789,0.15,7.521917280316184
4,5,FEASIBILITY,45.0845707977376,0.15,6.7626856196606395
14,5,FEASIBILITY,62.06638982975038,0.15,9.309958474462556
45,5,FEASIBILITY,64.53721399730821,0.15,9.680582099596231
42,5,FEASIBILITY,69.48091309421672,0.15,10.422136964132507
9,5,FEASIBILITY,58.66362728873311,0.15,8.799544093309967
85,5,FEASIBILITY,86.60169184290031,0.15,12.990253776435045
5,5,FEASIBILITY,54.49763695803328,0.15,8.174645543704992
10,5,FEASIBILITY,41.88091309421672,0.15,6.282136964132508
83,5,FEASIBILITY,57.56722054380665,0.15,8.635083081570997
44,5,FEASIBILITY,26.36983060427027,0.15,3.95547459064054
40,5,FEASIBILITY,48.79596142038685,0.15,7.319394213058027
50,5,FEASIBILITY,36.704984894259816,0.15,5.505747734138972
34,5,FEASIBILITY,46.41876324039474,0.15,6.9628144860592105
11,5,FEASIBILITY,82.55434874539,0.15,12.3831523118085
118,5,FEASIBILITY,56.66022880215343,0.15,8.499034320323014
20,5,FEASIBILITY,51.58392367026792,0.15,7.737588550540188
101,5,FEASIBILITY,70.3343327247665,0.15,10.550149908714975
104,5,FEASIBILITY,61.32761097534694,0.15,9.19914164630204
86,5,FEASIBILITY,77.37625206865285,0.15,11.606437810297926
49,5,FEASIBILITY,38.74368710177162,0.15,5.811553065265743
99,5,FEASIBILITY,63.813681368502806,0.15,9.572052205275421
75,5,FEASIBILITY,74.0730124871408,0.15,11.11095187307112
120,5,FEASIBILITY,66.774946021884,0.15,10.0162419032826
72,5,FEASIBILITY,56.27866837715963,0.15,8.441800256573945
102,5,FEASIBILITY,64.71128620396613,0.15,9.706692930594919
31,5,FEASIBILITY,73.1184393716988,0.15,10.967765905754819
84,5,FEASIBILITY,46.579811574697175,0.15,6.986971736204576
26,5,FEASIBILITY,79.71574018126888,0.15,11.957361027190332
33,5,FEASIBILITY,40.69383876909565,0.15,6.1040758153643475
68,5,FEASIBILITY,87.26315085816056,0.15,13.089472628724083
36,5,FEASIBILITY,62.30619335347432,0.15,9.345929003021148
47,5,FEASIBILITY,30.15251369275372,0.15,4.522877053913057
48,5,FEASIBILITY,14.781117824773414,0.15,2.217167673716012
90,5,FEASIBILITY,62.17076716016151,0.15,9.325615074024226
29,5,FEASIBILITY,50.202675322140585,0.15,7.530401298321087
23,5,FEASIBILITY,95.5337164186994,0.15,14.330057462804909
56,5,FEASIBILITY,57.914263844217736,0.15,8.68713957663266
80,5,FEASIBILITY,43.26246172738104,0.15,6.489369259107155
117,5,FEASIBILITY,38.22589526415731,0.15,5.733884289623596
53,5,FEASIBILITY,76.64034119048684,0.15,11.496051178573024
32,5,FEASIBILITY,37.10377643504532,0.15,5.565566465256798
30,5,FEASIBILITY,62.919702520605206,0.15,9.43795537809078
38,5,FEASIBILITY,62.91393001345895,0.15,9.437089502018843
67,5,FEASIBILITY,82.3301874087658,0.15,12.34952811131487
100,5,FEASIBILITY,24.397549942464003,0.15,3.6596324913696003
105,5,FEASIBILITY,68.31315236263535,0.15,10.246972854395302
28,5,FEASIBILITY,59.52161218705908,0.15,8.92824182805886
37,5,FEASIBILITY,50.82231278437623,0.15,7.623346917656434
74,5,FEASIBILITY,76.18584118438761,0.15,11.427876177658142
95,5,FEASIBILITY,42.58015658736323,0.15,6.387023488104484
59,5,FEASIBILITY,45.860714300236246,0.15,6.879107145035436
63,5,FEASIBILITY,56.5958354511188,0.15,8.48937531766782
93,5,FEASIBILITY,81.76039888912834,0.15,12.26405983336925
27,5,FEASIBILITY,69.68631822488238,0.15,10.452947733732357
87,5,FEASIBILITY,60.6528263795424,0.15,9.097923956931359
65,5,FEASIBILITY,71.3309315138676,0.15,10.69963972708014
61,5,FEASIBILITY,64.45335388093505,0.15,9.668003082140258
66,5,FEASIBILITY,59.78494602188401,0.15,8.967741903282601
35,5,FEASIBILITY,39.08499103414344,0.15,5.862748655121516
108,5,FEASIBILITY,34.607531522813126,0.15,5.191129728421969
82,5,FEASIBILITY,35.41625991631867,0.15,5.312438987447801
39,5,FEASIBILITY,47.957379855489094,0.15,7.193606978323364
107,5,FEASIBILITY,48.21477170611508,0.15,7.232215755917261
97,5,FEASIBILITY,29.719237556570285,0.15,4.457885633485542
112,5,FEASIBILITY,59.56939979587936,0.15,8.935409969381904
54,5,FEASIBILITY,39.17130885241102,0.15,5.875696327861653
73,5,FEASIBILITY,61.1792732166891,0.15,9.176890982503364
77,5,FEASIBILITY,43.4671768327146,0.15,6.52007652490719
116,5,FEASIBILITY,57.42638015231791,0.15,8.613957022847686
60,5,FEASIBILITY,36.47230221239118,0.15,5.470845331858676
106,5,FEASIBILITY,37.68002728385373,0.15,5.65200409257806
109,5,FEASIBILITY,33.62726535275868,0.15,5.044089802913802
25,5,FEASIBILITY,54.97040311792236,0.15,8.245560467688353
110,5,FEASIBILITY,57.538163849503725,0.15,8.630724577425559
111,5,FEASIBILITY,56.74770160978803,0.15,8.512155241468204
69,5,FEASIBILITY,60.13383665469864,0.15,9.020075498204795
24,5,FEASIBILITY,65.71108167671683,0.15,9.856662251507524
119,5,FEASIBILITY,58.7833836858006,0.15,8.81750755287009
81,5,FEASIBILITY,57.269443303664005,0.15,8.5904164955496
96,5,FEASIBILITY,71.78681218055324,0.15,10.768021827082986
98,5,FEASIBILITY,29.68007140156059,0.15,4.452010710234088
94,5,FEASIBILITY,54.8239961696885,0.15,8.223599425453274
78,5,FEASIBILITY,25.565407854984898,0.15,3.8348111782477345
79,5,FEASIBILITY,35.19049436228566,0.15,5.2785741543428495
57,5,FEASIBILITY,29.012784986154767,0.15,4.351917747923215
114,5,FEASIBILITY,40.636382876637136,0.15,6.0954574314955705
103,5,FEASIBILITY,33.69710856208805,0.15,5.054566284313207
70,5,FEASIBILITY,47.42637019025507,0.15,7.11395552853826
62,5,FEASIBILITY,50.29345085856717,0.15,7.544017628785075
88,5,FEASIBILITY,49.89443242671785,0.15,7.484164864007677
71,5,FEASIBILITY,45.7325306079298,0.15,6.85987959118947
64,5,FEASIBILITY,46.04969829181118,0.15,6.907454743771678
92,5,FEASIBILITY,34.96107049480956,0.15,5.244160574221434
113,5,FEASIBILITY,32.34135658898968,0.15,4.851203488348452
115,5,FEASIBILITY,80.30625841184387,0.15,12.045938761776581
58,5,FEASIBILITY,47.60197411490121,0.15,7.140296117235182
76,5,FEASIBILITY,16.63435447865882,0.15,2.495153171798823
89,5,FEASIBILITY,42.29969768188897,0.15,6.344954652283346
91,5,FEASIBILITY,66.3,0.15,9.944999999999999
52,2,FEASIBILITY,72.25093846698084,0.15,10.837640770047125
18,2,FEASIBILITY,64.05,0.15,9.6075
1,2,FEASIBILITY,68.37826928472388,0.15,10.256740392708583
17,2,FEASIBILITY,85.9841822772869,0.15,12.897627341593035
6,2,FEASIBILITY,75.63439798644347,0.15,11.34515969796652
51,2,FEASIBILITY,85.2009904323535,0.15,12.780148564853025
41,2,FEASIBILITY,79.07049798115746,0.15,11.860574697173618
3,2,FEASIBILITY,83.32305810932246,0.15,12.49845871639837
8,2,FEASIBILITY,62.812116714714975,0.15,9.421817507207246
13,2,FEASIBILITY,67.45199647871574,0.15,10.117799471807361
16,2,FEASIBILITY,61.802826379542395,0.15,9.270423956931358
21,2,FEASIBILITY,75.87049798115746,0.15,11.380574697173618
15,2,FEASIBILITY,56.952826379542394,0.15,8.542923956931359
55,2,FEASIBILITY,47.264468371467025,0.15,7.089670255720054
19,2,FEASIBILITY,51.15679676985195,0.15,7.673519515477793
46,2,FEASIBILITY,70.5821399730821,0.15,10.587320995962315
22,2,FEASIBILITY,55.451834239406665,0.15,8.317775135910999
7,2,FEASIBILITY,61.08549848942598,0.15,9.162824773413897
12,2,FEASIBILITY,57.353096778390864,0.15,8.602964516758629
43,2,FEASIBILITY,47.39687048911696,0.15,7.109530573367543
2,2,FEASIBILITY,60.079273216689096,0.15,9.011890982503363
4,2,FEASIBILITY,42.74318106964092,0.15,6.411477160446138
14,2,FEASIBILITY,60.567900403768505,0.15,9.085185060565275
45,2,FEASIBILITY,64.53721399730821,0.15,9.680582099596231
42,2,FEASIBILITY,67.75885871355206,0.15,10.163828807032809
9,2,FEASIBILITY,55.853959615017104,0.15,8.378093942252566
85,2,FEASIBILITY,84.83432024169184,0.15,12.725148036253776
5,2,FEASIBILITY,52.63963091573721,0.15,7.89594463736058
10,2,FEASIBILITY,40.158858713552064,0.15,6.023828807032809
83,2,FEASIBILITY,56.25,0.15,8.4375
44,2,FEASIBILITY,23.360767160161508,0.15,3.504115074024226
40,2,FEASIBILITY,46.01650522703338,0.15,6.902475784055007
50,2,FEASIBILITY,33.74425981873111,0.15,5.061638972809666
11,2,FEASIBILITY,81.02866898708184,0.15,12.154300348062277
118,2,FEASIBILITY,56.66022880215343,0.15,8.499034320323014
34,2,FEASIBILITY,43.261663542509545,0.15,6.489249531376432
49,2,FEASIBILITY,35.75275054588038,0.15,5.362912581882057
101,2,FEASIBILITY,69.16816958277253,0.15,10.37522543741588
20,2,FEASIBILITY,50.19419557359119,0.15,7.529129336038678
104,2,FEASIBILITY,60.22187079407806,0.15,9.033280619111709
75,2,FEASIBILITY,74.05488559892328,0.15,11.108232839838491
86,2,FEASIBILITY,75.98652397197611,0.15,11.397978595796417
99,2,FEASIBILITY,60.79253333224903,0.15,9.118879999837354
84,2,FEASIBILITY,46.579811574697175,0.15,6.986971736204576
120,2,FEASIBILITY,64.17675871070576,0.15,9.626513806605862
72,2,FEASIBILITY,55.02187079407806,0.15,8.25328061911171
102,2,FEASIBILITY,62.89859738221386,0.15,9.434789607332078
31,2,FEASIBILITY,70.70152094269578,0.15,10.605228141404366
26,2,FEASIBILITY,78.61,0.15,11.7915
33,2,FEASIBILITY,37.89927683556091,0.15,5.6848915253341366
48,2,FEASIBILITY,12.258459214501512,0.15,1.8387688821752266
68,2,FEASIBILITY,84.10605116027536,0.15,12.615907674041303
53,2,FEASIBILITY,73.99683665876478,0.15,11.099525498814716
36,2,FEASIBILITY,60.14607250755287,0.15,9.02191087613293
47,2,FEASIBILITY,27.644960822663084,0.15,4.146744123399462
90,2,FEASIBILITY,62.17076716016151,0.15,9.325615074024226
23,2,FEASIBILITY,93.79655629785348,0.15,14.069483444678022
29,2,FEASIBILITY,47.589382270781066,0.15,7.138407340617159
56,2,FEASIBILITY,54.983750249051575,0.15,8.247562537357735
117,2,FEASIBILITY,36.12619737896093,0.15,5.41892960684414
80,2,FEASIBILITY,40.80022607783421,0.15,6.120033911675131
30,2,FEASIBILITY,60.56320705232726,0.15,9.084481057849088
38,2,FEASIBILITY,61.97435297418403,0.15,9.296152946127604
32,2,FEASIBILITY,34.85,0.15,5.2275
67,2,FEASIBILITY,79.65647139668121,0.15,11.948470709502182
105,2,FEASIBILITY,65.5185904291006,0.15,9.82778856436509
100,2,FEASIBILITY,21.30087320530388,0.15,3.195130980795582
74,2,FEASIBILITY,76.18584118438761,0.15,11.427876177658142
28,2,FEASIBILITY,56.80257895443068,0.15,8.520386843164601
37,2,FEASIBILITY,47.75282637954239,0.15,7.162923956931358
59,2,FEASIBILITY,43.12657532742658,0.15,6.468986299113987
95,2,FEASIBILITY,41.38378196500673,0.15,6.207567294751009
63,2,FEASIBILITY,54.677406448097656,0.15,8.201610967214648
93,2,FEASIBILITY,79.10178861722501,0.15,11.865268292583751
87,2,FEASIBILITY,60.6528263795424,0.15,9.097923956931359
27,2,FEASIBILITY,67.61683182004855,0.15,10.142524773007281
65,2,FEASIBILITY,68.64210976160174,0.15,10.296316464240261
61,2,FEASIBILITY,61.97601249120696,0.15,9.296401873681043
66,2,FEASIBILITY,57.18675871070576,0.15,8.578013806605863
35,2,FEASIBILITY,37.46867683474767,0.15,5.62030152521215
108,2,FEASIBILITY,32.47762215725422,0.15,4.871643323588132
82,2,FEASIBILITY,33.890580158010515,0.15,5.083587023701577
107,2,FEASIBILITY,46.71930342816946,0.15,7.007895514225419
73,2,FEASIBILITY,59.87715841306372,0.15,8.981573761959558
39,2,FEASIBILITY,45.63109586757368,0.15,6.844664380136051
54,2,FEASIBILITY,36.05952637506963,0.15,5.408928956260445
112,2,FEASIBILITY,56.34885598923284,0.15,8.452328398384925
116,2,FEASIBILITY,55.00946172331489,0.15,8.251419258497233
77,2,FEASIBILITY,40.46113453664209,0.15,6.069170180496314
97,2,FEASIBILITY,27.07573302484823,0.15,4.0613599537272345
106,2,FEASIBILITY,35.47458921738847,0.15,5.321188382608271
109,2,FEASIBILITY,32.222431515900674,0.15,4.833364727385101
60,2,FEASIBILITY,33.949643602119274,0.15,5.092446540317891
110,2,FEASIBILITY,55.61973484648258,0.15,8.342960226972387
96,2,FEASIBILITY,69.17049798115747,0.15,10.37557469717362
25,2,FEASIBILITY,51.97946656203112,0.15,7.796919984304668
119,2,FEASIBILITY,57.136858006042296,0.15,8.570528700906344
24,2,FEASIBILITY,62.85609678245701,0.15,9.428414517368552
69,2,FEASIBILITY,57.50543786315785,0.15,8.625815679473677
111,2,FEASIBILITY,53.84739949498441,0.15,8.077109924247662
94,2,FEASIBILITY,52.25602033887279,0.15,7.838403050830918
98,2,FEASIBILITY,27.565267776182942,0.15,4.134790166427441
81,2,FEASIBILITY,54.61083303176069,0.15,8.191624954764103
79,2,FEASIBILITY,33.105902217270554,0.15,4.965885332590583
70,2,FEASIBILITY,45.311566564877424,0.15,6.796734984731613
78,2,FEASIBILITY,22.63489425981873,0.15,3.395234138972809
71,2,FEASIBILITY,43.62981157469717,0.15,6.544471736204575
103,2,FEASIBILITY,31.5369877161666,0.15,4.73054815742499
114,2,FEASIBILITY,37.52460039929574,0.15,5.628690059894361
57,2,FEASIBILITY,26.339068974070173,0.15,3.9508603461105256
62,2,FEASIBILITY,48.75266536007774,0.15,7.312899804011661
88,2,FEASIBILITY,48.24488559892329,0.15,7.236732839838493
64,2,FEASIBILITY,44.02552910752115,0.15,6.603829366128172
115,2,FEASIBILITY,79.54795025474418,0.15,11.932192538211627
58,2,FEASIBILITY,46.15182305749939,0.15,6.922773458624909
92,2,FEASIBILITY,33.46560221686394,0.15,5.019840332529591
113,2,FEASIBILITY,29.516583175092403,0.15,4.4274874762638605
76,2,FEASIBILITY,15.138886200713202,0.15,2.2708329301069803
91,2,FEASIBILITY,65.45105740181269,0.15,9.817658610271904
89,2,FEASIBILITY,40.80422940394335,0.15,6.120634410591503
52,3,FEASIBILITY,74.72827985670894,0.15,11.20924197850634
18,3,FEASIBILITY,66.18293051359517,0.15,9.927439577039275
1,3,FEASIBILITY,71.1426197378961,0.15,10.671392960684415
6,3,FEASIBILITY,77.88515327345254,0.15,11.682772991017881
17,3,FEASIBILITY,88.0234572017582,0.15,13.203518580263731
51,3,FEASIBILITY,87.70854330244416,0.15,13.156281495366622
41,3,FEASIBILITY,80.75025628931456,0.15,12.112538443397185
3,3,FEASIBILITY,84.3985868102288,0.15,12.65978802153432
8,3,FEASIBILITY,64.51906535519836,0.15,9.677859803279754
13,3,FEASIBILITY,70.23145267206922,0.15,10.534717900810383
21,3,FEASIBILITY,78.12427441620278,0.15,11.718641162430417
16,3,FEASIBILITY,63.663853569874725,0.15,9.549578035481208
15,3,FEASIBILITY,59.720197980750854,0.15,8.958029697112627
19,3,FEASIBILITY,54.16586021396071,0.15,8.124879032094107
55,3,FEASIBILITY,48.18893967056068,0.15,7.228340950584101
46,3,FEASIBILITY,71.41597683108814,0.15,10.712396524663221
22,3,FEASIBILITY,57.808329707684614,0.15,8.671249456152692
7,3,FEASIBILITY,61.3,0.15,9.194999999999999
2,3,FEASIBILITY,63.33002850369816,0.15,9.499504275554724
12,3,FEASIBILITY,59.31684300195582,0.15,8.897526450293372
4,3,FEASIBILITY,45.0845707977376,0.15,6.7626856196606395
43,3,FEASIBILITY,50.14611520210789,0.15,7.521917280316184
14,3,FEASIBILITY,62.06638982975038,0.15,9.309958474462556
45,3,FEASIBILITY,64.53721399730821,0.15,9.680582099596231
42,3,FEASIBILITY,69.48091309421672,0.15,10.422136964132507
9,3,FEASIBILITY,58.66362728873311,0.15,8.799544093309967
5,3,FEASIBILITY,54.49763695803328,0.15,8.174645543704992
85,3,FEASIBILITY,86.60169184290031,0.15,12.990253776435045
10,3,FEASIBILITY,41.88091309421672,0.15,6.282136964132508
83,3,FEASIBILITY,57.56722054380665,0.15,8.635083081570997
44,3,FEASIBILITY,26.36983060427027,0.15,3.95547459064054
11,3,FEASIBILITY,82.55434874539,0.15,12.3831523118085
50,3,FEASIBILITY,36.704984894259816,0.15,5.505747734138972
40,3,FEASIBILITY,48.79596142038685,0.15,7.319394213058027
20,3,FEASIBILITY,51.58392367026792,0.15,7.737588550540188
49,3,FEASIBILITY,38.74368710177162,0.15,5.811553065265743
118,3,FEASIBILITY,56.66022880215343,0.15,8.499034320323014
104,3,FEASIBILITY,61.32761097534694,0.15,9.19914164630204
34,3,FEASIBILITY,46.41876324039474,0.15,6.9628144860592105
101,3,FEASIBILITY,70.3343327247665,0.15,10.550149908714975
75,3,FEASIBILITY,74.0730124871408,0.15,11.11095187307112
86,3,FEASIBILITY,77.37625206865285,0.15,11.606437810297926
99,3,FEASIBILITY,63.813681368502806,0.15,9.572052205275421
72,3,FEASIBILITY,56.27866837715963,0.15,8.441800256573945
31,3,FEASIBILITY,73.1184393716988,0.15,10.967765905754819
120,3,FEASIBILITY,66.774946021884,0.15,10.0162419032826
48,3,FEASIBILITY,14.781117824773414,0.15,2.217167673716012
68,3,FEASIBILITY,87.26315085816056,0.15,13.089472628724083
84,3,FEASIBILITY,46.579811574697175,0.15,6.986971736204576
102,3,FEASIBILITY,64.71128620396613,0.15,9.706692930594919
26,3,FEASIBILITY,79.71574018126888,0.15,11.957361027190332
36,3,FEASIBILITY,62.30619335347432,0.15,9.345929003021148
33,3,FEASIBILITY,40.69383876909565,0.15,6.1040758153643475
53,3,FEASIBILITY,76.64034119048684,0.15,11.496051178573024
47,3,FEASIBILITY,30.15251369275372,0.15,4.522877053913057
90,3,FEASIBILITY,62.17076716016151,0.15,9.325615074024226
29,3,FEASIBILITY,50.202675322140585,0.15,7.530401298321087
23,3,FEASIBILITY,95.5337164186994,0.15,14.330057462804909
56,3,FEASIBILITY,57.914263844217736,0.15,8.68713957663266
30,3,FEASIBILITY,62.919702520605206,0.15,9.43795537809078
67,3,FEASIBILITY,82.3301874087658,0.15,12.34952811131487
32,3,FEASIBILITY,37.10377643504532,0.15,5.565566465256798
80,3,FEASIBILITY,43.26246172738104,0.15,6.489369259107155
38,3,FEASIBILITY,62.91393001345895,0.15,9.437089502018843
117,3,FEASIBILITY,38.22589526415731,0.15,5.733884289623596
105,3,FEASIBILITY,68.31315236263535,0.15,10.246972854395302
74,3,FEASIBILITY,76.18584118438761,0.15,11.427876177658142
28,3,FEASIBILITY,59.52161218705908,0.15,8.92824182805886
100,3,FEASIBILITY,24.397549942464003,0.15,3.6596324913696003
37,3,FEASIBILITY,50.82231278437623,0.15,7.623346917656434
95,3,FEASIBILITY,42.58015658736323,0.15,6.387023488104484
63,3,FEASIBILITY,56.5958354511188,0.15,8.48937531766782
27,3,FEASIBILITY,69.68631822488238,0.15,10.452947733732357
93,3,FEASIBILITY,81.76039888912834,0.15,12.26405983336925
65,3,FEASIBILITY,71.3309315138676,0.15,10.69963972708014
87,3,FEASIBILITY,60.6528263795424,0.15,9.097923956931359
59,3,FEASIBILITY,45.860714300236246,0.15,6.879107145035436
66,3,FEASIBILITY,59.78494602188401,0.15,8.967741903282601
61,3,FEASIBILITY,64.45335388093505,0.15,9.668003082140258
112,3,FEASIBILITY,59.56939979587936,0.15,8.935409969381904
73,3,FEASIBILITY,61.1792732166891,0.15,9.176890982503364
108,3,FEASIBILITY,34.607531522813126,0.15,5.191129728421969
77,3,FEASIBILITY,43.4671768327146,0.15,6.52007652490719
54,3,FEASIBILITY,39.17130885241102,0.15,5.875696327861653
107,3,FEASIBILITY,48.21477170611508,0.15,7.232215755917261
39,3,FEASIBILITY,47.957379855489094,0.15,7.193606978323364
35,3,FEASIBILITY,39.08499103414344,0.15,5.862748655121516
82,3,FEASIBILITY,35.41625991631867,0.15,5.312438987447801
97,3,FEASIBILITY,29.719237556570285,0.15,4.457885633485542
60,3,FEASIBILITY,36.47230221239118,0.15,5.470845331858676
106,3,FEASIBILITY,37.68002728385373,0.15,5.65200409257806
116,3,FEASIBILITY,57.42638015231791,0.15,8.613957022847686
25,3,FEASIBILITY,54.97040311792236,0.15,8.245560467688353
110,3,FEASIBILITY,57.538163849503725,0.15,8.630724577425559
96,3,FEASIBILITY,71.78681218055324,0.15,10.768021827082986
111,3,FEASIBILITY,56.74770160978803,0.15,8.512155241468204
109,3,FEASIBILITY,33.62726535275868,0.15,5.044089802913802
69,3,FEASIBILITY,60.13383665469864,0.15,9.020075498204795
24,3,FEASIBILITY,65.71108167671683,0.15,9.856662251507524
81,3,FEASIBILITY,57.269443303664005,0.15,8.5904164955496
94,3,FEASIBILITY,54.8239961696885,0.15,8.223599425453274
119,3,FEASIBILITY,58.7833836858006,0.15,8.81750755287009
98,3,FEASIBILITY,29.68007140156059,0.15,4.452010710234088
71,3,FEASIBILITY,45.7325306079298,0.15,6.85987959118947
78,3,FEASIBILITY,25.565407854984898,0.15,3.8348111782477345
79,3,FEASIBILITY,35.19049436228566,0.15,5.2785741543428495
70,3,FEASIBILITY,47.42637019025507,0.15,7.11395552853826
62,3,FEASIBILITY,50.29345085856717,0.15,7.544017628785075
114,3,FEASIBILITY,40.636382876637136,0.15,6.0954574314955705
57,3,FEASIBILITY,29.012784986154767,0.15,4.351917747923215
88,3,FEASIBILITY,49.89443242671785,0.15,7.484164864007677
64,3,FEASIBILITY,46.04969829181118,0.15,6.907454743771678
103,3,FEASIBILITY,33.69710856208805,0.15,5.054566284313207
115,3,FEASIBILITY,80.30625841184387,0.15,12.045938761776581
113,3,FEASIBILITY,32.34135658898968,0.15,4.851203488348452
92,3,FEASIBILITY,34.96107049480956,0.15,5.244160574221434
58,3,FEASIBILITY,47.60197411490121,0.15,7.140296117235182
76,3,FEASIBILITY,16.63435447865882,0.15,2.495153171798823
91,3,FEASIBILITY,66.3,0.15,9.944999999999999
89,3,FEASIBILITY,42.29969768188897,0.15,6.344954652283346
52,6,FEASIBILITY,74.72827985670894,0.15,11.20924197850634
18,6,FEASIBILITY,66.18293051359517,0.15,9.927439577039275
1,6,FEASIBILITY,71.1426197378961,0.15,10.671392960684415
17,6,FEASIBILITY,88.0234572017582,0.15,13.203518580263731
6,6,FEASIBILITY,77.88515327345254,0.15,11.682772991017881
41,6,FEASIBILITY,80.75025628931456,0.15,12.112538443397185
3,6,FEASIBILITY,84.3985868102288,0.15,12.65978802153432
51,6,FEASIBILITY,87.70854330244416,0.15,13.156281495366622
8,6,FEASIBILITY,64.51906535519836,0.15,9.677859803279754
13,6,FEASIBILITY,70.23145267206922,0.15,10.534717900810383
16,6,FEASIBILITY,63.663853569874725,0.15,9.549578035481208
21,6,FEASIBILITY,78.12427441620278,0.15,11.718641162430417
15,6,FEASIBILITY,59.720197980750854,0.15,8.958029697112627
19,6,FEASIBILITY,54.16586021396071,0.15,8.124879032094107
55,6,FEASIBILITY,48.18893967056068,0.15,7.228340950584101
46,6,FEASIBILITY,71.41597683108814,0.15,10.712396524663221
22,6,FEASIBILITY,57.808329707684614,0.15,8.671249456152692
7,6,FEASIBILITY,61.3,0.15,9.194999999999999
43,6,FEASIBILITY,50.14611520210789,0.15,7.521917280316184
12,6,FEASIBILITY,59.31684300195582,0.15,8.897526450293372
2,6,FEASIBILITY,63.33002850369816,0.15,9.499504275554724
4,6,FEASIBILITY,45.0845707977376,0.15,6.7626856196606395
14,6,FEASIBILITY,62.06638982975038,0.15,9.309958474462556
45,6,FEASIBILITY,64.53721399730821,0.15,9.680582099596231
42,6,FEASIBILITY,69.48091309421672,0.15,10.422136964132507
9,6,FEASIBILITY,58.66362728873311,0.15,8.799544093309967
85,6,FEASIBILITY,86.60169184290031,0.15,12.990253776435045
5,6,FEASIBILITY,54.49763695803328,0.15,8.174645543704992
10,6,FEASIBILITY,41.88091309421672,0.15,6.282136964132508
83,6,FEASIBILITY,57.56722054380665,0.15,8.635083081570997
44,6,FEASIBILITY,26.36983060427027,0.15,3.95547459064054
40,6,FEASIBILITY,48.79596142038685,0.15,7.319394213058027
50,6,FEASIBILITY,36.704984894259816,0.15,5.505747734138972
11,6,FEASIBILITY,82.55434874539,0.15,12.3831523118085
34,6,FEASIBILITY,46.41876324039474,0.15,6.9628144860592105
118,6,FEASIBILITY,56.66022880215343,0.15,8.499034320323014
49,6,FEASIBILITY,38.74368710177162,0.15,5.811553065265743
101,6,FEASIBILITY,70.3343327247665,0.15,10.550149908714975
20,6,FEASIBILITY,51.58392367026792,0.15,7.737588550540188
104,6,FEASIBILITY,61.32761097534694,0.15,9.19914164630204
86,6,FEASIBILITY,77.37625206865285,0.15,11.606437810297926
75,6,FEASIBILITY,74.0730124871408,0.15,11.11095187307112
99,6,FEASIBILITY,63.813681368502806,0.15,9.572052205275421
120,6,FEASIBILITY,66.774946021884,0.15,10.0162419032826
84,6,FEASIBILITY,46.579811574697175,0.15,6.986971736204576
72,6,FEASIBILITY,56.27866837715963,0.15,8.441800256573945
102,6,FEASIBILITY,64.71128620396613,0.15,9.706692930594919
31,6,FEASIBILITY,73.1184393716988,0.15,10.967765905754819
26,6,FEASIBILITY,79.71574018126888,0.15,11.957361027190332
33,6,FEASIBILITY,40.69383876909565,0.15,6.1040758153643475
48,6,FEASIBILITY,14.781117824773414,0.15,2.217167673716012
68,6,FEASIBILITY,87.26315085816056,0.15,13.089472628724083
53,6,FEASIBILITY,76.64034119048684,0.15,11.496051178573024
36,6,FEASIBILITY,62.30619335347432,0.15,9.345929003021148
47,6,FEASIBILITY,30.15251369275372,0.15,4.522877053913057
90,6,FEASIBILITY,62.17076716016151,0.15,9.325615074024226
23,6,FEASIBILITY,95.5337164186994,0.15,14.330057462804909
29,6,FEASIBILITY,50.202675322140585,0.15,7.530401298321087
56,6,FEASIBILITY,57.914263844217736,0.15,8.68713957663266
117,6,FEASIBILITY,38.22589526415731,0.15,5.733884289623596
80,6,FEASIBILITY,43.26246172738104,0.15,6.489369259107155
30,6,FEASIBILITY,62.919702520605206,0.15,9.43795537809078
32,6,FEASIBILITY,37.10377643504532,0.15,5.565566465256798
38,6,FEASIBILITY,62.91393001345895,0.15,9.437089502018843
67,6,FEASIBILITY,82.3301874087658,0.15,12.34952811131487
105,6,FEASIBILITY,68.31315236263535,0.15,10.246972854395302
100,6,FEASIBILITY,24.397549942464003,0.15,3.6596324913696003
74,6,FEASIBILITY,76.18584118438761,0.15,11.427876177658142
28,6,FEASIBILITY,59.52161218705908,0.15,8.92824182805886
37,6,FEASIBILITY,50.82231278437623,0.15,7.623346917656434
59,6,FEASIBILITY,45.860714300236246,0.15,6.879107145035436
95,6,FEASIBILITY,42.58015658736323,0.15,6.387023488104484
93,6,FEASIBILITY,81.76039888912834,0.15,12.26405983336925
63,6,FEASIBILITY,56.5958354511188,0.15,8.48937531766782
87,6,FEASIBILITY,60.6528263795424,0.15,9.097923956931359
27,6,FEASIBILITY,69.68631822488238,0.15,10.452947733732357
65,6,FEASIBILITY,71.3309315138676,0.15,10.69963972708014
61,6,FEASIBILITY,64.45335388093505,0.15,9.668003082140258
66,6,FEASIBILITY,59.78494602188401,0.15,8.967741903282601
35,6,FEASIBILITY,39.08499103414344,0.15,5.862748655121516
108,6,FEASIBILITY,34.607531522813126,0.15,5.191129728421969
82,6,FEASIBILITY,35.41625991631867,0.15,5.312438987447801
107,6,FEASIBILITY,48.21477170611508,0.15,7.232215755917261
54,6,FEASIBILITY,39.17130885241102,0.15,5.875696327861653
39,6,FEASIBILITY,47.957379855489094,0.15,7.193606978323364
73,6,FEASIBILITY,61.1792732166891,0.15,9.176890982503364
116,6,FEASIBILITY,57.42638015231791,0.15,8.613957022847686
77,6,FEASIBILITY,43.4671768327146,0.15,6.52007652490719
97,6,FEASIBILITY,29.719237556570285,0.15,4.457885633485542
106,6,FEASIBILITY,37.68002728385373,0.15,5.65200409257806
60,6,FEASIBILITY,36.47230221239118,0.15,5.470845331858676
109,6,FEASIBILITY,33.62726535275868,0.15,5.044089802913802
112,6,FEASIBILITY,59.56939979587936,0.15,8.935409969381904
25,6,FEASIBILITY,54.97040311792236,0.15,8.245560467688353
96,6,FEASIBILITY,71.78681218055324,0.15,10.768021827082986
119,6,FEASIBILITY,58.7833836858006,0.15,8.81750755287009
24,6,FEASIBILITY,65.71108167671683,0.15,9.856662251507524
69,6,FEASIBILITY,60.13383665469864,0.15,9.020075498204795
94,6,FEASIBILITY,54.8239961696885,0.15,8.223599425453274
98,6,FEASIBILITY,29.68007140156059,0.15,4.452010710234088
81,6,FEASIBILITY,57.269443303664005,0.15,8.5904164955496
79,6,FEASIBILITY,35.19049436228566,0.15,5.2785741543428495
110,6,FEASIBILITY,57.538163849503725,0.15,8.630724577425559
70,6,FEASIBILITY,47.42637019025507,0.15,7.11395552853826
111,6,FEASIBILITY,56.74770160978803,0.15,8.512155241468204
78,6,FEASIBILITY,25.565407854984898,0.15,3.8348111782477345
71,6,FEASIBILITY,45.7325306079298,0.15,6.85987959118947
103,6,FEASIBILITY,33.69710856208805,0.15,5.054566284313207
57,6,FEASIBILITY,29.012784986154767,0.15,4.351917747923215
62,6,FEASIBILITY,50.29345085856717,0.15,7.544017628785075
88,6,FEASIBILITY,49.89443242671785,0.15,7.484164864007677
114,6,FEASIBILITY,40.636382876637136,0.15,6.0954574314955705
64,6,FEASIBILITY,46.04969829181118,0.15,6.907454743771678
115,6,FEASIBILITY,80.30625841184387,0.15,12.045938761776581
58,6,FEASIBILITY,47.60197411490121,0.15,7.140296117235182
92,6,FEASIBILITY,34.96107049480956,0.15,5.244160574221434
76,6,FEASIBILITY,16.63435447865882,0.15,2.495153171798823
113,6,FEASIBILITY,32.34135658898968,0.15,4.851203488348452
91,6,FEASIBILITY,66.3,0.15,9.944999999999999
89,6,FEASIBILITY,42.29969768188897,0.15,6.344954652283346
52,7,FEASIBILITY,74.72827985670894,0.1,7.472827985670894
18,7,FEASIBILITY,66.18293051359517,0.1,6.618293051359517
1,7,FEASIBILITY,71.1426197378961,0.1,7.11426197378961
51,7,FEASIBILITY,87.70854330244416,0.1,8.770854330244417
6,7,FEASIBILITY,77.88515327345254,0.1,7.788515327345255
17,7,FEASIBILITY,88.0234572017582,0.1,8.80234572017582
3,7,FEASIBILITY,84.3985868102288,0.1,8.439858681022882
41,7,FEASIBILITY,80.75025628931456,0.1,8.075025628931456
55,7,FEASIBILITY,48.18893967056068,0.1,4.818893967056068
8,7,FEASIBILITY,64.51906535519836,0.1,6.451906535519837
16,7,FEASIBILITY,63.663853569874725,0.1,6.366385356987473
19,7,FEASIBILITY,54.16586021396071,0.1,5.416586021396071
15,7,FEASIBILITY,59.720197980750854,0.1,5.9720197980750855
13,7,FEASIBILITY,70.23145267206922,0.1,7.023145267206923
46,7,FEASIBILITY,71.41597683108814,0.1,7.141597683108815
21,7,FEASIBILITY,78.12427441620278,0.1,7.812427441620279
22,7,FEASIBILITY,57.808329707684614,0.1,5.780832970768461
12,7,FEASIBILITY,59.31684300195582,0.1,5.931684300195582
7,7,FEASIBILITY,61.3,0.1,6.13
43,7,FEASIBILITY,50.14611520210789,0.1,5.0146115202107895
4,7,FEASIBILITY,45.0845707977376,0.1,4.50845707977376
2,7,FEASIBILITY,63.33002850369816,0.1,6.333002850369816
14,7,FEASIBILITY,62.06638982975038,0.1,6.206638982975038
42,7,FEASIBILITY,69.48091309421672,0.1,6.948091309421672
5,7,FEASIBILITY,54.49763695803328,0.1,5.449763695803329
9,7,FEASIBILITY,58.66362728873311,0.1,5.866362728873312
10,7,FEASIBILITY,41.88091309421672,0.1,4.188091309421672
45,7,FEASIBILITY,64.53721399730821,0.1,6.453721399730822
50,7,FEASIBILITY,36.704984894259816,0.1,3.670498489425982
44,7,FEASIBILITY,26.36983060427027,0.1,2.6369830604270272
49,7,FEASIBILITY,38.74368710177162,0.1,3.874368710177162
85,7,FEASIBILITY,86.60169184290031,0.1,8.660169184290032
40,7,FEASIBILITY,48.79596142038685,0.1,4.879596142038686
83,7,FEASIBILITY,57.56722054380665,0.1,5.756722054380665
48,7,FEASIBILITY,14.781117824773414,0.1,1.4781117824773415
20,7,FEASIBILITY,51.58392367026792,0.1,5.158392367026792
34,7,FEASIBILITY,46.41876324039474,0.1,4.641876324039474
11,7,FEASIBILITY,82.55434874539,0.1,8.255434874539
118,7,FEASIBILITY,56.66022880215343,0.1,5.666022880215344
104,7,FEASIBILITY,61.32761097534694,0.1,6.1327610975346944
101,7,FEASIBILITY,70.3343327247665,0.1,7.03343327247665
86,7,FEASIBILITY,77.37625206865285,0.1,7.737625206865285
47,7,FEASIBILITY,30.15251369275372,0.1,3.015251369275372
99,7,FEASIBILITY,63.813681368502806,0.1,6.381368136850281
33,7,FEASIBILITY,40.69383876909565,0.1,4.069383876909565
72,7,FEASIBILITY,56.27866837715963,0.1,5.627866837715963
102,7,FEASIBILITY,64.71128620396613,0.1,6.4711286203966125
31,7,FEASIBILITY,73.1184393716988,0.1,7.31184393716988
120,7,FEASIBILITY,66.774946021884,0.1,6.677494602188401
84,7,FEASIBILITY,46.579811574697175,0.1,4.657981157469718
36,7,FEASIBILITY,62.30619335347432,0.1,6.230619335347432
75,7,FEASIBILITY,74.0730124871408,0.1,7.407301248714081
32,7,FEASIBILITY,37.10377643504532,0.1,3.710377643504532
80,7,FEASIBILITY,43.26246172738104,0.1,4.326246172738104
26,7,FEASIBILITY,79.71574018126888,0.1,7.971574018126889
100,7,FEASIBILITY,24.397549942464003,0.1,2.4397549942464005
29,7,FEASIBILITY,50.202675322140585,0.1,5.020267532214059
117,7,FEASIBILITY,38.22589526415731,0.1,3.8225895264157312
56,7,FEASIBILITY,57.914263844217736,0.1,5.791426384421774
90,7,FEASIBILITY,62.17076716016151,0.1,6.217076716016152
53,7,FEASIBILITY,76.64034119048684,0.1,7.664034119048684
68,7,FEASIBILITY,87.26315085816056,0.1,8.726315085816056
38,7,FEASIBILITY,62.91393001345895,0.1,6.291393001345895
30,7,FEASIBILITY,62.919702520605206,0.1,6.291970252060521
105,7,FEASIBILITY,68.31315236263535,0.1,6.831315236263535
37,7,FEASIBILITY,50.82231278437623,0.1,5.082231278437623
23,7,FEASIBILITY,95.5337164186994,0.1,9.55337164186994
67,7,FEASIBILITY,82.3301874087658,0.1,8.23301874087658
59,7,FEASIBILITY,45.860714300236246,0.1,4.586071430023625
28,7,FEASIBILITY,59.52161218705908,0.1,5.952161218705908
82,7,FEASIBILITY,35.41625991631867,0.1,3.5416259916318675
97,7,FEASIBILITY,29.719237556570285,0.1,2.971923755657029
95,7,FEASIBILITY,42.58015658736323,0.1,4.258015658736323
108,7,FEASIBILITY,34.607531522813126,0.1,3.460753152281313
35,7,FEASIBILITY,39.08499103414344,0.1,3.9084991034143446
63,7,FEASIBILITY,56.5958354511188,0.1,5.6595835451118806
74,7,FEASIBILITY,76.18584118438761,0.1,7.618584118438761
109,7,FEASIBILITY,33.62726535275868,0.1,3.362726535275868
66,7,FEASIBILITY,59.78494602188401,0.1,5.978494602188402
54,7,FEASIBILITY,39.17130885241102,0.1,3.9171308852411024
27,7,FEASIBILITY,69.68631822488238,0.1,6.968631822488239
39,7,FEASIBILITY,47.957379855489094,0.1,4.79573798554891
87,7,FEASIBILITY,60.6528263795424,0.1,6.06528263795424
65,7,FEASIBILITY,71.3309315138676,0.1,7.13309315138676
93,7,FEASIBILITY,81.76039888912834,0.1,8.176039888912834
60,7,FEASIBILITY,36.47230221239118,0.1,3.647230221239118
77,7,FEASIBILITY,43.4671768327146,0.1,4.34671768327146
107,7,FEASIBILITY,48.21477170611508,0.1,4.821477170611509
61,7,FEASIBILITY,64.45335388093505,0.1,6.445335388093506
116,7,FEASIBILITY,57.42638015231791,0.1,5.742638015231791
106,7,FEASIBILITY,37.68002728385373,0.1,3.7680027283853734
73,7,FEASIBILITY,61.1792732166891,0.1,6.11792732166891
112,7,FEASIBILITY,59.56939979587936,0.1,5.956939979587936
79,7,FEASIBILITY,35.19049436228566,0.1,3.5190494362285665
111,7,FEASIBILITY,56.74770160978803,0.1,5.674770160978803
78,7,FEASIBILITY,25.565407854984898,0.1,2.55654078549849
25,7,FEASIBILITY,54.97040311792236,0.1,5.497040311792237
119,7,FEASIBILITY,58.7833836858006,0.1,5.87833836858006
110,7,FEASIBILITY,57.538163849503725,0.1,5.7538163849503725
98,7,FEASIBILITY,29.68007140156059,0.1,2.9680071401560593
70,7,FEASIBILITY,47.42637019025507,0.1,4.742637019025508
81,7,FEASIBILITY,57.269443303664005,0.1,5.7269443303664005
24,7,FEASIBILITY,65.71108167671683,0.1,6.571108167671683
69,7,FEASIBILITY,60.13383665469864,0.1,6.013383665469864
96,7,FEASIBILITY,71.78681218055324,0.1,7.178681218055324
94,7,FEASIBILITY,54.8239961696885,0.1,5.48239961696885
103,7,FEASIBILITY,33.69710856208805,0.1,3.3697108562088047
57,7,FEASIBILITY,29.012784986154767,0.1,2.901278498615477
114,7,FEASIBILITY,40.636382876637136,0.1,4.063638287663713
62,7,FEASIBILITY,50.29345085856717,0.1,5.0293450858567175
64,7,FEASIBILITY,46.04969829181118,0.1,4.604969829181118
71,7,FEASIBILITY,45.7325306079298,0.1,4.573253060792981
88,7,FEASIBILITY,49.89443242671785,0.1,4.989443242671785
113,7,FEASIBILITY,32.34135658898968,0.1,3.2341356588989685
92,7,FEASIBILITY,34.96107049480956,0.1,3.4961070494809565
76,7,FEASIBILITY,16.63435447865882,0.1,1.6634354478658822
58,7,FEASIBILITY,47.60197411490121,0.1,4.760197411490121
115,7,FEASIBILITY,80.30625841184387,0.1,8.030625841184387
89,7,FEASIBILITY,42.29969768188897,0.1,4.229969768188897
91,7,FEASIBILITY,66.3,0.1,6.63
18,10,FEASIBILITY,66.18293051359517,0.1,6.618293051359517
52,10,FEASIBILITY,74.72827985670894,0.1,7.472827985670894
1,10,FEASIBILITY,71.1426197378961,0.1,7.11426197378961
6,10,FEASIBILITY,77.88515327345254,0.1,7.788515327345255
17,10,FEASIBILITY,88.0234572017582,0.1,8.80234572017582
41,10,FEASIBILITY,80.75025628931456,0.1,8.075025628931456
8,10,FEASIBILITY,64.51906535519836,0.1,6.451906535519837
13,10,FEASIBILITY,70.23145267206922,0.1,7.023145267206923
3,10,FEASIBILITY,84.3985868102288,0.1,8.439858681022882
21,10,FEASIBILITY,78.12427441620278,0.1,7.812427441620279
22,10,FEASIBILITY,57.808329707684614,0.1,5.780832970768461
15,10,FEASIBILITY,59.720197980750854,0.1,5.9720197980750855
19,10,FEASIBILITY,54.16586021396071,0.1,5.416586021396071
16,10,FEASIBILITY,63.663853569874725,0.1,6.366385356987473
51,10,FEASIBILITY,87.70854330244416,0.1,8.770854330244417
7,10,FEASIBILITY,61.3,0.1,6.13
46,10,FEASIBILITY,71.41597683108814,0.1,7.141597683108815
2,10,FEASIBILITY,63.33002850369816,0.1,6.333002850369816
4,10,FEASIBILITY,45.0845707977376,0.1,4.50845707977376
55,10,FEASIBILITY,48.18893967056068,0.1,4.818893967056068
45,10,FEASIBILITY,64.53721399730821,0.1,6.453721399730822
43,10,FEASIBILITY,50.14611520210789,0.1,5.0146115202107895
14,10,FEASIBILITY,62.06638982975038,0.1,6.206638982975038
12,10,FEASIBILITY,59.31684300195582,0.1,5.931684300195582
83,10,FEASIBILITY,57.56722054380665,0.1,5.756722054380665
9,10,FEASIBILITY,58.66362728873311,0.1,5.866362728873312
85,10,FEASIBILITY,86.60169184290031,0.1,8.660169184290032
42,10,FEASIBILITY,69.48091309421672,0.1,6.948091309421672
44,10,FEASIBILITY,26.36983060427027,0.1,2.6369830604270272
40,10,FEASIBILITY,48.79596142038685,0.1,4.879596142038686
5,10,FEASIBILITY,54.49763695803328,0.1,5.449763695803329
118,10,FEASIBILITY,56.66022880215343,0.1,5.666022880215344
10,10,FEASIBILITY,41.88091309421672,0.1,4.188091309421672
75,10,FEASIBILITY,74.0730124871408,0.1,7.407301248714081
101,10,FEASIBILITY,70.3343327247665,0.1,7.03343327247665
84,10,FEASIBILITY,46.579811574697175,0.1,4.657981157469718
11,10,FEASIBILITY,82.55434874539,0.1,8.255434874539
34,10,FEASIBILITY,46.41876324039474,0.1,4.641876324039474
104,10,FEASIBILITY,61.32761097534694,0.1,6.1327610975346944
72,10,FEASIBILITY,56.27866837715963,0.1,5.627866837715963
50,10,FEASIBILITY,36.704984894259816,0.1,3.670498489425982
120,10,FEASIBILITY,66.774946021884,0.1,6.677494602188401
68,10,FEASIBILITY,87.26315085816056,0.1,8.726315085816056
99,10,FEASIBILITY,63.813681368502806,0.1,6.381368136850281
20,10,FEASIBILITY,51.58392367026792,0.1,5.158392367026792
102,10,FEASIBILITY,64.71128620396613,0.1,6.4711286203966125
26,10,FEASIBILITY,79.71574018126888,0.1,7.971574018126889
86,10,FEASIBILITY,77.37625206865285,0.1,7.737625206865285
33,10,FEASIBILITY,40.69383876909565,0.1,4.069383876909565
31,10,FEASIBILITY,73.1184393716988,0.1,7.31184393716988
90,10,FEASIBILITY,62.17076716016151,0.1,6.217076716016152
53,10,FEASIBILITY,76.64034119048684,0.1,7.664034119048684
49,10,FEASIBILITY,38.74368710177162,0.1,3.874368710177162
29,10,FEASIBILITY,50.202675322140585,0.1,5.020267532214059
36,10,FEASIBILITY,62.30619335347432,0.1,6.230619335347432
23,10,FEASIBILITY,95.5337164186994,0.1,9.55337164186994
30,10,FEASIBILITY,62.919702520605206,0.1,6.291970252060521
67,10,FEASIBILITY,82.3301874087658,0.1,8.23301874087658
117,10,FEASIBILITY,38.22589526415731,0.1,3.8225895264157312
56,10,FEASIBILITY,57.914263844217736,0.1,5.791426384421774
47,10,FEASIBILITY,30.15251369275372,0.1,3.015251369275372
95,10,FEASIBILITY,42.58015658736323,0.1,4.258015658736323
80,10,FEASIBILITY,43.26246172738104,0.1,4.326246172738104
48,10,FEASIBILITY,14.781117824773414,0.1,1.4781117824773415
28,10,FEASIBILITY,59.52161218705908,0.1,5.952161218705908
74,10,FEASIBILITY,76.18584118438761,0.1,7.618584118438761
32,10,FEASIBILITY,37.10377643504532,0.1,3.710377643504532
63,10,FEASIBILITY,56.5958354511188,0.1,5.6595835451118806
38,10,FEASIBILITY,62.91393001345895,0.1,6.291393001345895
59,10,FEASIBILITY,45.860714300236246,0.1,4.586071430023625
87,10,FEASIBILITY,60.6528263795424,0.1,6.06528263795424
105,10,FEASIBILITY,68.31315236263535,0.1,6.831315236263535
100,10,FEASIBILITY,24.397549942464003,0.1,2.4397549942464005
37,10,FEASIBILITY,50.82231278437623,0.1,5.082231278437623
65,10,FEASIBILITY,71.3309315138676,0.1,7.13309315138676
93,10,FEASIBILITY,81.76039888912834,0.1,8.176039888912834
27,10,FEASIBILITY,69.68631822488238,0.1,6.968631822488239
61,10,FEASIBILITY,64.45335388093505,0.1,6.445335388093506
112,10,FEASIBILITY,59.56939979587936,0.1,5.956939979587936
66,10,FEASIBILITY,59.78494602188401,0.1,5.978494602188402
106,10,FEASIBILITY,37.68002728385373,0.1,3.7680027283853734
107,10,FEASIBILITY,48.21477170611508,0.1,4.821477170611509
108,10,FEASIBILITY,34.607531522813126,0.1,3.460753152281313
77,10,FEASIBILITY,43.4671768327146,0.1,4.34671768327146
35,10,FEASIBILITY,39.08499103414344,0.1,3.9084991034143446
54,10,FEASIBILITY,39.17130885241102,0.1,3.9171308852411024
73,10,FEASIBILITY,61.1792732166891,0.1,6.11792732166891
110,10,FEASIBILITY,57.538163849503725,0.1,5.7538163849503725
98,10,FEASIBILITY,29.68007140156059,0.1,2.9680071401560593
39,10,FEASIBILITY,47.957379855489094,0.1,4.79573798554891
25,10,FEASIBILITY,54.97040311792236,0.1,5.497040311792237
60,10,FEASIBILITY,36.47230221239118,0.1,3.647230221239118
69,10,FEASIBILITY,60.13383665469864,0.1,6.013383665469864
116,10,FEASIBILITY,57.42638015231791,0.1,5.742638015231791
96,10,FEASIBILITY,71.78681218055324,0.1,7.178681218055324
71,10,FEASIBILITY,45.7325306079298,0.1,4.573253060792981
82,10,FEASIBILITY,35.41625991631867,0.1,3.5416259916318675
24,10,FEASIBILITY,65.71108167671683,0.1,6.571108167671683
94,10,FEASIBILITY,54.8239961696885,0.1,5.48239961696885
97,10,FEASIBILITY,29.719237556570285,0.1,2.971923755657029
109,10,FEASIBILITY,33.62726535275868,0.1,3.362726535275868
88,10,FEASIBILITY,49.89443242671785,0.1,4.989443242671785
57,10,FEASIBILITY,29.012784986154767,0.1,2.901278498615477
111,10,FEASIBILITY,56.74770160978803,0.1,5.674770160978803
119,10,FEASIBILITY,58.7833836858006,0.1,5.87833836858006
81,10,FEASIBILITY,57.269443303664005,0.1,5.7269443303664005
78,10,FEASIBILITY,25.565407854984898,0.1,2.55654078549849
79,10,FEASIBILITY,35.19049436228566,0.1,3.5190494362285665
103,10,FEASIBILITY,33.69710856208805,0.1,3.3697108562088047
62,10,FEASIBILITY,50.29345085856717,0.1,5.0293450858567175
114,10,FEASIBILITY,40.636382876637136,0.1,4.063638287663713
64,10,FEASIBILITY,46.04969829181118,0.1,4.604969829181118
70,10,FEASIBILITY,47.42637019025507,0.1,4.742637019025508
92,10,FEASIBILITY,34.96107049480956,0.1,3.4961070494809565
58,10,FEASIBILITY,47.60197411490121,0.1,4.760197411490121
113,10,FEASIBILITY,32.34135658898968,0.1,3.2341356588989685
115,10,FEASIBILITY,80.30625841184387,0.1,8.030625841184387
76,10,FEASIBILITY,16.63435447865882,0.1,1.6634354478658822
89,10,FEASIBILITY,42.29969768188897,0.1,4.229969768188897
91,10,FEASIBILITY,66.3,0.1,6.63
52,9,FEASIBILITY,74.72827985670894,0.25,18.682069964177234
51,9,FEASIBILITY,87.70854330244416,0.25,21.92713582561104
17,9,FEASIBILITY,88.0234572017582,0.25,22.00586430043955
18,9,FEASIBILITY,66.18293051359517,0.25,16.54573262839879
1,9,FEASIBILITY,71.1426197378961,0.25,17.785654934474024
6,9,FEASIBILITY,77.88515327345254,0.25,19.471288318363136
41,9,FEASIBILITY,80.75025628931456,0.25,20.18756407232864
3,9,FEASIBILITY,84.3985868102288,0.25,21.0996467025572
21,9,FEASIBILITY,78.12427441620278,0.25,19.531068604050695
13,9,FEASIBILITY,70.23145267206922,0.25,17.557863168017306
8,9,FEASIBILITY,64.51906535519836,0.25,16.12976633879959
46,9,FEASIBILITY,71.41597683108814,0.25,17.853994207772036
16,9,FEASIBILITY,63.663853569874725,0.25,15.915963392468681
15,9,FEASIBILITY,59.720197980750854,0.25,14.930049495187713
19,9,FEASIBILITY,54.16586021396071,0.25,13.541465053490178
55,9,FEASIBILITY,48.18893967056068,0.25,12.04723491764017
22,9,FEASIBILITY,57.808329707684614,0.25,14.452082426921153
85,9,FEASIBILITY,86.60169184290031,0.25,21.650422960725077
7,9,FEASIBILITY,61.3,0.25,15.325
12,9,FEASIBILITY,59.31684300195582,0.25,14.829210750488954
2,9,FEASIBILITY,63.33002850369816,0.25,15.83250712592454
43,9,FEASIBILITY,50.14611520210789,0.25,12.536528800526973
14,9,FEASIBILITY,62.06638982975038,0.25,15.516597457437594
42,9,FEASIBILITY,69.48091309421672,0.25,17.37022827355418
45,9,FEASIBILITY,64.53721399730821,0.25,16.134303499327054
4,9,FEASIBILITY,45.0845707977376,0.25,11.2711426994344
9,9,FEASIBILITY,58.66362728873311,0.25,14.665906822183278
5,9,FEASIBILITY,54.49763695803328,0.25,13.62440923950832
83,9,FEASIBILITY,57.56722054380665,0.25,14.391805135951662
11,9,FEASIBILITY,82.55434874539,0.25,20.6385871863475
10,9,FEASIBILITY,41.88091309421672,0.25,10.47022827355418
40,9,FEASIBILITY,48.79596142038685,0.25,12.198990355096713
101,9,FEASIBILITY,70.3343327247665,0.25,17.583583181191624
86,9,FEASIBILITY,77.37625206865285,0.25,19.34406301716321
75,9,FEASIBILITY,74.0730124871408,0.25,18.5182531217852
50,9,FEASIBILITY,36.704984894259816,0.25,9.176246223564954
34,9,FEASIBILITY,46.41876324039474,0.25,11.604690810098685
118,9,FEASIBILITY,56.66022880215343,0.25,14.165057200538358
104,9,FEASIBILITY,61.32761097534694,0.25,15.331902743836736
44,9,FEASIBILITY,26.36983060427027,0.25,6.592457651067567
120,9,FEASIBILITY,66.774946021884,0.25,16.693736505471
99,9,FEASIBILITY,63.813681368502806,0.25,15.953420342125701
31,9,FEASIBILITY,73.1184393716988,0.25,18.2796098429247
26,9,FEASIBILITY,79.71574018126888,0.25,19.92893504531722
20,9,FEASIBILITY,51.58392367026792,0.25,12.89598091756698
53,9,FEASIBILITY,76.64034119048684,0.25,19.16008529762171
68,9,FEASIBILITY,87.26315085816056,0.25,21.81578771454014
49,9,FEASIBILITY,38.74368710177162,0.25,9.685921775442905
102,9,FEASIBILITY,64.71128620396613,0.25,16.17782155099153
23,9,FEASIBILITY,95.5337164186994,0.25,23.88342910467485
84,9,FEASIBILITY,46.579811574697175,0.25,11.644952893674294
72,9,FEASIBILITY,56.27866837715963,0.25,14.069667094289908
33,9,FEASIBILITY,40.69383876909565,0.25,10.173459692273912
36,9,FEASIBILITY,62.30619335347432,0.25,15.57654833836858
56,9,FEASIBILITY,57.914263844217736,0.25,14.478565961054434
67,9,FEASIBILITY,82.3301874087658,0.25,20.58254685219145
90,9,FEASIBILITY,62.17076716016151,0.25,15.542691790040378
74,9,FEASIBILITY,76.18584118438761,0.25,19.046460296096903
38,9,FEASIBILITY,62.91393001345895,0.25,15.728482503364738
30,9,FEASIBILITY,62.919702520605206,0.25,15.729925630151302
105,9,FEASIBILITY,68.31315236263535,0.25,17.078288090658837
93,9,FEASIBILITY,81.76039888912834,0.25,20.440099722282085
29,9,FEASIBILITY,50.202675322140585,0.25,12.550668830535146
117,9,FEASIBILITY,38.22589526415731,0.25,9.556473816039327
47,9,FEASIBILITY,30.15251369275372,0.25,7.53812842318843
80,9,FEASIBILITY,43.26246172738104,0.25,10.81561543184526
28,9,FEASIBILITY,59.52161218705908,0.25,14.88040304676477
59,9,FEASIBILITY,45.860714300236246,0.25,11.465178575059062
48,9,FEASIBILITY,14.781117824773414,0.25,3.6952794561933535
27,9,FEASIBILITY,69.68631822488238,0.25,17.421579556220596
37,9,FEASIBILITY,50.82231278437623,0.25,12.705578196094057
32,9,FEASIBILITY,37.10377643504532,0.25,9.27594410876133
61,9,FEASIBILITY,64.45335388093505,0.25,16.113338470233764
65,9,FEASIBILITY,71.3309315138676,0.25,17.8327328784669
63,9,FEASIBILITY,56.5958354511188,0.25,14.1489588627797
87,9,FEASIBILITY,60.6528263795424,0.25,15.1632065948856
100,9,FEASIBILITY,24.397549942464003,0.25,6.099387485616001
66,9,FEASIBILITY,59.78494602188401,0.25,14.946236505471003
95,9,FEASIBILITY,42.58015658736323,0.25,10.645039146840807
116,9,FEASIBILITY,57.42638015231791,0.25,14.356595038079478
73,9,FEASIBILITY,61.1792732166891,0.25,15.294818304172274
96,9,FEASIBILITY,71.78681218055324,0.25,17.94670304513831
112,9,FEASIBILITY,59.56939979587936,0.25,14.89234994896984
107,9,FEASIBILITY,48.21477170611508,0.25,12.05369292652877
35,9,FEASIBILITY,39.08499103414344,0.25,9.77124775853586
82,9,FEASIBILITY,35.41625991631867,0.25,8.854064979079668
39,9,FEASIBILITY,47.957379855489094,0.25,11.989344963872274
110,9,FEASIBILITY,57.538163849503725,0.25,14.384540962375931
119,9,FEASIBILITY,58.7833836858006,0.25,14.69584592145015
54,9,FEASIBILITY,39.17130885241102,0.25,9.792827213102756
108,9,FEASIBILITY,34.607531522813126,0.25,8.651882880703281
77,9,FEASIBILITY,43.4671768327146,0.25,10.86679420817865
24,9,FEASIBILITY,65.71108167671683,0.25,16.427770419179208
111,9,FEASIBILITY,56.74770160978803,0.25,14.186925402447008
69,9,FEASIBILITY,60.13383665469864,0.25,15.03345916367466
109,9,FEASIBILITY,33.62726535275868,0.25,8.40681633818967
94,9,FEASIBILITY,54.8239961696885,0.25,13.705999042422125
25,9,FEASIBILITY,54.97040311792236,0.25,13.74260077948059
60,9,FEASIBILITY,36.47230221239118,0.25,9.118075553097794
81,9,FEASIBILITY,57.269443303664005,0.25,14.317360825916001
97,9,FEASIBILITY,29.719237556570285,0.25,7.429809389142571
106,9,FEASIBILITY,37.68002728385373,0.25,9.420006820963433
70,9,FEASIBILITY,47.42637019025507,0.25,11.856592547563768
115,9,FEASIBILITY,80.30625841184387,0.25,20.076564602960968
79,9,FEASIBILITY,35.19049436228566,0.25,8.797623590571416
114,9,FEASIBILITY,40.636382876637136,0.25,10.159095719159284
98,9,FEASIBILITY,29.68007140156059,0.25,7.420017850390147
103,9,FEASIBILITY,33.69710856208805,0.25,8.424277140522012
71,9,FEASIBILITY,45.7325306079298,0.25,11.43313265198245
62,9,FEASIBILITY,50.29345085856717,0.25,12.573362714641792
88,9,FEASIBILITY,49.89443242671785,0.25,12.473608106679462
78,9,FEASIBILITY,25.565407854984898,0.25,6.391351963746224
64,9,FEASIBILITY,46.04969829181118,0.25,11.512424572952796
57,9,FEASIBILITY,29.012784986154767,0.25,7.253196246538692
58,9,FEASIBILITY,47.60197411490121,0.25,11.900493528725303
92,9,FEASIBILITY,34.96107049480956,0.25,8.74026762370239
91,9,FEASIBILITY,66.3,0.25,16.575
113,9,FEASIBILITY,32.34135658898968,0.25,8.08533914724742
76,9,FEASIBILITY,16.63435447865882,0.25,4.158588619664705
89,9,FEASIBILITY,42.29969768188897,0.25,10.574924420472243
52,11,FEASIBILITY,74.72827985670894,0.15,11.20924197850634
18,11,FEASIBILITY,66.18293051359517,0.15,9.927439577039275
17,11,FEASIBILITY,88.0234572017582,0.15,13.203518580263731
1,11,FEASIBILITY,71.1426197378961,0.15,10.671392960684415
6,11,FEASIBILITY,77.88515327345254,0.15,11.682772991017881
51,11,FEASIBILITY,87.70854330244416,0.15,13.156281495366622
3,11,FEASIBILITY,84.3985868102288,0.15,12.65978802153432
13,11,FEASIBILITY,70.23145267206922,0.15,10.534717900810383
41,11,FEASIBILITY,80.75025628931456,0.15,12.112538443397185
16,11,FEASIBILITY,63.663853569874725,0.15,9.549578035481208
55,11,FEASIBILITY,48.18893967056068,0.15,7.228340950584101
15,11,FEASIBILITY,59.720197980750854,0.15,8.958029697112627
8,11,FEASIBILITY,64.51906535519836,0.15,9.677859803279754
19,11,FEASIBILITY,54.16586021396071,0.15,8.124879032094107
21,11,FEASIBILITY,78.12427441620278,0.15,11.718641162430417
46,11,FEASIBILITY,71.41597683108814,0.15,10.712396524663221
22,11,FEASIBILITY,57.808329707684614,0.15,8.671249456152692
2,11,FEASIBILITY,63.33002850369816,0.15,9.499504275554724
14,11,FEASIBILITY,62.06638982975038,0.15,9.309958474462556
7,11,FEASIBILITY,61.3,0.15,9.194999999999999
12,11,FEASIBILITY,59.31684300195582,0.15,8.897526450293372
43,11,FEASIBILITY,50.14611520210789,0.15,7.521917280316184
45,11,FEASIBILITY,64.53721399730821,0.15,9.680582099596231
4,11,FEASIBILITY,45.0845707977376,0.15,6.7626856196606395
10,11,FEASIBILITY,41.88091309421672,0.15,6.282136964132508
42,11,FEASIBILITY,69.48091309421672,0.15,10.422136964132507
11,11,FEASIBILITY,82.55434874539,0.15,12.3831523118085
5,11,FEASIBILITY,54.49763695803328,0.15,8.174645543704992
9,11,FEASIBILITY,58.66362728873311,0.15,8.799544093309967
85,11,FEASIBILITY,86.60169184290031,0.15,12.990253776435045
83,11,FEASIBILITY,57.56722054380665,0.15,8.635083081570997
50,11,FEASIBILITY,36.704984894259816,0.15,5.505747734138972
44,11,FEASIBILITY,26.36983060427027,0.15,3.95547459064054
40,11,FEASIBILITY,48.79596142038685,0.15,7.319394213058027
118,11,FEASIBILITY,56.66022880215343,0.15,8.499034320323014
104,11,FEASIBILITY,61.32761097534694,0.15,9.19914164630204
34,11,FEASIBILITY,46.41876324039474,0.15,6.9628144860592105
20,11,FEASIBILITY,51.58392367026792,0.15,7.737588550540188
75,11,FEASIBILITY,74.0730124871408,0.15,11.11095187307112
49,11,FEASIBILITY,38.74368710177162,0.15,5.811553065265743
53,11,FEASIBILITY,76.64034119048684,0.15,11.496051178573024
86,11,FEASIBILITY,77.37625206865285,0.15,11.606437810297926
84,11,FEASIBILITY,46.579811574697175,0.15,6.986971736204576
72,11,FEASIBILITY,56.27866837715963,0.15,8.441800256573945
31,11,FEASIBILITY,73.1184393716988,0.15,10.967765905754819
101,11,FEASIBILITY,70.3343327247665,0.15,10.550149908714975
99,11,FEASIBILITY,63.813681368502806,0.15,9.572052205275421
56,11,FEASIBILITY,57.914263844217736,0.15,8.68713957663266
120,11,FEASIBILITY,66.774946021884,0.15,10.0162419032826
33,11,FEASIBILITY,40.69383876909565,0.15,6.1040758153643475
47,11,FEASIBILITY,30.15251369275372,0.15,4.522877053913057
48,11,FEASIBILITY,14.781117824773414,0.15,2.217167673716012
36,11,FEASIBILITY,62.30619335347432,0.15,9.345929003021148
102,11,FEASIBILITY,64.71128620396613,0.15,9.706692930594919
74,11,FEASIBILITY,76.18584118438761,0.15,11.427876177658142
30,11,FEASIBILITY,62.919702520605206,0.15,9.43795537809078
32,11,FEASIBILITY,37.10377643504532,0.15,5.565566465256798
80,11,FEASIBILITY,43.26246172738104,0.15,6.489369259107155
68,11,FEASIBILITY,87.26315085816056,0.15,13.089472628724083
26,11,FEASIBILITY,79.71574018126888,0.15,11.957361027190332
29,11,FEASIBILITY,50.202675322140585,0.15,7.530401298321087
117,11,FEASIBILITY,38.22589526415731,0.15,5.733884289623596
38,11,FEASIBILITY,62.91393001345895,0.15,9.437089502018843
100,11,FEASIBILITY,24.397549942464003,0.15,3.6596324913696003
95,11,FEASIBILITY,42.58015658736323,0.15,6.387023488104484
90,11,FEASIBILITY,62.17076716016151,0.15,9.325615074024226
37,11,FEASIBILITY,50.82231278437623,0.15,7.623346917656434
54,11,FEASIBILITY,39.17130885241102,0.15,5.875696327861653
61,11,FEASIBILITY,64.45335388093505,0.15,9.668003082140258
27,11,FEASIBILITY,69.68631822488238,0.15,10.452947733732357
23,11,FEASIBILITY,95.5337164186994,0.15,14.330057462804909
105,11,FEASIBILITY,68.31315236263535,0.15,10.246972854395302
112,11,FEASIBILITY,59.56939979587936,0.15,8.935409969381904
67,11,FEASIBILITY,82.3301874087658,0.15,12.34952811131487
59,11,FEASIBILITY,45.860714300236246,0.15,6.879107145035436
93,11,FEASIBILITY,81.76039888912834,0.15,12.26405983336925
73,11,FEASIBILITY,61.1792732166891,0.15,9.176890982503364
63,11,FEASIBILITY,56.5958354511188,0.15,8.48937531766782
77,11,FEASIBILITY,43.4671768327146,0.15,6.52007652490719
66,11,FEASIBILITY,59.78494602188401,0.15,8.967741903282601
108,11,FEASIBILITY,34.607531522813126,0.15,5.191129728421969
82,11,FEASIBILITY,35.41625991631867,0.15,5.312438987447801
28,11,FEASIBILITY,59.52161218705908,0.15,8.92824182805886
110,11,FEASIBILITY,57.538163849503725,0.15,8.630724577425559
96,11,FEASIBILITY,71.78681218055324,0.15,10.768021827082986
116,11,FEASIBILITY,57.42638015231791,0.15,8.613957022847686
60,11,FEASIBILITY,36.47230221239118,0.15,5.470845331858676
107,11,FEASIBILITY,48.21477170611508,0.15,7.232215755917261
111,11,FEASIBILITY,56.74770160978803,0.15,8.512155241468204
65,11,FEASIBILITY,71.3309315138676,0.15,10.69963972708014
87,11,FEASIBILITY,60.6528263795424,0.15,9.097923956931359
109,11,FEASIBILITY,33.62726535275868,0.15,5.044089802913802
39,11,FEASIBILITY,47.957379855489094,0.15,7.193606978323364
81,11,FEASIBILITY,57.269443303664005,0.15,8.5904164955496
119,11,FEASIBILITY,58.7833836858006,0.15,8.81750755287009
94,11,FEASIBILITY,54.8239961696885,0.15,8.223599425453274
70,11,FEASIBILITY,47.42637019025507,0.15,7.11395552853826
97,11,FEASIBILITY,29.719237556570285,0.15,4.457885633485542
35,11,FEASIBILITY,39.08499103414344,0.15,5.862748655121516
79,11,FEASIBILITY,35.19049436228566,0.15,5.2785741543428495
114,11,FEASIBILITY,40.636382876637136,0.15,6.0954574314955705
78,11,FEASIBILITY,25.565407854984898,0.15,3.8348111782477345
25,11,FEASIBILITY,54.97040311792236,0.15,8.245560467688353
106,11,FEASIBILITY,37.68002728385373,0.15,5.65200409257806
69,11,FEASIBILITY,60.13383665469864,0.15,9.020075498204795
71,11,FEASIBILITY,45.7325306079298,0.15,6.85987959118947
115,11,FEASIBILITY,80.30625841184387,0.15,12.045938761776581
62,11,FEASIBILITY,50.29345085856717,0.15,7.544017628785075
57,11,FEASIBILITY,29.012784986154767,0.15,4.351917747923215
24,11,FEASIBILITY,65.71108167671683,0.15,9.856662251507524
98,11,FEASIBILITY,29.68007140156059,0.15,4.452010710234088
113,11,FEASIBILITY,32.34135658898968,0.15,4.851203488348452
64,11,FEASIBILITY,46.04969829181118,0.15,6.907454743771678
103,11,FEASIBILITY,33.69710856208805,0.15,5.054566284313207
76,11,FEASIBILITY,16.63435447865882,0.15,2.495153171798823
58,11,FEASIBILITY,47.60197411490121,0.15,7.140296117235182
92,11,FEASIBILITY,34.96107049480956,0.15,5.244160574221434
88,11,FEASIBILITY,49.89443242671785,0.15,7.484164864007677
91,11,FEASIBILITY,66.3,0.15,9.944999999999999
89,11,FEASIBILITY,42.29969768188897,0.15,6.344954652283346
52,8,FEASIBILITY,74.72827985670894,0.2,14.945655971341788
51,8,FEASIBILITY,87.70854330244416,0.2,17.541708660488833
18,8,FEASIBILITY,66.18293051359517,0.2,13.236586102719034
17,8,FEASIBILITY,88.0234572017582,0.2,17.60469144035164
1,8,FEASIBILITY,71.1426197378961,0.2,14.22852394757922
41,8,FEASIBILITY,80.75025628931456,0.2,16.150051257862913
6,8,FEASIBILITY,77.88515327345254,0.2,15.57703065469051
3,8,FEASIBILITY,84.3985868102288,0.2,16.879717362045763
46,8,FEASIBILITY,71.41597683108814,0.2,14.28319536621763
13,8,FEASIBILITY,70.23145267206922,0.2,14.046290534413846
16,8,FEASIBILITY,63.663853569874725,0.2,12.732770713974945
85,8,FEASIBILITY,86.60169184290031,0.2,17.320338368580064
8,8,FEASIBILITY,64.51906535519836,0.2,12.903813071039673
55,8,FEASIBILITY,48.18893967056068,0.2,9.637787934112136
21,8,FEASIBILITY,78.12427441620278,0.2,15.624854883240557
15,8,FEASIBILITY,59.720197980750854,0.2,11.944039596150171
22,8,FEASIBILITY,57.808329707684614,0.2,11.561665941536923
19,8,FEASIBILITY,54.16586021396071,0.2,10.833172042792143
43,8,FEASIBILITY,50.14611520210789,0.2,10.029223040421579
12,8,FEASIBILITY,59.31684300195582,0.2,11.863368600391164
14,8,FEASIBILITY,62.06638982975038,0.2,12.413277965950076
2,8,FEASIBILITY,63.33002850369816,0.2,12.666005700739632
7,8,FEASIBILITY,61.3,0.2,12.26
45,8,FEASIBILITY,64.53721399730821,0.2,12.907442799461643
42,8,FEASIBILITY,69.48091309421672,0.2,13.896182618843344
83,8,FEASIBILITY,57.56722054380665,0.2,11.51344410876133
10,8,FEASIBILITY,41.88091309421672,0.2,8.376182618843345
40,8,FEASIBILITY,48.79596142038685,0.2,9.759192284077372
4,8,FEASIBILITY,45.0845707977376,0.2,9.01691415954752
34,8,FEASIBILITY,46.41876324039474,0.2,9.283752648078949
101,8,FEASIBILITY,70.3343327247665,0.2,14.0668665449533
11,8,FEASIBILITY,82.55434874539,0.2,16.510869749078
9,8,FEASIBILITY,58.66362728873311,0.2,11.732725457746623
75,8,FEASIBILITY,74.0730124871408,0.2,14.814602497428162
86,8,FEASIBILITY,77.37625206865285,0.2,15.47525041373057
50,8,FEASIBILITY,36.704984894259816,0.2,7.340996978851964
5,8,FEASIBILITY,54.49763695803328,0.2,10.899527391606657
118,8,FEASIBILITY,56.66022880215343,0.2,11.332045760430688
84,8,FEASIBILITY,46.579811574697175,0.2,9.315962314939435
120,8,FEASIBILITY,66.774946021884,0.2,13.354989204376801
53,8,FEASIBILITY,76.64034119048684,0.2,15.328068238097368
44,8,FEASIBILITY,26.36983060427027,0.2,5.2739661208540545
33,8,FEASIBILITY,40.69383876909565,0.2,8.13876775381913
99,8,FEASIBILITY,63.813681368502806,0.2,12.762736273700561
104,8,FEASIBILITY,61.32761097534694,0.2,12.265522195069389
102,8,FEASIBILITY,64.71128620396613,0.2,12.942257240793225
31,8,FEASIBILITY,73.1184393716988,0.2,14.62368787433976
72,8,FEASIBILITY,56.27866837715963,0.2,11.255733675431927
26,8,FEASIBILITY,79.71574018126888,0.2,15.943148036253778
49,8,FEASIBILITY,38.74368710177162,0.2,7.748737420354324
56,8,FEASIBILITY,57.914263844217736,0.2,11.582852768843548
20,8,FEASIBILITY,51.58392367026792,0.2,10.316784734053584
117,8,FEASIBILITY,38.22589526415731,0.2,7.6451790528314625
68,8,FEASIBILITY,87.26315085816056,0.2,17.452630171632112
23,8,FEASIBILITY,95.5337164186994,0.2,19.10674328373988
36,8,FEASIBILITY,62.30619335347432,0.2,12.461238670694865
74,8,FEASIBILITY,76.18584118438761,0.2,15.237168236877523
59,8,FEASIBILITY,45.860714300236246,0.2,9.17214286004725
38,8,FEASIBILITY,62.91393001345895,0.2,12.58278600269179
90,8,FEASIBILITY,62.17076716016151,0.2,12.434153432032303
30,8,FEASIBILITY,62.919702520605206,0.2,12.583940504121042
47,8,FEASIBILITY,30.15251369275372,0.2,6.030502738550744
105,8,FEASIBILITY,68.31315236263535,0.2,13.66263047252707
80,8,FEASIBILITY,43.26246172738104,0.2,8.652492345476208
100,8,FEASIBILITY,24.397549942464003,0.2,4.879509988492801
93,8,FEASIBILITY,81.76039888912834,0.2,16.35207977782567
29,8,FEASIBILITY,50.202675322140585,0.2,10.040535064428118
67,8,FEASIBILITY,82.3301874087658,0.2,16.46603748175316
61,8,FEASIBILITY,64.45335388093505,0.2,12.890670776187012
116,8,FEASIBILITY,57.42638015231791,0.2,11.485276030463583
37,8,FEASIBILITY,50.82231278437623,0.2,10.164462556875247
95,8,FEASIBILITY,42.58015658736323,0.2,8.516031317472645
32,8,FEASIBILITY,37.10377643504532,0.2,7.420755287009064
82,8,FEASIBILITY,35.41625991631867,0.2,7.083251983263735
28,8,FEASIBILITY,59.52161218705908,0.2,11.904322437411816
35,8,FEASIBILITY,39.08499103414344,0.2,7.816998206828689
48,8,FEASIBILITY,14.781117824773414,0.2,2.956223564954683
27,8,FEASIBILITY,69.68631822488238,0.2,13.937263644976477
107,8,FEASIBILITY,48.21477170611508,0.2,9.642954341223017
54,8,FEASIBILITY,39.17130885241102,0.2,7.834261770482205
108,8,FEASIBILITY,34.607531522813126,0.2,6.921506304562626
87,8,FEASIBILITY,60.6528263795424,0.2,12.13056527590848
66,8,FEASIBILITY,59.78494602188401,0.2,11.956989204376804
119,8,FEASIBILITY,58.7833836858006,0.2,11.75667673716012
63,8,FEASIBILITY,56.5958354511188,0.2,11.319167090223761
110,8,FEASIBILITY,57.538163849503725,0.2,11.507632769900745
96,8,FEASIBILITY,71.78681218055324,0.2,14.357362436110648
65,8,FEASIBILITY,71.3309315138676,0.2,14.26618630277352
73,8,FEASIBILITY,61.1792732166891,0.2,12.23585464333782
109,8,FEASIBILITY,33.62726535275868,0.2,6.725453070551736
112,8,FEASIBILITY,59.56939979587936,0.2,11.913879959175873
39,8,FEASIBILITY,47.957379855489094,0.2,9.59147597109782
77,8,FEASIBILITY,43.4671768327146,0.2,8.69343536654292
94,8,FEASIBILITY,54.8239961696885,0.2,10.9647992339377
60,8,FEASIBILITY,36.47230221239118,0.2,7.294460442478236
79,8,FEASIBILITY,35.19049436228566,0.2,7.038098872457133
97,8,FEASIBILITY,29.719237556570285,0.2,5.943847511314058
70,8,FEASIBILITY,47.42637019025507,0.2,9.485274038051015
106,8,FEASIBILITY,37.68002728385373,0.2,7.536005456770747
81,8,FEASIBILITY,57.269443303664005,0.2,11.453888660732801
103,8,FEASIBILITY,33.69710856208805,0.2,6.7394217124176095
111,8,FEASIBILITY,56.74770160978803,0.2,11.349540321957607
24,8,FEASIBILITY,65.71108167671683,0.2,13.142216335343367
69,8,FEASIBILITY,60.13383665469864,0.2,12.026767330939728
25,8,FEASIBILITY,54.97040311792236,0.2,10.994080623584473
114,8,FEASIBILITY,40.636382876637136,0.2,8.127276575327427
98,8,FEASIBILITY,29.68007140156059,0.2,5.9360142803121185
115,8,FEASIBILITY,80.30625841184387,0.2,16.061251682368773
78,8,FEASIBILITY,25.565407854984898,0.2,5.11308157099698
71,8,FEASIBILITY,45.7325306079298,0.2,9.146506121585961
57,8,FEASIBILITY,29.012784986154767,0.2,5.802556997230954
58,8,FEASIBILITY,47.60197411490121,0.2,9.520394822980242
62,8,FEASIBILITY,50.29345085856717,0.2,10.058690171713435
92,8,FEASIBILITY,34.96107049480956,0.2,6.992214098961913
88,8,FEASIBILITY,49.89443242671785,0.2,9.97888648534357
64,8,FEASIBILITY,46.04969829181118,0.2,9.209939658362236
113,8,FEASIBILITY,32.34135658898968,0.2,6.468271317797937
76,8,FEASIBILITY,16.63435447865882,0.2,3.3268708957317643
91,8,FEASIBILITY,66.3,0.2,13.26
89,8,FEASIBILITY,42.29969768188897,0.2,8.459939536377794
