scenario_id,parking_id,lot_name,locality_name,demand_score,revenue_score,competition_score,strategic_fit_score,feasibility_score,attractiveness_score,acquisition_score,expected_monthly_platform_revenue_inr,adjusted_onboarding_cost_inr,segment_code,rank_overall,base_rank,rank_change_vs_base,score_change_vs_base
1,52,MCD Parking,Lajpat Nagar,81.91400215185098,86.48257295479064,56.62981459994283,82.66676549587018,74.72827985670894,78.92862458661754,78.29857287713125,181556.3856748798,82000.0,ACQUIRE_NOW,1,1,0,0.0
1,18,OSM Parking node-786590777,Nehru Place,83.90716413798003,100.0,34.07190525391261,74.58768499336001,66.18293051359517,78.201279739394,76.39852735552418,316883.7957659745,126500.0,ACQUIRE_NOW,2,2,0,0.0
1,1,OSM Parking node-928559154,Connaught Place,87.6022292064125,100.0,28.01778309409893,62.87070786512365,71.1426197378961,76.36934400683192,75.58533536649155,234519.90329243283,91500.0,ACQUIRE_NOW,3,3,0,0.0
1,17,OSM Parking way-1265773838,Nehru Place,76.44915879637628,87.58029690123006,32.27897596098332,72.30151038624352,88.0234572017582,71.19634684271108,73.72041339656815,139122.93178494094,67500.0,ACQUIRE_NOW,4,4,0,0.0
1,6,OSM Parking node-928558934,Connaught Place,83.67415560065014,100.0,17.59272727272732,61.80513866298516,77.88515327345254,72.95520773006106,73.69469956156979,433614.4575657261,74500.0,ACQUIRE_NOW,5,5,0,0.0
1,51,OSM Parking way-1384231629,Lajpat Nagar,81.4210944538978,45.81112619712815,88.87147265290734,70.93730452378318,87.70854330244416,70.41226642582936,73.00670795732158,25313.81410698316,83000.0,ACQUIRE_NOW,6,6,0,0.0
1,41,OSM Parking way-1386106209,Karol Bagh,67.39266635560617,91.21914592782628,51.497771538194435,54.36605991934002,80.75025628931456,69.29666012619833,71.01469955066577,220387.98157561605,134000.0,ACQUIRE_NOW,7,7,0,0.0
1,3,Palika Parking,Connaught Place,78.02095273354942,83.38445672630186,24.088405797101448,62.8740276089353,84.3985868102288,67.40795883828919,69.95655303408013,86502.49574398641,42500.0,ACQUIRE_NOW,8,8,0,0.0
1,8,OSM Parking node-5634145022,Connaught Place,74.9933366812722,91.63909450855954,25.96424242424247,62.020112208047934,64.51906535519836,68.94756214866483,68.28328762964486,137873.33212430988,56500.0,ACQUIRE_NOW,9,9,0,0.0
1,13,OSM Parking way-1298783157,Nehru Place,68.80186296150517,91.4900410356602,21.37887495088231,68.57702341312249,70.23145267206922,67.06641635525567,67.5411718027777,285442.06833523687,92000.0,ACQUIRE_NOW,10,10,0,0.0
1,16,OSM Parking way-1265773840,Nehru Place,73.36267224708465,80.57166224945628,30.06455928808151,71.72260840059158,63.663853569874725,67.55269692916521,66.96937042527163,124440.42510630476,131000.0,ACQUIRE_NOW,11,11,0,0.0
1,21,OSM Parking way-1426212235,Nehru Place,67.34304679112077,90.50425450611614,26.41112439882522,56.14644313165036,78.12427441620278,64.95601505110189,66.93125395586702,264785.1162113236,124500.0,ACQUIRE_NOW,12,12,0,0.0
1,15,Eros,Nehru Place,70.82627236247953,85.8083951709644,28.955238587245947,71.01710969630943,59.720197980750854,67.87745028708031,66.65386244113088,193956.29220412657,116000.0,ACQUIRE_NOW,13,13,0,0.0
1,19,Metro Station Parking,Nehru Place,71.57963704087973,83.83689945480735,32.25334662104744,72.34747552739961,54.16586021396071,68.38028152733273,66.24811833032692,125634.70087570108,112000.0,PURSUE,14,14,0,0.0
1,55,OSM Parking way-1270655678,Lajpat Nagar,81.4428900553814,60.93600304732823,50.42611089623913,77.96635650337944,48.18893967056068,69.32439751575207,66.15407883897336,66077.76045629973,146500.0,PURSUE,15,15,0,0.0
1,46,OSM Parking way-80414532,Karol Bagh,73.34336231043629,66.05070904288549,53.509676300099194,56.80454263565519,71.41597683108814,64.77978681672401,65.77521531887864,85451.00422336349,148000.0,ACQUIRE_NOW,16,16,0,0.0
1,22,Lotus Temple Parking,Nehru Place,61.85590767747229,89.44524978451253,46.48204131829587,59.48366683043432,57.808329707684614,66.83875408432864,65.48419042783203,202491.21459961584,78000.0,ACQUIRE_NOW,17,17,0,0.0
1,7,OSM Parking way-1237304338,Connaught Place,74.62298693517744,81.78076318837473,21.799076479076525,55.14158020008884,61.3,63.96845338767262,63.56818537952172,79012.65418334173,33000.0,ACQUIRE_NOW,18,18,0,0.0
1,43,OSM Parking way-1386957470,Karol Bagh,70.59934188555627,62.728659918897634,57.869676300099194,61.46122511876633,50.14611520210789,64.4254150096719,62.28352003853729,67391.79808474384,91000.0,PURSUE,19,19,0,0.0
1,12,OSM Parking way-454517227,Nehru Place,77.92370930311955,61.60895283653291,34.84624091824828,62.26608887182572,59.31684300195582,62.760235845388465,62.24372691887356,53571.65638602931,65000.0,ACQUIRE_NOW,20,20,0,0.0
1,2,OSM Parking node-928559077,Connaught Place,62.22919402828535,82.43731184478648,19.733908660910732,67.05174913398554,63.33002850369816,61.5246292222549,61.79543911447139,173865.47424258152,108000.0,ACQUIRE_NOW,21,21,0,0.0
1,4,OSM Parking way-1306327527,Connaught Place,72.22443068411252,84.90680011836301,20.29421678416003,58.59294983570482,45.0845707977376,64.3848285032991,61.48978984746488,94507.31471581737,77500.0,PURSUE,22,22,0,0.0
1,14,OSM Parking way-1265773839,Nehru Place,63.79760397381464,69.98611035273552,30.027522251044473,69.65785804330568,62.06638982975038,60.69248920527153,60.89857429894335,95893.56018260412,137000.0,ACQUIRE_NOW,23,23,0,0.0
1,45,OSM Parking way-80414548,Karol Bagh,51.322172403868464,84.76070857102447,29.42910349792475,64.50439793426938,64.53721399730821,59.619828327936204,60.357436178342,251315.65026736568,230500.0,ACQUIRE_NOW,24,24,0,0.0
1,42,OSM Parking way-1386957479,Karol Bagh,70.11332988616556,46.80802908175695,47.869676300099194,58.59877760163739,69.48091309421672,57.30149920182281,59.12841128568189,29554.42335537625,57000.0,ACQUIRE_NOW,25,25,0,0.0
1,9,OSM Parking node-928559229,Connaught Place,75.13225479354617,61.00457499218652,20.82945249597423,55.903605412831226,58.66362728873311,58.000916320507415,58.10032296574127,52002.78517351368,93000.0,ACQUIRE_NOW,26,26,0,0.0
1,85,OSM Parking way-1435149349,Golf Course Road,35.051889157763185,45.878214929819826,92.59394223043812,59.09654564699649,86.60169184290031,52.63375724870484,57.72894743783416,29519.002410028148,58500.0,ACQUIRE_NOW,27,27,0,0.0
1,5,OSM Parking way-1306327526,Connaught Place,80.16765723811618,54.5801607485699,18.270407260350503,59.19932571793815,54.49763695803328,58.018585065083094,57.49044284902562,39515.1258743894,61500.0,PURSUE,28,28,0,0.0
1,10,Gurudwara Bangla Sahib Parking Gate No 2,Connaught Place,62.56865235869486,37.22577344025786,56.58687472255453,86.01751018313519,41.88091309421672,58.19729035708986,55.749833767658885,19787.028072433874,57000.0,PURSUE,29,29,0,0.0
1,83,OSM Parking way-1433732982,Golf Course Road,30.51963874667961,70.57725284506041,66.60394223043812,64.71322370954908,57.56722054380665,54.703270266196554,55.132862807838066,94153.25677622668,140000.0,ACQUIRE_NOW,30,30,0,0.0
1,44,OSM Parking way-1386957481,Karol Bagh,58.62939942242583,60.52672423538395,53.9996763000992,59.4541155925863,26.36983060427027,58.51596431703125,53.6940442601171,44053.97741394524,112000.0,PURSUE,31,31,0,0.0
1,40,Shamshan Ghat Parking,Rajouri Garden,38.85182823582255,51.672932538521366,86.17665783809252,58.1645738301028,48.79596142038685,54.38231335953695,53.54436056866443,47071.42713214486,92000.0,PURSUE,32,32,0,0.0
1,50,OSM Parking way-1289814788,Karol Bagh,65.44111873863201,31.380554320735317,61.1833800038029,72.5098689419321,36.704984894259816,55.91936652192198,53.037209277772654,12970.836761895762,98000.0,PURSUE,33,33,0,0.0
1,11,Parliament Visitor Parking,Connaught Place,38.15855652609858,47.26435183808807,18.48591511936339,87.63531890117801,82.55434874539,46.096282376979765,51.5649923322413,34230.64299751469,50500.0,DEVELOP,34,34,0,0.0
1,34,OSM Parking way-1305711567,Dwarka Sector 21,34.57087286074559,37.47085482499262,95.5,65.02928814724912,46.41876324039474,51.55102210183435,50.78118327261841,23663.969130316385,104500.0,PURSUE,35,35,0,0.0
1,118,Sector -12 Court Parking,Faridabad Sector 15,28.84687932542555,60.61207983923609,54.59289555920646,65.67874523688232,56.66022880215343,49.23274103158823,50.34686419717301,78078.56994045262,179500.0,PURSUE,36,36,0,0.0
1,49,OSM Parking way-463710736,Karol Bagh,78.16209407470151,21.53582895809929,51.25189852232142,53.20511886631607,38.74368710177162,52.354280082624584,50.312691135496635,9808.514630353162,99000.0,PURSUE,37,37,0,0.0
1,101,OSM Parking way-71656926,Noida Sector 62,23.11180041973354,51.18961356725912,81.11581424157968,48.79475862921605,70.3343327247665,46.13826993924024,49.76767935706917,49849.64943429537,142500.0,DEVELOP,38,38,0,0.0
1,20,OSM Parking way-454514534,Nehru Place,61.60374118078423,44.219467994149035,21.966679954380776,59.67927532757821,51.58392367026792,49.156332523607496,49.52047119560656,26518.41957855657,46000.0,PURSUE,39,39,0,0.0
1,104,OSM Parking node-7151184473,Noida Sector 62,36.64172294836256,47.92065845134002,46.06222736081141,66.03043054699755,61.32761097534694,46.80774139237072,48.98572182981715,42658.704539493345,143500.0,ACQUIRE_NOW,40,40,0,0.0
1,86,OSM Parking way-144272815,Golf Course Road,29.796456478329706,36.185121107142926,67.01516435966221,56.97370669422071,77.37625206865285,43.03946809219656,48.18998568866501,17176.436010730722,46000.0,DEVELOP,41,41,0,0.0
1,75,OSM Parking way-1217765675,Sector 29 Gurugram,10.191878853787792,60.51412575359576,58.558169127100655,66.2158075442423,74.0730124871408,43.414343053219675,48.013143468307845,79142.91452312631,161500.0,DEVELOP,42,42,0,0.0
1,99,OSM Parking way-1514695589,Noida Sector 18,29.114297667594037,43.46065704622947,67.10219555232379,54.79792345565807,63.813681368502806,44.56996636827396,47.45652361830828,32083.56932597485,100000.0,DEVELOP,43,43,0,0.0
1,120,OSM Parking way-153527300,Faridabad Sector 15,16.83775923998316,48.19174275285552,73.7962288925398,57.64979150241513,66.774946021884,43.31313708170832,46.832408422734666,34977.59549798011,86000.0,DEVELOP,44,44,0,0.0
1,84,OSM Parking way-1313204367,Golf Course Road,9.921633146519287,53.2367944889881,85.92727556377146,70.42120685564808,46.579811574697175,46.75054226954793,46.72493266532031,59277.14115638957,270000.0,PURSUE,45,45,0,0.0
1,72,OSM Parking way-224348146,Sector 29 Gurugram,27.191762276720752,55.36118926596424,46.005410513289206,61.89807964112135,56.27866837715963,44.92158767372808,46.6251497792428,57931.74125314318,141000.0,AVOID,46,46,0,0.0
1,102,OSM Parking way-71656927,Noida Sector 62,26.656075744264648,45.40754733531048,73.15661984849525,40.817474870605984,64.71128620396613,42.87626325290847,46.15151669556712,29273.710603584168,60000.0,DEVELOP,47,47,0,0.0
1,31,DLF South Court Parking,Saket,28.146348386171013,43.36054241439907,43.58566722930849,61.32608847391759,73.1184393716988,41.2009452646294,45.9885693806898,34048.13523179583,80000.0,DEVELOP,48,48,0,0.0
1,26,OSM Parking way-633000310,Saket,24.423494121859584,52.693506829129014,54.72912150805304,31.851923713947265,79.71574018126888,39.39715497310609,45.444942754330505,53621.93362651155,143500.0,DEVELOP,49,49,0,0.0
1,33,OSM Parking way-1534261317,Dwarka Sector 21,21.33977291629675,33.80985183515807,95.5,67.20854741699077,40.69383876909565,46.18903170144372,45.364752761591504,20742.190488121603,92500.0,AVOID,50,50,0,0.0
1,48,OSM Parking way-80418116,Karol Bagh,79.75488973442346,27.603488272881577,32.63869164780797,47.993261041395,14.781117824773414,50.496625755209266,45.13929956564389,10037.362378033253,83500.0,PURSUE,51,51,0,0.0
1,68,OSM Parking way-1093273472,DLF Cyber City,19.64328715538016,65.15639295947265,31.637505269296476,32.147520582148374,87.26315085816056,37.352750899057575,44.839310892923024,89145.1909939636,104500.0,DEVELOP,52,52,0,0.0
1,53,OSM Parking way-202800243,Lajpat Nagar,10.928245787562936,34.478674902772056,59.950391180519006,77.1038961377848,76.64034119048684,38.18386536436173,43.95233673828049,20485.98660682517,87500.0,DEVELOP,53,53,0,0.0
1,36,OSM Parking way-1436470011,Rajouri Garden,35.37456543487069,35.45969792632512,49.95981459994284,49.23332310480009,62.30619335347432,40.419135020886976,43.702193770775075,20738.482628815913,71500.0,DEVELOP,54,54,0,0.0
1,47,OSM Parking way-1460536295,Karol Bagh,48.038766208971275,27.340568782346335,52.34467135698334,66.12700039220792,30.15251369275372,45.90296802430194,43.54039987456971,12946.36558895132,83000.0,AVOID,55,55,0,0.0
1,90,MSIL Material Gate,Udyog Vihar,25.52511700522063,53.75040013898237,49.558894027478075,34.57822030610591,62.17076716016151,39.6655321015875,43.0413173603736,55968.29620242446,167500.0,DEVELOP,56,56,0,0.0
1,23,OSM Parking way-239641077,Saket,21.41325868691867,44.25002914105078,49.258743846622544,21.994727219013505,95.5337164186994,33.14647711903965,42.504563013988616,31078.237134922125,57500.0,DEVELOP,57,57,0,0.0
1,29,OSM Parking way-1385319902,Saket,35.405725312697015,44.38058423748591,40.29564911309307,47.73233386300454,50.202675322140585,41.08360129364144,42.45146239791631,29702.47704860198,86500.0,AVOID,58,58,0,0.0
1,56,OSM Parking way-1200970626,Lajpat Nagar,22.513651791748092,28.928983771283665,54.29745407787697,77.19014217434427,57.914263844217736,39.65821284491592,42.39662049481119,15594.692034311876,97000.0,DEVELOP,59,59,0,0.0
1,117,OSM Parking way-1256890554,Faridabad Sector 15,24.065899415962477,26.385801052476612,95.5,54.36204467430363,38.22589526415731,42.70061975182758,42.02941107867704,12158.42511730381,69500.0,AVOID,60,60,0,0.0
1,80,OSM Parking way-24636762,Sector 29 Gurugram,34.24145384534328,32.12991045953274,56.366228892539795,55.80897618800208,43.26246172738104,41.33081709478523,41.620563789674605,16427.00016732295,81500.0,AVOID,61,61,0,0.0
1,30,Salcon Rasvilas Parking,Saket,23.67819169957536,40.679256475484195,43.58566722930849,53.91506114011808,62.919702520605206,37.52750692253841,41.33633626224842,24300.62435580259,78000.0,DEVELOP,62,62,0,0.0
1,32,MGF Metropolitan Parking,Saket,42.34861714318533,33.80421877484818,37.56342689087085,57.66894390490051,37.10377643504532,41.69470053650982,41.00606192129015,19668.233922221803,124500.0,AVOID,63,63,0,0.0
1,38,OSM Parking way-1376710968,Rajouri Garden,27.63066499858505,27.378041491421737,61.519444229572464,47.559071163291485,62.91393001345895,37.0535143310124,40.93257668337938,13314.538828237944,41000.0,DEVELOP,64,64,0,0.0
1,67,OSM Parking way-692610367,DLF Cyber City,24.21811184775808,49.826256715156674,31.65232008411129,26.89925014852233,82.3301874087658,33.534980315307806,40.8542613793265,43629.20781173503,88500.0,DEVELOP,65,65,0,0.0
1,105,OSM Parking way-1193997714,Botanical Garden Noida,26.439007956666774,28.985492750874144,61.25860607689176,37.1573436292285,68.31315236263535,35.22408003604306,40.187440885031904,16442.985012948022,92500.0,DEVELOP,66,66,0,0.0
1,100,OSM Parking way-71596234,Noida Sector 18,33.53673843601762,18.72712304675006,84.62147265290734,59.82142169674553,24.397549942464003,42.83439581757733,40.06886893631033,8554.52162891349,102500.0,AVOID,67,67,0,0.0
1,74,OSM Parking way-24501706,Sector 29 Gurugram,9.05183917805066,36.57342944107793,44.25233389597516,63.337322275495,76.18584118438761,32.938067693417885,39.42523371706335,24346.573655995493,185000.0,DEVELOP,68,68,0,0.0
1,28,OSM Parking way-633000303,Saket,21.83876080985671,44.196458932607214,51.91594690487843,30.49717729493028,59.52161218705908,35.250248948329556,38.890953434138986,30966.569649795463,90000.0,DEVELOP,69,69,0,0.0
1,37,OSM Parking node-1374470937,Rajouri Garden,30.172422403772455,27.62593645740602,51.6264812666095,49.98551033716466,50.82231278437623,36.70589361888161,38.8233564937058,14331.92336498405,111000.0,AVOID,70,70,0,0.0
1,59,OSM Parking node-449455817,Vasant Kunj,11.71356603935138,25.46773964261345,95.5,49.76074692355947,45.860714300236246,37.258960895285526,38.54922390602813,13085.621481854008,90500.0,AVOID,71,71,0,0.0
1,95,"Final vehicle parking area ""B""",Udyog Vihar,16.85816663470208,43.935765579896746,45.04619035068226,60.24902034965482,42.58015658736323,37.453732929923966,38.22269647853985,35896.8737417902,142000.0,AVOID,72,72,0,0.0
1,93,OSM Parking way-120114009,Udyog Vihar,12.251399701886328,29.51380390140998,54.40886814765789,41.90853470406294,81.76039888912834,30.001742721972377,37.76554114704577,15234.741137798464,88000.0,AVOID,73,73,0,0.0
1,63,OSM Parking way-1106809494,DLF Cyber City,23.599507669134184,44.61482385624745,31.875234265283055,41.344277552879475,56.5958354511188,34.37233533826647,37.70586035519432,32924.77840177144,63500.0,AVOID,74,74,0,0.0
1,87,OSM Parking way-152002367,Udyog Vihar,17.80288719632449,44.62607568169932,45.31558657396468,30.741511567400245,60.6528263795424,32.8305291770905,37.00387375745828,37595.81035091011,225500.0,AVOID,75,75,0,0.0
1,27,Religare Parking,Saket,21.887290372596624,34.200311201333115,26.21006781994849,49.178596240159024,69.68631822488238,31.087722966033404,36.87751225486075,20551.986463561643,68500.0,AVOID,76,76,0,0.0
1,65,OSM Parking way-692610360,DLF Cyber City,22.750122265420863,40.15719431866945,29.193766115374338,31.96400436634139,71.3309315138676,30.632942154765857,36.737640558631114,27383.21652463877,89000.0,AVOID,77,77,0,0.0
1,61,IIMC parking,Vasant Kunj,10.588518801482122,23.966028400391075,55.39796092464794,59.7654038664388,64.45335388093505,31.10890289318284,36.11057054134567,11706.763126680433,82000.0,AVOID,78,78,0,0.0
1,66,OSM Parking way-1418601779,DLF Cyber City,23.875226421292343,26.416177312361047,42.856190350682255,45.927542035036105,59.78494602188401,31.863731896865552,36.05191401561832,13139.475367656223,86000.0,AVOID,79,79,0,0.0
1,35,OSM Parking node-850627124,Dwarka Sector 21,22.007786541890344,14.820563506361198,95.5,33.828092816990605,39.08499103414344,34.94904795494823,35.56943941682751,6123.237523100019,53500.0,AVOID,80,80,0,0.0
1,108,OSM Parking way-402582932,Botanical Garden Noida,25.278178550031093,17.70280689349491,67.98622512451081,53.796981884824575,34.607531522813126,35.619572164451014,35.46776606820533,8312.375483448302,70500.0,AVOID,81,81,0,0.0
1,82,OSM Parking way-1443588429,Golf Course Road,25.30700322170148,0.428958634056955,90.30764593414185,56.61990020209141,35.41625991631867,34.98643828877608,35.05091153290747,3219.0434059771064,50500.0,AVOID,82,82,0,0.0
1,107,car parking,Botanical Garden Noida,17.00181508727649,22.272940737020456,64.32322146150715,48.89962309877447,48.21477170611508,32.532007522918,34.88442215039756,9715.802349052354,49500.0,AVOID,83,83,0,0.0
1,112,OSM Parking node-571595195,Indirapuram,15.657275079193091,33.171774649935074,26.474162319083533,58.53133289582301,59.56939979587936,30.283471139385505,34.676360437859586,17991.857628925503,108500.0,AVOID,84,84,0,0.0
1,54,OSM Parking way-1297324904,Lajpat Nagar,20.1614937583494,15.491353789214893,55.3064812666095,70.50607434098588,39.17130885241102,33.87431754817394,34.668866243809504,6867.739932799399,103000.0,AVOID,85,85,0,0.0
1,39,OSM Parking way-1272464500,Rajouri Garden,25.482981171698967,18.62817242330722,56.883724513852336,43.76093983774523,47.957379855489094,32.23369071773662,34.59224408839949,7820.151838108464,77000.0,AVOID,86,86,0,0.0
1,73,OSM Parking way-475681096,Sector 29 Gurugram,18.851693330550553,23.155209250973897,35.85279197023593,56.27949781847038,61.1792732166891,29.722533859075988,34.44104476271795,10999.390671690748,45000.0,AVOID,87,87,0,0.0
1,116,OSM Parking way-153527302,Faridabad Sector 15,12.937429050286596,8.028513229315182,80.01823825254705,52.80175804401343,57.42638015231791,30.36630172576335,34.42531348974653,4768.92682664665,80000.0,AVOID,88,88,0,0.0
1,77,Metro Car Parking,Sector 29 Gurugram,22.127558290806483,24.778395328058384,43.62900056264183,56.417886533314,43.4671768327146,32.75282280429402,34.359975908557104,11969.848199662223,99500.0,AVOID,89,89,0,0.0
1,97,Multi Level Car Parking (MLCP) Noida,Noida Sector 18,36.68862829547686,9.588285650853733,68.15763064935987,39.88008892471354,29.719237556570285,34.834491573491185,34.06720347095305,5067.696440529932,87500.0,AVOID,90,90,0,0.0
1,106,parking zone,Botanical Garden Noida,21.380852214304184,33.41436565939003,56.23067686586691,31.440753468880352,37.68002728385373,32.8453666227657,33.57056572192891,19191.00828703697,73000.0,AVOID,91,91,0,0.0
1,60,OSM Parking way-962692147,Vasant Kunj,24.529582123238217,16.84169432179732,54.52605616274318,55.460505131732546,36.47230221239118,33.02033224893194,33.53812774345083,7754.932784408335,83500.0,AVOID,92,92,0,0.0
1,109,OSM Parking way-1258173789,Botanical Garden Noida,27.593005354546374,1.326086273786584,78.12996618862427,53.7518820032186,33.62726535275868,33.40200047480822,33.43579020650079,2384.5594943801843,46500.0,AVOID,93,93,0,0.0
1,110,OSM Parking way-554394266,Indirapuram,6.49567113669864,23.975184278004747,50.62479275400193,57.75976258414104,57.538163849503725,28.470800836743795,32.83090528865778,11462.663699696002,63500.0,AVOID,94,94,0,0.0
1,25,OSM Parking way-150520028,Saket,21.59447768327202,32.75487937347806,29.282795620549603,34.1693362147754,54.97040311792236,28.452803439588088,32.43044339133823,18168.611788102833,99000.0,AVOID,95,95,0,0.0
1,96,OSM Parking way-120113983,Udyog Vihar,7.111111360970765,20.2608945747626,40.87615485796877,55.48836276982711,71.78681218055324,25.474393760177954,32.42125652323425,9964.263705304558,118500.0,AVOID,96,96,0,0.0
1,119,OSM Parking node-1574481003,Faridabad Sector 15,12.346909029777004,1.774125489614497,72.89823825254705,52.91320708903416,58.7833836858006,27.08155397949871,31.83682843544399,3478.4096292317504,54500.0,AVOID,97,97,0,0.0
1,24,OSM Parking way-239641076,Saket,17.04509325929383,26.49649925161716,49.67541051328921,18.281073889122712,65.71108167671683,25.8013240600638,31.78778770256175,12551.207827960216,94500.0,AVOID,98,98,0,0.0
1,69,OSM Parking way-1093273543,DLF Cyber City,16.794398900990622,30.35713348362711,35.24743614904437,31.813483028316917,60.13383665469864,26.69028343271548,31.70681641601295,14057.793026630136,87000.0,AVOID,99,99,0,0.0
1,111,OSM Parking node-571595174,Indirapuram,23.31553333816699,13.95923032501005,27.474162319083533,56.988192272459074,56.74770160978803,27.23978914286353,31.665976012902203,6864.531424469882,96000.0,AVOID,100,100,0,0.0
1,94,OSM Parking way-151993565,Udyog Vihar,7.244084615644571,18.936051710505858,53.413227387719296,53.56466848246816,54.8239961696885,27.004614932762298,31.177522118301223,8755.919414231563,85000.0,AVOID,101,101,0,0.0
1,98,GIP & WOW parking lot,Noida Sector 18,14.731177972754272,31.031056320745353,65.27181975194758,28.95022746916594,29.68007140156059,30.95344065315253,30.76243526541374,16561.98393113154,70000.0,AVOID,102,102,0,0.0
1,81,OSM Parking way-1305530431,Sector 29 Gurugram,18.62379888369688,10.58534567486597,37.605667229308494,54.72954421222184,57.269443303664005,25.980891529476597,30.674174295604708,5509.031546931883,88000.0,AVOID,103,103,0,0.0
1,79,OSM Parking node-728709435,Sector 29 Gurugram,18.09508815759409,1.0708934639795629,76.46400667031757,54.1527946456101,35.19049436228566,29.751494130190903,30.567344165005117,2078.1745156899983,69000.0,AVOID,104,104,0,0.0
1,70,DLF Downtown Multi Level Car Parking (MLCP),DLF Cyber City,17.848266175062925,0.0034204169960744,59.290650999700034,56.13756899167925,47.42637019025507,26.6700799476174,29.78352348401305,2519.083633831317,70000.0,AVOID,105,105,0,0.0
1,78,OSM Parking node-297255245,Sector 29 Gurugram,25.8152880345841,11.683483786508384,45.66837347625217,54.259022581753534,25.565407854984898,30.18184325376845,29.489377943950913,5624.043804979545,97000.0,AVOID,106,106,0,0.0
1,71,OSM Parking way-1093273545,DLF Cyber City,8.68197645150202,34.52727122481465,28.747778979852185,43.60119649587587,45.7325306079298,25.98677301530997,28.948636654202943,21798.884411222112,127000.0,AVOID,107,107,0,0.0
1,103,OSM Parking way-1327222658,Noida Sector 62,9.190454510067312,6.279063814512093,95.5,33.83163204125022,33.69710856208805,27.91370248568912,28.781213397148957,4456.552102270596,71500.0,AVOID,108,108,0,0.0
1,114,OSM Parking way-554394259,Indirapuram,13.34487764797246,8.998322466201481,50.73859135956651,58.60147565143046,40.636382876637136,26.6518281912843,28.749511394087225,5317.757222173016,103000.0,AVOID,109,109,0,0.0
1,57,OSM Parking way-982896113,Vasant Kunj,16.274543962717903,22.02249980105208,51.68859135956651,40.24799219602926,29.012784986154767,28.44526549696207,28.53039342034097,9808.484097777444,88500.0,AVOID,110,110,0,0.0
1,62,OSM Parking way-251320382,DLF Cyber City,17.423016147345816,20.71165317829262,29.522293088812468,38.3473429827754,50.29345085856717,24.21795711707657,28.12928117830015,9282.244448045029,51000.0,AVOID,111,111,0,0.0
1,88,OSM Parking way-226082166,Udyog Vihar,15.568522271940893,33.67975380956634,32.815626422145804,15.182178524290087,49.89443242671785,23.87078338345793,27.774330739946915,20457.48614281103,134500.0,AVOID,112,112,0,0.0
1,64,OSM Parking way-151988184,DLF Cyber City,21.07447805618154,20.22966692415536,28.014542306333514,31.739883367615302,46.04969829181118,23.932851763512502,27.250378742757302,9469.776803867142,67000.0,AVOID,113,113,0,0.0
1,115,OSM Parking way-608015611,Indirapuram,6.017744974061693,0.0,27.096622080194276,50.67573100939569,80.30625841184387,15.848442889008238,25.517115217433584,2898.6653618089704,39000.0,AVOID,114,114,0,0.0
1,58,OSM Parking way-982729144,Vasant Kunj,4.447429757450675,0.0,67.52192469289984,39.06899336618765,47.60197411490121,20.37984310129215,24.463162753333503,471.35343665528234,48000.0,AVOID,115,115,0,0.0
1,92,OSM Parking way-120114001,Udyog Vihar,11.539990697102194,5.3376771660013045,56.07553481432455,39.45282016925374,34.96107049480956,22.500787939020856,24.369830322389163,4211.0796331018955,49500.0,AVOID,116,116,0,0.0
1,113,OSM Parking way-1327221069,Indirapuram,17.66821784508599,5.2530576492875705,30.429955413527612,52.12118602853661,32.34135658898968,22.348707037832146,23.847604470505775,4259.964936101332,93500.0,AVOID,117,117,0,0.0
1,76,OSM Parking way-1451095896,Sector 29 Gurugram,17.08232284653186,0.0,41.734299402178095,54.3420558106597,16.63435447865882,22.98370604221791,22.03130330768405,1661.6861188665791,49500.0,AVOID,118,118,0,0.0
1,91,OSM Parking way-1093273473,Udyog Vihar,9.341563715276743,0.0917908003155096,33.11898675077796,20.368847816507095,66.3,12.76304941147607,20.793591999754657,3215.416856363436,40000.0,AVOID,119,119,0,0.0
1,89,OSM Parking way-226082173,Udyog Vihar,16.88892719013028,13.872468976324736,22.310501902293108,12.485738784136878,42.29969768188897,16.181448828335018,20.09918615636811,6700.633833969501,49500.0,AVOID,120,120,0,0.0
4,18,OSM Parking node-786590777,Nehru Place,82.29754785020172,90.83580857369098,34.07190525391261,74.58768499336001,64.27205438066466,74.93782945361666,73.33796319267387,195870.05326589325,158125.0,ACQUIRE_NOW,1,2,1,-3.060564162850312
4,52,MCD Parking,Lajpat Nagar,73.94236414478726,71.76132974933114,56.62981459994283,82.66676549587018,73.4896091618449,71.78532787663637,72.04097006941765,112306.97832080167,102500.0,ACQUIRE_NOW,2,1,-1,-6.257602807713596
4,6,OSM Parking node-928558934,Connaught Place,74.23410544758148,100.0,17.59272727272732,61.80513866298516,76.75977562994801,69.62342532309566,70.69387786912351,271399.34837550117,93125.0,ACQUIRE_NOW,3,5,2,-3.00082169244628
4,1,OSM Parking node-928559154,Connaught Place,78.63754281588682,87.17895599612645,28.01778309409893,62.87070786512365,69.76044451130998,69.434441750213,69.48334216437755,146334.36265377578,114375.0,ACQUIRE_NOW,4,3,-1,-6.101993202114002
4,51,OSM Parking way-1384231629,Lajpat Nagar,73.65930815081396,33.28341259185911,88.87147265290734,70.93730452378318,86.45476686739883,63.98819078789712,67.35817719982236,15650.245374898865,103750.0,ACQUIRE_NOW,5,6,1,-5.648530757499216
4,17,OSM Parking way-1265773838,Nehru Place,67.49538360241087,70.94997165793151,32.27897596098332,72.30151038624352,87.00381973952256,63.14491876151784,66.72375390821854,86904.33340720688,84375.0,ACQUIRE_NOW,6,4,-2,-6.996659488349607
4,41,OSM Parking way-1386106209,Karol Bagh,58.55127762502547,76.17117307503068,51.497771538194435,54.36605991934002,79.07049798115746,61.75029561752409,64.34832597206909,137143.2240798427,167500.0,ACQUIRE_NOW,7,7,0,-6.6663735785966765
4,3,Palika Parking,Connaught Place,69.05633388554334,68.38972812712598,24.088405797101448,62.8740276089353,83.96505206702639,59.83376142158825,63.453455018403965,54171.75349701357,53125.0,ACQUIRE_NOW,8,8,0,-6.503098015676166
4,13,OSM Parking way-1298783157,Nehru Place,61.18083446192396,80.94488189055969,21.37887495088231,68.57702341312249,68.84172457539248,61.2751241950798,62.4101142521267,177991.1041605005,115000.0,ACQUIRE_NOW,9,10,1,-5.1310575506510006
4,21,OSM Parking way-1426212235,Nehru Place,58.9523102089075,78.98759291404915,26.41112439882522,56.14644313165036,76.2436097636348,58.607325200889264,61.2527678853011,165037.74402091352,155625.0,ACQUIRE_NOW,10,12,2,-5.678486070565924
4,8,OSM Parking node-5634145022,Connaught Place,66.72578596628985,73.84823269853143,25.96424242424247,62.020112208047934,63.66559103495667,60.79699665807456,61.22728581460687,85852.19898115165,70625.0,ACQUIRE_NOW,11,9,-2,-7.0560018150379875
4,55,OSM Parking way-1270655678,Lajpat Nagar,74.14199090679617,49.112874221846816,50.42611089623913,77.96635650337944,47.264468371467025,63.27021874993334,60.86935619316339,40839.90128795865,183125.0,PURSUE,12,15,3,-5.284722645809971
4,15,Eros,Nehru Place,62.94810850397326,72.16469972344366,28.955238587245947,71.01710969630943,57.96793211972366,61.08407026421906,60.61664954254475,121669.89426387912,145000.0,ACQUIRE_NOW,13,13,0,-6.037212898586134
4,16,OSM Parking way-1265773840,Nehru Place,65.06811395169434,65.97840119266206,30.06455928808151,71.72260840059158,61.802826379542395,60.3330701611468,60.55353359390614,78138.10159694344,163750.0,ACQUIRE_NOW,14,11,-3,-6.415836831365496
4,19,Metro Station Parking,Nehru Place,63.63742812665825,67.97698493643956,32.25334662104744,72.34747552739961,52.4740173136586,60.91246822867579,59.64670059142321,78590.57391031926,140000.0,PURSUE,15,14,-1,-6.601417738903706
4,46,OSM Parking way-80414532,Karol Bagh,61.38735499020685,52.707344734290025,53.509676300099194,56.80454263565519,70.5821399730821,56.63550061293849,58.72749651696003,49928.79221144241,185000.0,ACQUIRE_NOW,16,16,0,-7.047718801918606
4,22,Lotus Temple Parking,Nehru Place,51.86842326044099,74.29570956594453,46.48204131829587,59.48366683043432,56.63008197354564,58.85801246109172,58.52382288795981,125101.1593510282,97500.0,PURSUE,17,17,0,-6.960367539872223
4,7,OSM Parking way-1237304338,Connaught Place,66.49508292303048,68.48512364478746,21.799076479076525,55.14158020008884,61.3,57.18929916468331,57.805904289980816,48614.90264945912,41250.0,ACQUIRE_NOW,18,18,0,-5.762281089540906
4,12,OSM Parking way-454517227,Nehru Place,68.91147257249091,48.41170318374642,34.84624091824828,62.26608887182572,58.33496989017334,55.6979023955235,56.09346251972097,33499.92010800372,81250.0,ACQUIRE_NOW,19,20,1,-6.15026439915259
4,2,OSM Parking node-928559077,Connaught Place,56.007887612950896,67.38507095477043,19.733908660910732,67.05174913398554,61.69860856412112,54.901744343308614,55.92127397643048,101085.38672463692,135000.0,ACQUIRE_NOW,20,21,1,-5.874165138040908
4,45,OSM Parking way-80414548,Karol Bagh,44.495856318714,74.5704827263475,29.42910349792475,64.50439793426938,64.53721399730821,54.21341504944729,55.761984891626426,157198.43368826885,288125.0,ACQUIRE_NOW,21,24,3,-4.595451286715573
4,43,OSM Parking way-1386957470,Karol Bagh,59.11247253283882,49.56977831587021,57.869676300099194,61.46122511876633,48.77149284561242,56.50096653135179,55.341545478490886,40304.33233932893,113750.0,PURSUE,22,19,-3,-6.941974560046404
4,14,OSM Parking way-1265773839,Nehru Place,56.947612836416816,56.248187131657346,30.027522251044473,69.65785804330568,60.567900403768505,54.23427962116695,55.18432273855718,56945.18986131109,171250.0,ACQUIRE_NOW,23,23,0,-5.714251560386174
4,4,OSM Parking way-1306327527,Connaught Place,64.48577466783722,65.61544021555237,20.29421678416003,58.59294983570482,43.913875933689255,55.97960876143411,54.16974883727238,57157.16585117849,96875.0,PURSUE,24,22,-2,-7.320041010192497
4,42,OSM Parking way-1386957479,Karol Bagh,58.7162578762061,34.24537649214723,47.869676300099194,58.59877760163739,68.6198859038844,49.58410537783426,52.43947245674178,17724.348240121897,71250.0,ACQUIRE_NOW,25,25,0,-6.68893882894011
4,9,OSM Parking node-928559229,Connaught Place,66.58154827517723,47.9225512625824,20.82945249597423,55.903605412831226,57.25879345187511,51.135365864140695,52.05388000230086,32627.303014720343,116250.0,PURSUE,26,26,0,-6.046442963440413
4,85,OSM Parking way-1435149349,Golf Course Road,26.80595630321767,32.985993588379024,92.59394223043812,59.09654564699649,85.71800604229607,45.93159819961794,51.89955937601966,17162.34800119037,73125.0,DEVELOP,27,27,0,-5.829388061814498
4,5,OSM Parking way-1306327526,Connaught Place,71.20853789133983,42.06651679862816,18.270407260350503,59.19932571793815,53.56863393688525,51.17605942800268,51.534945604335064,24778.846842571995,76875.0,PURSUE,28,28,0,-5.955497244690555
4,10,Gurudwara Bangla Sahib Parking Gate No 2,Connaught Place,52.92429363576936,26.332739058408816,56.58687472255453,86.01751018313519,41.019885903884386,51.589565401395845,50.00411347676913,12245.873589113968,71250.0,PURSUE,29,29,0,-5.745720290889757
4,83,OSM Parking way-1433732982,Golf Course Road,23.560783345099324,55.94321895412939,66.60394223043812,64.71322370954908,56.25,47.94307603889439,49.18911463306023,54740.7034896982,175000.0,PURSUE,30,30,0,-5.943748174777838
4,40,Shamshan Ghat Parking,Rajouri Garden,29.884477944996902,39.813693828207015,86.17665783809252,58.1645738301028,47.40623332371012,47.729354812682494,47.68088658933664,27367.32773462903,115000.0,PURSUE,31,32,1,-5.863473979327793
4,50,OSM Parking way-1289814788,Karol Bagh,57.11143888036624,20.009502248083074,61.1833800038029,72.5098689419321,35.22462235649546,49.63505243293046,47.47348792146521,8078.683207812491,122500.0,PURSUE,32,33,1,-5.563721356307447
4,44,OSM Parking way-1386957481,Karol Bagh,49.57694407000756,46.154032338063786,53.9996763000992,59.4541155925863,24.677987703968157,51.09371775226005,47.131358245016266,27263.885916338146,140000.0,PURSUE,33,31,-2,-6.562686015100837
4,11,Parliament Visitor Parking,Connaught Place,33.432140783757944,34.8894936310019,18.48591511936339,87.63531890117801,81.79150886623592,40.78847146583419,46.938927075894455,19901.695838755044,63125.0,DEVELOP,34,34,0,-4.626065256346848
4,34,OSM Parking way-1305711567,Dwarka Sector 21,26.32552685650193,26.45936502499633,95.5,65.02928814724912,44.84021339145214,45.40222651210239,45.31792454400485,13758.231652365948,130625.0,AVOID,35,35,0,-5.463258728613553
4,101,OSM Parking way-71656926,Noida Sector 62,17.72754050067105,39.95773985297652,81.11581424157968,48.79475862921605,69.16816958277253,40.93445064007624,45.16950848148068,28982.586181099326,178125.0,DEVELOP,36,38,2,-4.598170875588487
4,118,Sector -12 Court Parking,Faridabad Sector 15,20.67940784614637,48.7618318822677,54.59289555920646,65.67874523688232,56.66022880215343,42.8647369927343,44.93406076414717,45394.88056337915,224375.0,AVOID,37,36,-1,-5.412803433025843
4,20,OSM Parking way-454514534,Nehru Place,54.20694418141973,32.95535162124318,21.966679954380776,59.67927532757821,50.889059621929555,43.23272288474184,44.38117339531999,16643.12402562408,57500.0,AVOID,38,39,1,-5.13929780028657
4,75,OSM Parking way-1217765675,Sector 29 Gurugram,7.296488558048489,48.80524035887583,58.558169127100655,66.2158075442423,74.05488559892328,38.94865077392347,44.21458599767344,46013.69050374562,201875.0,DEVELOP,39,42,3,-3.7985574706344063
4,49,OSM Parking way-463710736,Karol Bagh,66.43672390165077,11.805980648289657,51.25189852232142,53.20511886631607,37.248218823826,45.35419404807444,44.13829776443717,6045.165849798131,123750.0,AVOID,40,37,-3,-6.174393371059466
4,104,OSM Parking node-7151184473,Noida Sector 62,28.19632966662073,36.90251852176441,46.06222736081141,66.03043054699755,60.22187079407806,40.586384960704315,43.53170783571037,24801.77081926143,179375.0,DEVELOP,41,40,-1,-5.454013994106781
4,84,OSM Parking way-1313204367,Golf Course Road,7.333334744467978,42.43184136424567,85.92727556377146,70.42120685564808,46.579811574697175,42.659097796840875,43.247204863519315,34463.72986832489,337500.0,AVOID,42,45,3,-3.477727801800995
4,86,OSM Parking way-144272815,Golf Course Road,21.711731886876592,23.33708618053572,67.01516435966221,56.97370669422071,76.68138802031447,36.40720208150511,42.44832997232651,9986.37989663884,57500.0,DEVELOP,43,41,-2,-5.741655716338492
4,99,OSM Parking way-1514695589,Noida Sector 18,21.398928442376494,32.19790438949612,67.10219555232379,54.79792345565807,62.30310735037592,38.53432056621678,42.09963858384064,18653.387206121777,125000.0,DEVELOP,44,43,-1,-5.356885034467638
4,120,OSM Parking way-153527300,Faridabad Sector 15,10.464655187734,35.58867583918288,73.7962288925398,57.64979150241513,65.47585236629487,37.35702185336372,41.57484643030339,20335.974022525632,107500.0,DEVELOP,45,44,-1,-5.2575619924312775
4,72,OSM Parking way-224348146,Sector 29 Gurugram,20.564563678104182,43.496794070768246,46.005410513289206,61.89807964112135,55.02187079407806,39.09304840504105,41.4823717633966,33681.514364577444,176250.0,AVOID,46,46,0,-5.142778015846204
4,53,OSM Parking way-202800243,Lajpat Nagar,10.928245787562936,24.94049178069727,59.950391180519006,77.1038961377848,75.31858892462581,35.3785173872809,41.36952811788264,12726.364624913062,109375.0,DEVELOP,47,53,6,-2.5828086203978557
4,31,DLF South Court Parking,Saket,21.342811725043227,32.58019501417663,43.58566722930849,61.32608847391759,71.9099801571973,35.62900661946004,41.07115265012063,19795.585823766098,100000.0,DEVELOP,48,48,0,-4.9174167305691725
4,102,OSM Parking way-71656927,Noida Sector 62,20.03133316993854,32.65050080259691,73.15661984849525,40.817474870605984,63.80494179308999,36.78604630528938,40.83888062845948,17019.735344923833,75000.0,DEVELOP,49,47,-2,-5.31263606710764
4,33,OSM Parking way-1534261317,Dwarka Sector 21,14.61136682614712,23.495656179630274,95.5,67.20854741699077,39.29655780232828,40.78071318270626,40.55808987564956,12059.509549793896,115625.0,AVOID,50,50,0,-4.806662885941947
4,26,OSM Parking way-633000310,Saket,17.312064605372708,41.37279205109184,54.72912150805304,31.851923713947265,78.61,33.5576166796292,40.31547417768482,31175.792210453812,179375.0,DEVELOP,51,49,-2,-5.129468576645685
4,68,OSM Parking way-1093273472,DLF Cyber City,14.290289827359906,52.386395124052505,31.637505269296476,32.147520582148374,85.68460100921796,31.70757600816215,39.80412975832052,51829.014043890435,130625.0,AVOID,52,52,0,-5.035181134602503
4,47,OSM Parking way-1460536295,Karol Bagh,40.989360227570465,17.40223194513036,52.34467135698334,66.12700039220792,28.8987372577084,40.49190213756755,38.75292740558868,8032.10506085186,103750.0,AVOID,53,55,2,-4.787472468981029
4,48,OSM Parking way-80418116,Karol Bagh,67.9708526517385,15.77803193056259,32.63869164780797,47.993261041395,13.519788519637462,42.859478448873695,38.45852495948826,6206.568054775378,104375.0,AVOID,54,51,-3,-6.68077460615563
4,36,OSM Parking way-1436470011,Rajouri Garden,27.14928474256831,24.312027037987043,49.95981459994284,49.23332310480009,61.2261329305136,34.237368044680814,38.285682777555735,12057.35380039357,89375.0,DEVELOP,55,54,-1,-5.41651099321934
4,90,MSIL Material Gate,Udyog Vihar,18.354358809306017,42.304710349720736,49.558894027478075,34.57822030610591,62.17076716016151,33.768296917952455,38.02866745428381,32539.96741208958,209375.0,DEVELOP,56,56,0,-5.012649906089791
4,56,OSM Parking way-1200970626,Lajpat Nagar,15.98221486541634,18.44517665931351,54.29745407787697,77.19014217434427,56.449007046634655,34.26952713210173,37.596449119281665,9066.753948748925,121250.0,AVOID,57,59,2,-4.800171375529523
4,23,OSM Parking way-239641077,Saket,14.62785518753854,32.420879779954035,49.258743846622544,21.994727219013505,94.66513635827644,27.27246724834762,37.38136761483695,18068.88707024372,71875.0,AVOID,58,57,-1,-5.123195399151669
4,117,OSM Parking way-1256890554,Faridabad Sector 15,16.920487615557775,15.079110361245126,95.5,54.36204467430363,37.17604632155912,36.85321244249901,36.90163752435802,7068.908363200434,86875.0,AVOID,59,60,1,-5.127773554319013
4,29,OSM Parking way-1385319902,Saket,27.16755770892154,32.16119646323504,40.29564911309307,47.73233386300454,48.896028796460826,34.58207514694102,36.72916819436899,17269.0201560572,108125.0,AVOID,60,58,-2,-5.722294203547321
4,74,OSM Parking way-24501706,Sector 29 Gurugram,8.417412392979294,26.332608731392227,44.25233389597516,63.337322275495,76.18584118438761,29.702146266426315,36.67470050412051,14155.097923595778,231250.0,AVOID,61,68,7,-2.750533212942841
4,30,Salcon Rasvilas Parking,Saket,17.390440079120506,28.521497560593364,43.58566722930849,53.91506114011808,61.741454786466235,31.73248902270409,36.23383388726841,14128.38300046363,97500.0,AVOID,62,62,0,-5.102502374980013
4,38,OSM Parking way-1376710968,Rajouri Garden,21.1417255390294,16.32916304879925,61.519444229572464,47.559071163291485,62.59368832161605,31.513630273927323,36.17563898108063,7741.072874737541,51250.0,AVOID,63,64,1,-4.75693770229875
4,67,OSM Parking way-692610367,DLF Cyber City,18.688568170908283,38.177170455896174,31.65232008411129,26.89925014852233,80.9933294027235,28.157174823695968,36.0825980105501,25366.021421742753,110625.0,AVOID,64,65,1,-4.771663368776402
4,80,OSM Parking way-24636762,Sector 29 Gurugram,25.76240119519637,20.648753294565378,56.366228892539795,55.80897618800208,42.031343902607624,34.961399346213575,36.02189102967268,9550.657897281564,101875.0,AVOID,65,61,-4,-5.598672760001925
4,105,OSM Parking way-1193997714,Botanical Garden Noida,19.638488420189564,19.383029676685545,61.25860607689176,37.1573436292285,66.91587139586797,29.999642824877995,35.53707711052649,9559.95148652798,115625.0,AVOID,66,66,0,-4.650363774505415
4,32,MGF Metropolitan Parking,Saket,33.12801471556874,22.956824564736344,37.56342689087085,57.66894390490051,35.223111782477346,35.249960206141665,35.24593294259201,11435.111202379752,155625.0,AVOID,67,63,-4,-5.760128978698134
4,59,OSM Parking node-449455817,Vasant Kunj,8.45708431339544,15.339306308197523,95.5,49.76074692355947,44.49364481383141,33.1306634230611,34.83511063167665,7607.980329549921,113125.0,AVOID,68,71,3,-3.714113274351483
4,100,OSM Parking way-71596234,Noida Sector 18,25.493081116362113,8.021099930089683,84.62147265290734,59.82142169674553,22.84921157388394,36.84662761162233,34.747015205961574,4973.598875050304,128125.0,AVOID,69,67,-2,-5.3218537303487565
4,37,OSM Parking node-1374470937,Rajouri Garden,22.829142912938888,17.018984814181525,51.6264812666095,49.98551033716466,49.145575624255386,30.99445625646256,33.71712416163148,8332.580244401728,138750.0,AVOID,70,70,0,-5.10623233207432
4,28,OSM Parking way-633000303,Saket,14.966288934854871,32.363054543385786,51.91594690487843,30.49717729493028,58.162095570744874,29.344257583852016,33.666933281885946,18003.96359439108,112500.0,AVOID,71,69,-2,-5.22402015225304
4,95,"Final vehicle parking area ""B""",Udyog Vihar,10.959532837438294,33.30653440608172,45.04619035068226,60.24902034965482,41.38378196500673,32.24561771506174,33.61634235255349,20870.442393476824,177500.0,AVOID,72,72,0,-4.606354125986364
4,93,OSM Parking way-120114009,Udyog Vihar,7.750989060039103,18.569329130352575,54.40886814765789,41.90853470406294,80.43109375317668,25.19439932748,33.479903491334504,8857.478497516027,110000.0,AVOID,73,73,0,-4.2856376557112625
4,63,OSM Parking way-1106809494,DLF Cyber City,18.276027989193256,33.333736719273716,31.875234265283055,41.344277552879475,55.63662094960823,29.175493352118572,33.14466249174202,19399.8838024867,79375.0,AVOID,74,74,0,-4.5611978634523
4,87,OSM Parking way-152002367,Udyog Vihar,12.76618377742052,34.05062683489449,45.31558657396468,30.741511567400245,60.6528263795424,27.942443015475902,32.84900052008587,21858.204138019133,281875.0,AVOID,75,75,0,-4.154873237372406
4,82,OSM Parking way-1443588429,Golf Course Road,18.61637010613986,0.0,90.30764593414185,56.61990020209141,34.653420037164594,32.49887406150229,32.82205595785163,1871.5518362350897,63125.0,AVOID,76,82,6,-2.2288555750558388
4,65,OSM Parking way-692610360,DLF Cyber City,17.56028831267247,29.53132569977724,29.193766115374338,31.96400436634139,69.98652063773467,25.675980577651067,32.3225615866636,16269.634852968382,111250.0,AVOID,77,77,0,-4.41507897196751
4,27,Religare Parking,Saket,16.11328653644972,23.512868127968357,26.21006781994849,49.178596240159024,68.65157502246547,25.90647364934486,32.318238855312956,11948.92492991474,85625.0,AVOID,78,76,-2,-4.559273399547791
4,61,IIMC parking,Vasant Kunj,5.046751211379794,13.391713887636284,55.39796092464794,59.7654038664388,63.21468318607101,26.042892416454137,31.618661031896668,6806.312081852,102500.0,AVOID,79,78,-1,-4.491909509449005
4,66,OSM Parking way-1418601779,DLF Cyber City,18.46095470105772,15.671847359567144,42.856190350682255,45.927542035036105,58.485852366294885,26.792715421255124,31.54668596301109,7639.290978755329,107500.0,AVOID,80,79,-1,-4.505228052607237
4,116,OSM Parking way-153527302,Faridabad Sector 15,8.064766329808425,0.0021709441904751,80.01823825254705,52.80175804401343,56.2179209378164,26.285849505263783,30.775660220146676,2772.6540570123625,100000.0,AVOID,81,88,7,-3.649653269599853
4,109,OSM Parking way-1258173789,Botanical Garden Noida,19.962237237179224,0.2157539971686294,78.12996618862427,53.7518820032186,32.924848434329675,30.38221988143807,30.76361416437181,1386.3828900326391,58125.0,AVOID,82,93,11,-2.6721760421289815
4,108,OSM Parking way-402582932,Botanical Garden Noida,18.02817737127755,7.305390603387954,67.98622512451081,53.796981884824575,33.54257684003367,30.002684604271252,30.533668439635615,4832.815106076841,88125.0,AVOID,83,81,-2,-4.934097628569713
4,35,OSM Parking node-850627124,Dwarka Sector 21,15.242028027327825,3.272253774040264,95.5,33.828092816990605,38.276833934445555,29.164571499125888,30.53141086442384,3560.0502959303512,66875.0,AVOID,84,80,-4,-5.0380285524036665
4,107,car parking,Botanical Garden Noida,11.875101992057278,11.025920174088204,64.32322146150715,48.89962309877447,47.46703756714227,27.414632147272325,30.422492960252814,5648.767485739039,61875.0,AVOID,85,83,-2,-4.461929190144744
4,54,OSM Parking way-1297324904,Lajpat Nagar,14.481269514743447,4.512434315432252,55.3064812666095,70.50607434098588,37.61541761374033,28.640438558141653,29.986685416481453,3992.9039969295713,128750.0,AVOID,86,85,-1,-4.68218082732805
4,96,OSM Parking way-120113983,Udyog Vihar,7.111111360970765,11.3851246763616,40.87615485796877,55.48836276982711,69.99678196907287,22.86387320182472,29.933809516911943,6085.223142369182,148125.0,AVOID,87,96,9,-2.4874470063223058
4,73,OSM Parking way-475681096,Sector 29 Gurugram,12.813645940779772,12.45841710539905,35.85279197023593,56.27949781847038,60.55691672122082,24.445342972811343,29.862079035072764,6395.045736521,56250.0,AVOID,88,87,-1,-4.578965727645187
4,77,Metro Car Parking,Sector 29 Gurugram,16.778958793630572,14.028722286517633,43.62900056264183,56.417886533314,41.964155684678346,27.70341326366112,29.842524626813702,6959.269743283618,124375.0,AVOID,89,89,0,-4.517451281743401
4,119,OSM Parking node-1574481003,Faridabad Sector 15,7.476930680712892,0.0,72.89823825254705,52.91320708903416,57.96012084592145,24.840936477001232,29.808814132339265,2022.34735843534,68125.0,AVOID,90,97,7,-2.0280143031047295
4,112,OSM Parking node-571595195,Indirapuram,9.464223310229066,21.928871120837854,26.474162319083533,58.53133289582301,57.93042698621169,24.790951830016663,29.76187310344592,10460.466025457288,135625.0,AVOID,91,84,-7,-4.914487334413668
4,39,OSM Parking way-1272464500,Rajouri Garden,18.797850365025237,7.2984754764200765,56.883724513852336,43.76093983774523,46.794237861531386,26.54196897806144,29.57980931058193,4546.63627867626,96250.0,AVOID,92,86,-6,-5.01243477781756
4,110,OSM Parking way-554394266,Indirapuram,4.28167846058127,13.240880693560587,50.62479275400193,57.75976258414104,56.57894934799315,24.53224354386585,29.339249414484943,6664.392675003258,79375.0,AVOID,93,94,1,-3.491655874172835
4,106,parking zone,Botanical Garden Noida,16.12041772544284,22.548116450808465,56.23067686586691,31.440753468880352,36.5773082506211,27.792787035937717,29.110465218140224,11157.652218083293,91250.0,AVOID,94,91,-3,-4.460100503788684
4,97,Multi Level Car Parking (MLCP) Noida,Noida Sector 18,28.11218058094571,0.2835537224107241,68.15763064935987,39.88008892471354,28.39748529070926,29.0708241658793,28.969823334603795,2946.3587105241027,109375.0,AVOID,95,90,-5,-5.097380136349251
4,70,DLF Downtown Multi Level Car Parking (MLCP),DLF Cyber City,14.01674278988375,0.0,59.290650999700034,56.13756899167925,46.36896837756625,25.316771571378844,28.474601092306955,1558.3327113313048,87500.0,AVOID,96,105,9,-1.308922391706094
4,79,OSM Parking node-728709435,Sector 29 Gurugram,12.244411980079027,0.0673848975468272,76.46400667031757,54.1527946456101,34.14819828977811,27.391400018587728,28.40491975926628,1208.2506634221647,86250.0,AVOID,97,104,7,-2.162424405738836
4,60,OSM Parking way-962692147,Vasant Kunj,16.832556140175743,6.197760330709737,54.52605616274318,55.460505131732546,35.210972907255226,27.173166022237076,28.378837054989795,4508.717920855004,104375.0,AVOID,98,92,-6,-5.159290688461034
4,94,OSM Parking way-151993565,Udyog Vihar,7.244084615644571,8.31500547115984,53.413227387719296,53.56466848246816,53.54000825428064,23.880777803542884,28.329662371153542,5090.69154743423,106250.0,AVOID,99,101,2,-2.8478597471476803
4,25,OSM Parking way-150520028,Saket,16.33991946988673,21.758943144596874,29.282795620549603,34.1693362147754,53.47493483997674,23.36415459107528,27.8807716284105,10563.230893602986,123750.0,AVOID,100,95,-5,-4.54967176292773
4,24,OSM Parking way-239641076,Saket,11.955976255815523,15.379095261708898,49.67541051328921,18.281073889122712,64.28358922958692,20.735340414745497,27.26757773697171,7297.272231176069,118125.0,AVOID,101,98,-3,-4.520209965590041
4,98,GIP & WOW parking lot,Noida Sector 18,11.756286579602715,20.7698196236839,65.27181975194758,28.95022746916594,28.62266958887177,26.88546819172802,27.14604840129958,9978.41203241904,87500.0,AVOID,102,102,0,-3.6163868641141583
4,69,OSM Parking way-1093273543,DLF Cyber City,11.65961064254934,18.463776082629707,35.24743614904437,31.813483028316917,58.819637258928246,21.37995892944285,26.99591067886566,8173.200865682762,108750.0,AVOID,103,99,-4,-4.710905737147289
4,111,OSM Parking node-571595174,Indirapuram,16.00157540646425,3.917282658982696,27.474162319083533,56.988192272459074,55.29755055238622,21.704878206372168,26.74377905827427,3991.038570186789,120000.0,AVOID,104,100,-4,-4.922196954627928
4,103,OSM Parking way-1327222658,Noida Sector 62,7.4460143461390995,0.0,95.5,33.83163204125022,32.61704813912732,25.45123424709325,26.52610633089836,2591.0393922601247,89375.0,AVOID,105,108,3,-2.2551070662505985
4,71,OSM Parking way-1093273545,DLF Cyber City,8.68197645150202,25.465410906268215,28.747778979852185,43.60119649587587,43.81410160490865,23.321519980443377,26.395407224113168,13478.53870892522,158750.0,AVOID,106,107,1,-2.5532294300897753
4,81,OSM Parking way-1305530431,Sector 29 Gurugram,12.65981695118352,0.0267489069741539,37.605667229308494,54.72954421222184,55.94013816771235,20.770487092150756,26.045934753484993,3202.950941386197,110000.0,AVOID,107,103,-4,-4.628239542119715
4,115,OSM Parking way-608015611,Indirapuram,6.017744974061693,0.0,27.096622080194276,50.67573100939569,80.13707412181365,15.848442889008238,25.49173757392905,1685.2840413557349,48750.0,AVOID,108,114,6,-0.0253776435045338
4,62,OSM Parking way-251320382,DLF Cyber City,14.31546172615926,11.074521855221596,29.522293088812468,38.3473429827754,49.523058109322456,20.286722814578063,24.672173108789725,5764.922735906171,63750.0,AVOID,109,111,2,-3.4571080695104293
4,78,OSM Parking node-297255245,Sector 29 Gurugram,18.94547771436,0.8182892459530213,45.66837347625217,54.259022581753534,24.10015105740181,24.56155886411425,24.492347693107384,3269.819068215107,121250.0,AVOID,110,106,-4,-4.99703025084353
4,114,OSM Parking way-554394259,Indirapuram,7.291325206630079,0.0,50.73859135956651,58.60147565143046,39.08049163796644,21.86871483957479,24.450481359333537,3091.7440489713913,128750.0,AVOID,111,109,-2,-4.299030034753688
4,58,OSM Parking way-982729144,Vasant Kunj,4.344381270793128,0.0,67.52192469289984,39.06899336618765,46.8768985862003,20.343473047177717,24.323486878031105,274.04488807138125,60000.0,AVOID,112,115,3,-0.1396758753024016
4,88,OSM Parking way-226082166,Udyog Vihar,11.575253218844548,23.396859393299565,32.815626422145804,15.182178524290087,48.24488559892329,19.43701359522781,23.75819439578213,11992.408014771332,168125.0,AVOID,113,112,-1,-4.016136344164785
4,57,OSM Parking way-982896113,Vasant Kunj,9.887008842337776,10.95066891493351,51.68859135956651,40.24799219602926,27.675926980112468,22.9344204879695,23.645646461790943,5702.652654447806,110625.0,AVOID,114,110,-4,-4.884746958550025
4,64,OSM Parking way-151988184,DLF Cyber City,16.137737554016795,10.463648403921791,28.014542306333514,31.739883367615302,45.03761369966617,19.318114374444484,23.176039273227733,5746.031621421464,83750.0,AVOID,115,113,-2,-4.074339469529569
4,92,OSM Parking way-120114001,Udyog Vihar,7.359624983226726,0.0,56.07553481432455,39.45282016925374,34.21333635583675,19.455459697064423,21.66914119588027,2448.321698685442,61875.0,AVOID,116,116,0,-2.700689126508891
4,91,OSM Parking way-1093273473,Udyog Vihar,9.341563715276743,0.0,33.11898675077796,20.368847816507095,66.05528700906345,12.736052117265624,20.733937351035294,2007.9955280967945,50000.0,AVOID,117,119,2,-0.0596546487193627
4,113,OSM Parking way-1327221069,Indirapuram,11.094034553479355,0.0,30.429955413527612,52.12118602853661,30.92896988204104,18.483390096886403,20.3502270646596,2476.743613849315,116875.0,AVOID,118,117,-1,-3.4973774058461764
4,76,OSM Parking way-1451095896,Sector 29 Gurugram,11.006845799424532,0.0,41.734299402178095,54.3420558106597,15.886620339686012,20.8394200255918,20.09650007270593,966.1043095090292,61875.0,AVOID,119,118,-1,-1.9348032349781192
4,89,OSM Parking way-226082173,Udyog Vihar,13.049440747556538,4.559812422392882,22.310501902293108,12.485738784136878,41.55196354291616,12.0873193327408,16.507015964267104,4138.55009466398,61875.0,AVOID,120,120,0,-3.5921701921010047
5,52,MCD Parking,Lajpat Nagar,81.91400215185098,94.90709471384872,56.62981459994283,82.66676549587018,74.72827985670894,81.40642510398757,80.40470331689578,236563.32625422036,82000.0,ACQUIRE_NOW,1,1,0,2.1061304397645273
5,17,OSM Parking way-1265773838,Nehru Place,84.19563151742703,95.82378691175737,32.27897596098332,72.30151038624352,88.0234572017582,76.35495192382527,78.10522771551521,174627.61995928962,67500.0,ACQUIRE_NOW,2,4,2,4.384814318947065
5,18,OSM Parking node-786590777,Nehru Place,83.90716413798003,100.0,34.07190525391261,74.58768499336001,66.18293051359517,78.201279739394,76.39852735552418,415831.7368461219,126500.0,ACQUIRE_NOW,3,2,-1,0.0
5,1,OSM Parking node-928559154,Connaught Place,87.6022292064125,100.0,28.01778309409893,62.87070786512365,71.1426197378961,76.36934400683192,75.58533536649155,294641.28528225824,91500.0,ACQUIRE_NOW,4,3,-1,0.0
5,41,OSM Parking way-1386106209,Karol Bagh,77.47988798654683,95.83657249999024,51.497771538194435,54.36605991934002,80.75025628931456,74.21492263481386,75.19522268298897,277516.67046274565,134000.0,ACQUIRE_NOW,5,7,2,4.180523132323202
5,51,OSM Parking way-1384231629,Lajpat Nagar,81.4210944538978,53.84042595278533,88.87147265290734,70.93730452378318,87.70854330244416,72.77382517749324,75.01403289623588,33149.55637590722,83000.0,ACQUIRE_NOW,6,6,0,2.0073249389142944
5,6,OSM Parking node-928558934,Connaught Place,87.38216251229545,100.0,17.59272727272732,61.80513866298516,77.88515327345254,74.26391605181824,74.80710163506339,543365.4095883715,74500.0,ACQUIRE_NOW,7,5,-2,1.1124020734935982
5,3,Palika Parking,Connaught Place,85.25427129578631,87.37153363490125,24.088405797101448,62.8740276089353,84.3985868102288,71.13356448043143,73.12331782990104,108346.5322898796,42500.0,ACQUIRE_NOW,8,8,0,3.16676479582091
5,8,OSM Parking node-5634145022,Connaught Place,82.90648175569606,95.55418429924995,25.96424242424247,62.020112208047934,64.51906535519836,72.89193387807632,71.63600359964462,171989.02593822466,56500.0,ACQUIRE_NOW,9,9,0,3.352715969999764
5,16,OSM Parking way-1265773840,Nehru Place,81.67623323190217,88.7823007260181,30.06455928808151,71.72260840059158,63.663853569874725,72.9017885933837,71.51609833985735,155513.65780774294,131000.0,ACQUIRE_NOW,10,11,1,4.546727914585716
5,21,OSM Parking way-1426212235,Nehru Place,77.30244715997092,94.83841463116164,26.41112439882522,56.14644313165036,78.12427441620278,69.74585051218001,71.00261409778344,332971.4629742466,124500.0,ACQUIRE_NOW,11,12,1,4.071360141916415
5,13,OSM Parking way-1298783157,Nehru Place,76.42289146108635,95.8695969093541,21.37887495088231,68.57702341312249,70.23145267206922,71.04429578854723,70.92236932107554,355608.1149259747,92000.0,ACQUIRE_NOW,12,10,-2,3.3811975182978387
5,19,Metro Station Parking,Nehru Place,79.52184595510123,92.73053856067428,32.25334662104744,72.34747552739961,54.16586021396071,73.79919029290117,70.8541907810601,156676.62381790843,112000.0,PURSUE,13,14,1,4.60607245073318
5,15,Eros,Nehru Place,78.70443622098578,91.69939428402522,28.955238587245947,71.01710969630943,59.720197980750854,72.39062550568863,70.49006137694796,241917.43568895815,116000.0,ACQUIRE_NOW,14,13,-1,3.83619893581708
5,22,Lotus Temple Parking,Nehru Place,71.87918943173908,96.51474229966269,46.48204131829587,59.48366683043432,57.808329707684614,72.45564544323166,70.25854808289961,266941.2333735732,78000.0,ACQUIRE_NOW,15,17,2,4.7743576550675755
5,55,OSM Parking way-1270655678,Lajpat Nagar,81.4428900553814,68.47236090015952,50.42611089623913,77.96635650337944,48.18893967056068,71.5409733548201,68.03816830218119,86783.12006759227,146500.0,PURSUE,16,15,-1,1.8840894632078289
5,46,OSM Parking way-80414532,Karol Bagh,74.08624802038733,74.10016673019354,53.509676300099194,56.80454263565519,71.41597683108814,67.40946932826793,68.01044545369096,113500.29635968256,148000.0,ACQUIRE_NOW,17,16,-1,2.2352301348123262
5,7,OSM Parking way-1237304338,Connaught Place,82.59772301336021,85.6721123603195,21.799076479076525,55.14158020008884,61.3,67.9275805834856,66.93344349596275,98431.77644113454,33000.0,ACQUIRE_NOW,18,18,0,3.3652581164410265
5,12,OSM Parking way-454517227,Nehru Place,85.06347706061777,68.92980789268675,34.84624091824828,62.26608887182572,59.31684300195582,67.43334654102131,66.21587101016148,67182.67870093194,65000.0,ACQUIRE_NOW,19,20,1,3.972144091287916
5,2,OSM Parking node-928559077,Connaught Place,68.4505004436198,90.60005976151452,19.733908660910732,67.05174913398554,63.33002850369816,66.12119263846942,65.70251801825374,226076.77409506816,108000.0,ACQUIRE_NOW,20,21,1,3.907078903782349
5,43,OSM Parking way-1386957470,Karol Bagh,74.46981404558713,71.06764755328761,57.869676300099194,61.46122511876633,50.14611520210789,68.24410742920925,65.52940859514405,89513.15580606103,91000.0,PURSUE,21,19,-2,3.245888556606758
5,4,OSM Parking way-1306327527,Connaught Place,79.96308670038783,88.80159948089437,20.29421678416003,58.59294983570482,45.0845707977376,68.26164808625843,64.78508649298031,117459.6002559979,77500.0,PURSUE,22,22,0,3.2952966455154353
5,14,OSM Parking way-1265773839,Nehru Place,70.64759511121245,76.62492695468788,30.027522251044473,69.65785804330568,62.06638982975038,65.0627262543391,64.61327579065079,119532.1822947106,137000.0,ACQUIRE_NOW,23,23,0,3.714701491707437
5,45,OSM Parking way-80414548,Karol Bagh,58.14848848902293,87.57439116786728,29.42910349792475,64.50439793426938,64.53721399730821,62.856670062944495,63.10875165309905,315094.42856505554,230500.0,ACQUIRE_NOW,24,24,0,2.7513154747570496
5,42,OSM Parking way-1386957479,Karol Bagh,74.58245099791644,54.71213644398673,47.869676300099194,58.59877760163739,69.48091309421672,61.203573524273054,62.4451744597646,39255.66282177851,57000.0,ACQUIRE_NOW,25,25,0,3.316763174082709
5,9,OSM Parking node-928559229,Connaught Place,82.7308257509785,68.21017670985967,20.82945249597423,55.903605412831226,58.66362728873311,62.802059516563865,62.18129468238925,65032.08436192475,93000.0,ACQUIRE_NOW,26,26,0,4.08097171664798
5,85,OSM Parking way-1435149349,Golf Course Road,43.29782201230869,53.484080945628946,92.59394223043812,59.09654564699649,86.60169184290031,57.78110590790005,62.104193798150085,39208.6149511199,58500.0,ACQUIRE_NOW,27,27,0,4.375246360315927
5,5,OSM Parking way-1306327526,Connaught Place,87.14192812249388,61.40921385285795,18.270407260350503,59.19932571793815,54.49763695803328,62.48863746671288,61.289987390410936,49438.46693479471,61500.0,PURSUE,28,28,0,3.799544541385316
5,10,Gurudwara Bangla Sahib Parking Gate No 2,Connaught Place,71.65019662988284,43.69634335392275,56.58687472255453,86.01751018313519,41.88091309421672,63.30565007446941,60.09193952743151,25661.846014563187,57000.0,PURSUE,29,29,0,4.342105759772622
5,83,OSM Parking way-1433732982,Golf Course Road,37.92414777824482,79.54885046663456,66.60394223043812,64.71322370954908,57.56722054380665,59.9553315778002,59.59711492270117,125059.06331302309,140000.0,ACQUIRE_NOW,30,30,0,4.4642521148631005
5,44,OSM Parking way-1386957481,Karol Bagh,68.40005759787911,69.71304335101797,53.9996763000992,59.4541155925863,26.36983060427027,64.66629047178947,58.92182149166159,57141.92912990927,112000.0,PURSUE,31,31,0,5.227777231544486
5,40,Shamshan Ghat Parking,Rajouri Garden,47.81917852664819,58.46870235012594,86.17665783809252,58.1645738301028,48.79596142038685,59.546016347947344,57.933508108813264,62522.62308827144,92000.0,PURSUE,32,32,0,4.389147540148834
5,50,OSM Parking way-1289814788,Karol Bagh,75.4680154266927,37.49459487323316,61.1833800038029,72.5098689419321,36.704984894259816,61.256518456678066,57.573788422315324,16320.99680152392,98000.0,PURSUE,33,33,0,4.536579144542671
5,34,OSM Parking way-1305711567,Dwarka Sector 21,42.816218864989246,43.60197070363052,95.5,65.02928814724912,46.41876324039474,56.26441359704915,54.78756604355098,31431.66699734273,104500.0,PURSUE,34,35,1,4.006382770932575
5,11,Parliament Visitor Parking,Connaught Place,42.89072390910925,54.46449539789186,18.48591511936339,87.63531890117801,82.55434874539,49.88414838269053,54.78467843709545,45466.851561448886,50500.0,ACQUIRE_NOW,35,34,-1,3.219686104854148
5,118,Sector -12 Court Parking,Faridabad Sector 15,37.01435080470473,67.40075202462216,54.59289555920646,65.67874523688232,56.66022880215343,54.112046314094435,54.49427368730328,103707.8605234062,179500.0,PURSUE,36,36,0,4.147409490130272
5,20,OSM Parking way-454514534,Nehru Place,69.00053818014872,50.20013573310795,21.966679954380776,59.67927532757821,51.58392367026792,53.525986681900534,53.23467723015564,33154.02839372327,46000.0,PURSUE,37,39,2,3.714206034549079
5,101,OSM Parking way-71656926,Noida Sector 62,29.164324136281905,57.493421253117994,81.11581424157968,48.79475862921605,70.3343327247665,50.128515864451096,53.1593883934984,66212.7968611028,142500.0,ACQUIRE_NOW,38,38,0,3.3917090364292335
5,104,OSM Parking node-7151184473,Noida Sector 62,45.08711623010439,54.056883341767445,46.06222736081141,66.03043054699755,61.32761097534694,51.59324045958179,53.05339603694656,56661.42430458203,143500.0,ACQUIRE_NOW,39,40,1,4.067674207129407
5,86,OSM Parking way-144272815,Golf Course Road,37.88118106978281,43.756474658038144,67.01516435966221,56.97370669422071,77.37625206865285,48.11976899238449,52.508241453824745,22814.601131253083,46000.0,ACQUIRE_NOW,40,41,1,4.318255765159741
5,49,OSM Parking way-463710736,Karol Bagh,78.17944702511615,27.554829681992175,51.25189852232142,53.20511886631607,38.74368710177162,54.13069898391589,51.82264720159425,13028.159557766588,99000.0,PURSUE,41,37,-4,1.5099560660976152
5,99,OSM Parking way-1514695589,Noida Sector 18,36.829666892811574,49.78874124871538,67.10219555232379,54.79792345565807,63.813681368502806,49.15423909555247,51.353155436495015,42615.00095722609,100000.0,ACQUIRE_NOW,42,43,1,3.8966318181867337
5,75,OSM Parking way-1217765675,Sector 29 Gurugram,14.53466926098291,67.19194589323688,58.558169127100655,66.2158075442423,74.0730124871408,46.911157355653565,50.98543562537665,105121.5762153425,161500.0,ACQUIRE_NOW,43,42,-1,2.9722921570688072
5,120,OSM Parking way-153527300,Faridabad Sector 15,23.21086329223232,55.57083528555067,73.7962288925398,57.64979150241513,66.774946021884,47.73278925682423,50.5891127715832,46458.991220192074,86000.0,ACQUIRE_NOW,44,44,0,3.7567043488485297
5,72,OSM Parking way-224348146,Sector 29 Gurugram,34.28102520936432,62.160980207861456,46.005410513289206,61.89807964112135,56.27866837715963,49.42361898580735,50.451876394510194,76947.83531948745,141000.0,PURSUE,45,46,1,3.8267266152673898
5,102,OSM Parking way-71656927,Noida Sector 62,33.73710243610377,52.90741606711913,73.15661984849525,40.817474870605984,64.71128620396613,47.5812928887954,50.15079188607101,38882.806109210665,60000.0,ACQUIRE_NOW,46,47,1,3.9992751905038944
5,31,DLF South Court Parking,Saket,35.31964104157886,49.31033288317349,43.58566722930849,61.32608847391759,73.1184393716988,45.48263398676582,49.62800479450576,45224.435621632816,80000.0,DEVELOP,47,48,1,3.63943541381596
5,84,OSM Parking way-1313204367,Golf Course Road,14.20796019085352,59.205809555358066,85.92727556377146,70.42120685564808,46.579811574697175,50.01895624589235,49.50308454521307,78734.86274097444,270000.0,PURSUE,48,45,-3,2.7781518798927607
5,26,OSM Parking way-633000310,Saket,31.53492363834645,59.06697232331335,54.72912150805304,31.851923713947265,79.71574018126888,43.78161994780273,49.17173798282265,71223.33333941396,143500.0,DEVELOP,49,49,0,3.726795228492143
5,33,OSM Parking way-1534261317,Dwarka Sector 21,28.06817900644637,39.505188145127555,95.5,67.20854741699077,40.69383876909565,50.238862177369896,48.807108666128755,27550.81451584752,92500.0,PURSUE,50,50,0,3.4423559045372514
5,68,OSM Parking way-1093273472,DLF Cyber City,25.921861744349457,72.66628864311303,31.637505269296476,32.147520582148374,87.26315085816056,41.77751124917626,48.6003571905239,118407.09993773214,104500.0,DEVELOP,51,52,1,3.7610462976008776
5,36,OSM Parking way-1436470011,Rajouri Garden,43.599846127173066,41.69763527550904,49.95981459994284,49.23332310480009,62.30619335347432,45.15686272087132,47.729262315761765,27545.889551724733,71500.0,DEVELOP,52,54,2,4.02706854498669
5,47,OSM Parking way-1460536295,Karol Bagh,56.37008785422183,32.56594153239719,52.34467135698334,66.12700039220792,30.15251369275372,50.38030882558181,47.346139555657594,16395.67186826112,83000.0,PURSUE,53,55,2,3.8057396810878856
5,48,OSM Parking way-80418116,Karol Bagh,79.77590936669027,35.02352924429555,32.63869164780797,47.993261041395,14.781117824773414,52.68640944054284,47.00061569817743,13124.914695194217,83500.0,PURSUE,54,51,-3,1.8613161325335383
5,90,MSIL Material Gate,Udyog Vihar,32.69587520113523,60.22186182954516,49.558894027478075,34.57822030610591,62.17076716016151,44.09975902089936,46.81041024178869,74339.8894308703,167500.0,DEVELOP,55,56,1,3.769092881415084
5,29,OSM Parking way-1385319902,Saket,43.64389291647248,51.458838904071285,40.29564911309307,47.73233386300454,50.202675322140585,46.07302946749906,46.69247634569529,39452.31513980559,86500.0,AVOID,56,58,2,4.241013947778981
5,23,OSM Parking way-239641077,Saket,28.198662186298797,51.02226549478165,49.258743846622544,21.994727219013505,95.5337164186994,37.53315963462407,46.233243152235374,41279.66847446031,57500.0,DEVELOP,57,57,0,3.7286801382467583
5,56,OSM Parking way-1200970626,Lajpat Nagar,29.23751751141315,34.67999199678567,54.29745407787697,77.19014217434427,57.914263844217736,43.72281492994536,45.85153226708621,20713.649694574746,97000.0,DEVELOP,58,59,1,3.4549117722750253
5,80,OSM Parking way-24636762,Sector 29 Gurugram,42.72050649549018,38.629426035279906,56.366228892539795,55.80897618800208,43.26246172738104,46.23504614064507,45.789158478655466,21819.162972246708,81500.0,AVOID,59,61,2,4.1685946889808605
5,117,OSM Parking way-1256890554,Faridabad Sector 15,31.211311216367186,32.74862685047465,95.5,54.36204467430363,38.22589526415731,47.09394915138161,45.76374106829796,16149.428162058786,69500.0,PURSUE,60,60,0,3.734329989620925
5,53,OSM Parking way-202800243,Lajpat Nagar,12.3146700564655,39.349029918767016,59.950391180519006,77.1038961377848,76.64034119048684,40.105648934561145,45.58585277295,25832.93441004891,87500.0,DEVELOP,61,53,-8,1.6335160346695048
5,32,MGF Metropolitan Parking,Saket,51.56921957080192,39.8067054638349,37.56342689087085,57.66894390490051,37.10377643504532,46.714468066547056,45.2728643218218,26124.331707191115,124500.0,PURSUE,62,63,1,4.2668024005316525
5,30,Salcon Rasvilas Parking,Saket,30.42134630265774,47.709226229198094,43.58566722930849,53.91506114011808,62.919702520605206,41.97508200413039,45.11677508160162,32277.304300594787,78000.0,DEVELOP,63,62,-1,3.7804388193531935
5,38,OSM Parking way-1376710968,Rajouri Garden,34.692055284757835,33.538660716910584,61.519444229572464,47.559071163291485,62.91393001345895,41.35771655715834,44.591148575603434,17685.036198607053,41000.0,DEVELOP,64,64,0,3.658571892224053
5,67,OSM Parking way-692610367,DLF Cyber City,30.639883558817473,56.45724248894636,31.65232008411129,26.89925014852233,82.3301874087658,37.75177791150221,44.43853933609174,57950.49527593706,88500.0,DEVELOP,65,65,0,3.5842779567652414
5,100,OSM Parking way-71596234,Noida Sector 18,41.58039575567313,24.619123178550783,84.62147265290734,59.82142169674553,24.397549942464003,47.40627491033832,43.95496616515717,11362.543353604344,102500.0,PURSUE,66,67,1,3.886097228846836
5,105,OSM Parking way-1193997714,Botanical Garden Noida,33.50188816593672,34.360880220445814,61.25860607689176,37.1573436292285,68.31315236263535,39.29785760095354,43.65015181520581,21840.39484344821,92500.0,DEVELOP,67,66,-1,3.4627109301739054
5,28,OSM Parking way-633000303,Saket,28.71123268485854,50.972032567729485,51.91594690487843,30.49717729493028,59.52161218705908,39.6686430321897,42.646588405420104,41131.34613734082,90000.0,DEVELOP,68,69,1,3.7556349712811183
5,37,OSM Parking node-1374470937,Rajouri Garden,37.61733903205064,33.43998374153289,51.6264812666095,49.98551033716466,50.82231278437623,41.04352515948769,42.51034330322097,19036.377209540067,111000.0,AVOID,69,70,1,3.6869868095151688
5,74,OSM Parking way-24501706,Sector 29 Gurugram,13.045085479837898,42.24468179050738,44.25233389597516,63.337322275495,76.18584118438761,36.015464137998514,42.04102069495688,32338.33645857602,185000.0,DEVELOP,70,68,-2,2.615786977893528
5,95,"Final vehicle parking area ""B""",Udyog Vihar,23.100998442840822,49.76704802111716,45.04619035068226,60.24902034965482,42.58015658736323,41.37216840374365,41.553366631286586,47680.02254753283,142000.0,AVOID,71,72,1,3.330670152746734
5,59,OSM Parking node-449455817,Vasant Kunj,16.387523881476167,31.10209407226794,95.5,49.76074692355947,45.860714300236246,40.56575614240442,41.359999866079185,17380.976733272586,90500.0,AVOID,72,71,-1,2.8107759600510533
5,63,OSM Parking way-1106809494,DLF Cyber City,29.148347142231337,51.17133297660897,31.875234265283055,41.344277552879475,56.5958354511188,38.25913430534826,41.009639477213845,43732.33691215292,63500.0,AVOID,73,74,1,3.3037791220195274
5,93,OSM Parking way-120114009,Udyog Vihar,17.419548871091248,35.59250058616985,54.40886814765789,41.90853470406294,81.76039888912834,33.61364733603289,40.83566006899721,20235.544916280807,88000.0,DEVELOP,74,73,-1,3.0701189219514404
5,27,Religare Parking,Saket,28.39108888547748,40.077358080390056,26.21006781994849,49.178596240159024,69.68631822488238,35.11172446441986,40.29791352848924,27298.176020225757,68500.0,DEVELOP,75,76,1,3.4204012736284923
5,87,OSM Parking way-152002367,Udyog Vihar,23.54452499019063,50.41517701719025,45.31558657396468,30.741511567400245,60.6528263795424,36.559666438305285,40.17364042949085,49936.63509859635,225500.0,DEVELOP,76,75,-1,3.169766672032573
5,65,OSM Parking way-692610360,DLF Cyber City,28.007558295217137,46.32165677012579,29.193766115374338,31.96400436634139,71.3309315138676,34.30158500394582,39.85598698043408,36371.75734885145,89000.0,DEVELOP,77,77,0,3.1183464218029684
5,61,IIMC parking,Vasant Kunj,16.436482825799622,29.75457083540542,55.39796092464794,59.7654038664388,64.45335388093505,34.87540267676971,39.31209535739451,15549.508123013286,82000.0,DEVELOP,78,78,0,3.2015248160488383
5,66,OSM Parking way-1418601779,DLF Cyber City,29.791852678062103,32.337986963825976,42.856190350682255,45.927542035036105,59.78494602188401,35.69366164968574,39.307354305515474,17452.508157089374,86000.0,DEVELOP,79,79,0,3.2554402898971517
5,35,OSM Parking node-850627124,Dwarka Sector 21,28.773545056452853,21.373313159269173,95.5,33.828092816990605,39.08499103414344,39.26424203447263,39.23735438442325,8133.190240057601,53500.0,AVOID,80,80,0,3.667914967595742
5,108,OSM Parking way-402582932,Botanical Garden Noida,32.52817972878462,23.42544657450417,67.98622512451081,53.796981884824575,34.607531522813126,39.861525427837336,39.07342634208371,11040.912735890208,70500.0,AVOID,81,81,0,3.605660273878378
5,82,OSM Parking way-1443588429,Golf Course Road,32.27749854461408,5.993698622921571,90.30764593414185,56.61990020209141,35.41625991631867,39.08330134064659,38.5332451269974,4275.694403989092,50500.0,AVOID,82,82,0,3.48233359408993
5,39,OSM Parking way-1272464500,Rajouri Garden,32.475890117327076,25.00929523882475,56.883724513852336,43.76093983774523,47.957379855489094,36.5785770560517,38.28539747596731,10387.11667896757,77000.0,AVOID,83,86,3,3.6931533875678184
5,107,car parking,Botanical Garden Noida,23.010175682640153,28.58909171905677,64.32322146150715,48.89962309877447,48.21477170611508,36.510296845409975,38.26596807451574,12905.014470128794,49500.0,AVOID,84,83,-1,3.3815459241181784
5,97,Multi Level Car Parking (MLCP) Noida,Noida Sector 18,45.26507601000801,15.522962629811408,68.15763064935987,39.88008892471354,29.719237556570285,39.60696634890149,38.12380703005181,6731.167797133881,87500.0,AVOID,85,90,5,4.056603559098761
5,112,OSM Parking node-571595195,Indirapuram,21.850326848157117,39.4844311416035,26.474162319083533,58.53133289582301,59.56939979587936,34.32591779068705,38.1124400914659,23897.684895620292,108500.0,DEVELOP,86,84,-2,3.4360796536063134
5,54,OSM Parking way-1297324904,Lajpat Nagar,26.515914174612703,21.59751005948283,55.3064812666095,70.50607434098588,39.17130885241102,37.91298248046332,38.10173143625548,9122.075565740804,103000.0,AVOID,87,85,-2,3.4328651924459734
5,73,OSM Parking way-475681096,Sector 29 Gurugram,25.219719315390076,29.039824800637867,35.85279197023593,56.27949781847038,61.1792732166891,33.700841721273456,37.8226064455858,14609.940659673235,45000.0,DEVELOP,88,87,-1,3.381561682867847
5,77,Metro Car Parking,Sector 29 Gurugram,28.482292169974393,30.70443661745754,43.62900056264183,56.417886533314,43.4671768327146,36.73862337617656,37.747906394657264,15898.95087120135,99500.0,AVOID,89,89,0,3.38793048610016
5,116,OSM Parking way-153527302,Faridabad Sector 15,18.69755920497775,13.804271495992388,80.01823825254705,52.80175804401343,57.42638015231791,34.098041270559406,37.597292102823175,6334.327057493416,80000.0,AVOID,90,88,-2,3.1719786130766465
5,60,OSM Parking way-962692147,Vasant Kunj,32.22660810630069,22.685074278407967,54.52605616274318,55.460505131732546,36.47230221239118,37.45557081842772,37.30808052752224,10300.489470890368,83500.0,AVOID,91,92,1,3.769952784071407
5,106,parking zone,Botanical Garden Noida,27.61664827004614,39.431644818183344,56.23067686586691,31.440753468880352,37.68002728385373,36.81602380679031,36.94562432834982,25490.456757256845,73000.0,AVOID,92,91,-1,3.3750586064209145
5,109,OSM Parking way-1258173789,Botanical Garden Noida,35.22377347191352,2.1967660869730237,78.12996618862427,53.7518820032186,33.62726535275868,36.35129504952205,35.94269059500754,3167.2911484104807,46500.0,AVOID,93,93,0,2.5069003885067502
5,25,OSM Parking way-150520028,Saket,27.597392172697404,38.87387057981642,29.282795620549603,34.1693362147754,54.97040311792236,32.371182437720094,35.76106553975043,24132.458607547585,99000.0,AVOID,94,95,1,3.3306221484122034
5,110,OSM Parking way-554394266,Indirapuram,11.191571643799092,29.88919420459484,50.62479275400193,57.75976258414104,57.538163849503725,31.867592170599863,35.718177922435444,15225.283059121211,63500.0,AVOID,95,94,-1,2.887272633777662
5,111,OSM Parking node-571595174,Indirapuram,30.629491269869725,19.56518256765027,27.474162319083533,56.988192272459074,56.74770160978803,31.469995543064563,35.261651453073085,9117.81386455212,96000.0,AVOID,96,100,4,3.595675440170883
5,69,OSM Parking way-1093273543,DLF Cyber City,22.839161761690217,37.1799382711543,35.24743614904437,31.813483028316917,60.13383665469864,30.83043643870569,35.22594647110463,18672.263587621484,87000.0,AVOID,97,99,2,3.5191300550916793
5,24,OSM Parking way-239641076,Saket,23.040450429880465,32.71087924282879,49.67541051328921,18.281073889122712,65.71108167671683,29.74509129415662,35.13998985154065,16671.141797488162,94500.0,AVOID,98,98,0,3.352202148978897
5,119,OSM Parking node-1574481003,Faridabad Sector 15,18.04638555330533,7.330229186390288,72.89823825254705,52.91320708903416,58.7833836858006,30.727282075089825,34.93569731669644,4620.1975900270745,54500.0,AVOID,99,97,-2,3.0988688812524465
5,81,OSM Parking way-1305530431,Sector 29 Gurugram,24.949436726372205,16.3621028272546,37.605667229308494,54.72954421222184,57.269443303664005,29.91251581288807,34.01605493650446,7317.371152212275,88000.0,AVOID,100,103,3,3.341880640899753
5,96,OSM Parking way-120113983,Udyog Vihar,7.417586662612363,25.76984150997561,40.87615485796877,55.48836276982711,71.78681218055324,27.20284002405528,33.89043584752997,13235.03326657078,118500.0,AVOID,101,96,-5,1.4691793242957232
5,98,GIP & WOW parking lot,Noida Sector 18,19.075493965753537,37.12231008964856,65.27181975194758,28.95022746916594,29.68007140156059,34.27827387682968,33.58854350553932,21998.455156525477,70000.0,AVOID,102,102,0,2.8261082401255813
5,94,OSM Parking way-151993565,Udyog Vihar,9.111555195131082,24.761401138673182,53.413227387719296,53.56466848246816,54.8239961696885,29.377060263218517,33.19410064918901,11630.049961953076,85000.0,AVOID,103,101,-2,2.0165785308877844
5,78,OSM Parking node-297255245,Sector 29 Gurugram,32.84455982311941,17.700642250955795,45.66837347625217,54.259022581753534,25.565407854984898,34.43251519808897,33.10244909662336,7470.13618396408,97000.0,AVOID,104,106,2,3.613071152672447
5,79,OSM Parking node-728709435,Sector 29 Gurugram,24.359969984497713,1.8578062373468471,76.46400667031757,54.1527946456101,35.19049436228566,32.1940738259708,32.64353690641803,2760.33530046524,69000.0,AVOID,105,104,-1,2.0761927414129104
5,57,OSM Parking way-982896113,Vasant Kunj,22.662079083098035,28.20126831974786,51.68859135956651,40.24799219602926,29.012784986154767,32.51697451553617,31.991346086128956,13028.11900287289,88500.0,AVOID,106,110,4,3.4609526657879854
5,114,OSM Parking way-554394259,Indirapuram,19.398430089314836,14.225417841684903,50.73859135956651,58.60147565143046,40.636382876637136,30.32575710454732,31.872350970360795,7063.311030351309,103000.0,AVOID,107,109,2,3.12283957627357
5,103,OSM Parking way-1327222658,Noida Sector 62,13.350202818683078,11.874194834176926,95.5,33.83163204125022,33.69710856208805,31.02747571804316,31.42792064464989,5919.415329840917,71500.0,AVOID,108,108,0,2.6467072475009346
5,70,DLF Downtown Multi Level Car Parking (MLCP),DLF Cyber City,22.351023455648217,0.8530926582314802,59.290650999700034,56.13756899167925,47.42637019025507,28.50919199995203,31.346768728497484,3280.701700907546,70000.0,AVOID,109,105,-4,1.5632452444844347
5,62,OSM Parking way-251320382,DLF Cyber City,21.787231594550335,25.651521322698105,29.522293088812468,38.3473429827754,50.29345085856717,27.211170846797415,30.673512848562876,11707.356370931937,51000.0,AVOID,110,111,1,2.5442316702627217
5,88,OSM Parking way-226082166,Udyog Vihar,20.0955435792156,39.412714012587365,32.815626422145804,15.182178524290087,49.89443242671785,27.154720375149303,30.565677182884585,27172.655969188756,134500.0,AVOID,111,112,1,2.7913464429376695
5,71,OSM Parking way-1093273545,DLF Cyber City,9.437428309688638,39.86342920170553,28.747778979852185,43.60119649587587,45.7325306079298,27.82286131140256,30.50931170588165,28518.800746840978,127000.0,AVOID,112,107,-5,1.5606750516787071
5,64,OSM Parking way-151988184,DLF Cyber City,26.01121855834628,26.024169297759865,28.014542306333514,31.739883367615302,46.04969829181118,27.379496168277853,30.18002648680785,12578.231039736533,67000.0,AVOID,113,113,0,2.9296477440505484
5,92,OSM Parking way-120114001,Udyog Vihar,16.389631509320257,10.952984920563985,56.07553481432455,39.45282016925374,34.96107049480956,25.863986977028016,27.228549504695245,5593.366522667591,49500.0,AVOID,114,116,2,2.858719182306082
5,113,OSM Parking way-1327221069,Indirapuram,24.242401136692628,10.773528632395688,30.429955413527612,52.12118602853661,32.34135658898968,26.292674959313345,27.199977203764796,5658.298426376595,93500.0,AVOID,115,117,2,3.3523727332590205
5,115,OSM Parking way-608015611,Indirapuram,7.082669958723983,3.3330024522447985,27.096622080194276,50.67573100939569,80.30625841184387,17.2045936048434,26.669843325893467,3850.152266822765,39000.0,AVOID,116,114,-2,1.1527281084598826
5,58,OSM Parking way-982729144,Vasant Kunj,8.36096931447584,0.0,67.52192469289984,39.06899336618765,47.60197411490121,21.76109235671279,25.637224620441057,626.0752022373788,48000.0,AVOID,117,115,-2,1.1740618671075502
5,76,OSM Parking way-1451095896,Sector 29 Gurugram,23.327543181009652,0.0,41.734299402178095,54.3420558106597,16.63435447865882,25.187901454386548,23.904869408027388,2207.134587384534,49500.0,AVOID,118,118,0,1.8735661003433393
5,89,OSM Parking way-226082173,Udyog Vihar,21.364684524522044,19.49003885342637,22.310501902293108,12.485738784136878,42.29969768188897,19.41335432197377,22.84630582596105,8856.662010826853,49500.0,AVOID,119,120,1,2.7471196695929407
5,91,OSM Parking way-1093273473,Udyog Vihar,9.341563715276743,4.119636528748124,33.11898675077796,20.368847816507095,66.3,13.9477099198386,21.80055343186281,4036.918735053635,40000.0,AVOID,120,119,-1,1.0069614321081524
2,52,MCD Parking,Lajpat Nagar,81.91400215185098,86.48257295479064,56.62981459994283,82.66676549587018,72.25093846698084,78.92862458661754,77.92697166867204,181556.3856748798,123000.0,ACQUIRE_NOW,1,1,0,-0.3716012084592108
2,18,OSM Parking node-786590777,Nehru Place,83.90716413798003,100.0,34.07190525391261,74.58768499336001,64.05,78.201279739394,76.0785877784849,316883.7957659745,189750.0,ACQUIRE_NOW,2,2,0,-0.3199395770392783
2,1,OSM Parking node-928559154,Connaught Place,87.6022292064125,100.0,28.01778309409893,62.87070786512365,68.37826928472388,76.36934400683192,75.17068279851571,234519.90329243283,137250.0,ACQUIRE_NOW,3,3,0,-0.4146525679758355
2,17,OSM Parking way-1265773838,Nehru Place,76.44915879637628,87.58029690123006,32.27897596098332,72.30151038624352,85.9841822772869,71.19634684271108,73.41452215789745,139122.93178494094,101250.0,ACQUIRE_NOW,4,4,0,-0.3058912386706964
2,6,OSM Parking node-928558934,Connaught Place,83.67415560065014,100.0,17.59272727272732,61.80513866298516,75.63439798644347,72.95520773006106,73.35708626851843,433614.4575657261,111750.0,ACQUIRE_NOW,5,5,0,-0.337613293051362
2,51,OSM Parking way-1384231629,Lajpat Nagar,81.4210944538978,45.81112619712815,88.87147265290734,70.93730452378318,85.2009904323535,70.41226642582936,72.63057502680797,25313.81410698316,124500.0,ACQUIRE_NOW,6,6,0,-0.3761329305136058
2,41,OSM Parking way-1386106209,Karol Bagh,67.39266635560617,91.21914592782628,51.497771538194435,54.36605991934002,79.07049798115746,69.29666012619833,70.7627358044422,220387.98157561605,201000.0,ACQUIRE_NOW,7,7,0,-0.2519637462235664
2,3,Palika Parking,Connaught Place,78.02095273354942,83.38445672630186,24.088405797101448,62.8740276089353,83.32305810932246,67.40795883828919,69.79522372894418,86502.49574398641,63750.0,ACQUIRE_NOW,8,8,0,-0.1613293051359505
2,8,OSM Parking node-5634145022,Connaught Place,74.9933366812722,91.63909450855954,25.96424242424247,62.020112208047934,62.812116714714975,68.94756214866483,68.02724533357235,137873.33212430988,84750.0,ACQUIRE_NOW,9,9,0,-0.2560422960725077
2,13,OSM Parking way-1298783157,Nehru Place,68.80186296150517,91.4900410356602,21.37887495088231,68.57702341312249,67.45199647871574,67.06641635525567,67.12425337377468,285442.06833523687,138000.0,ACQUIRE_NOW,10,10,0,-0.4169184290030188
2,16,OSM Parking way-1265773840,Nehru Place,73.36267224708465,80.57166224945628,30.06455928808151,71.72260840059158,61.802826379542395,67.55269692916521,66.69021634672178,124440.42510630476,196500.0,ACQUIRE_NOW,11,11,0,-0.2791540785498512
2,21,OSM Parking way-1426212235,Nehru Place,67.34304679112077,90.50425450611614,26.41112439882522,56.14644313165036,75.87049798115746,64.95601505110189,66.59318749061022,264785.1162113236,186750.0,ACQUIRE_NOW,12,12,0,-0.3380664652568015
2,15,Eros,Nehru Place,70.82627236247953,85.8083951709644,28.955238587245947,71.01710969630943,56.952826379542394,67.87745028708031,66.23875670094962,193956.29220412657,174000.0,PURSUE,13,13,0,-0.4151057401812608
2,55,OSM Parking way-1270655678,Lajpat Nagar,81.4428900553814,60.93600304732823,50.42611089623913,77.96635650337944,47.264468371467025,69.32439751575207,66.01540814410932,66077.76045629973,219750.0,PURSUE,14,15,1,-0.1386706948640466
2,19,Metro Station Parking,Nehru Place,71.57963704087973,83.83689945480735,32.25334662104744,72.34747552739961,51.15679676985195,68.38028152733273,65.7967588137106,125634.70087570108,168000.0,PURSUE,15,14,-1,-0.4513595166163213
2,46,OSM Parking way-80414532,Karol Bagh,73.34336231043629,66.05070904288549,53.509676300099194,56.80454263565519,70.5821399730821,64.77978681672401,65.65013979017772,85451.00422336349,222000.0,ACQUIRE_NOW,16,16,0,-0.1250755287009184
2,22,Lotus Temple Parking,Nehru Place,61.85590767747229,89.44524978451253,46.48204131829587,59.48366683043432,55.451834239406665,66.83875408432864,65.13071610759035,202491.21459961584,117000.0,PURSUE,17,17,0,-0.3534743202416877
2,7,OSM Parking way-1237304338,Connaught Place,74.62298693517744,81.78076318837473,21.799076479076525,55.14158020008884,61.08549848942598,63.96845338767262,63.53601015293562,79012.65418334173,49500.0,ACQUIRE_NOW,18,18,0,-0.032175226586105
2,12,OSM Parking way-454517227,Nehru Place,77.92370930311955,61.60895283653291,34.84624091824828,62.26608887182572,57.353096778390864,62.760235845388465,61.949164985338825,53571.65638602931,97500.0,PURSUE,19,20,1,-0.2945619335347373
2,43,OSM Parking way-1386957470,Karol Bagh,70.59934188555627,62.728659918897634,57.869676300099194,61.46122511876633,47.39687048911696,64.4254150096719,61.87113333158865,67391.79808474384,136500.0,PURSUE,20,19,-1,-0.412386706948638
2,2,OSM Parking node-928559077,Connaught Place,62.22919402828535,82.43731184478648,19.733908660910732,67.05174913398554,60.079273216689096,61.5246292222549,61.307825821420025,173865.47424258152,162000.0,ACQUIRE_NOW,21,21,0,-0.4876132930513677
2,4,OSM Parking way-1306327527,Connaught Place,72.22443068411252,84.90680011836301,20.29421678416003,58.59294983570482,42.74318106964092,64.3848285032991,61.13858138825038,94507.31471581737,116250.0,PURSUE,22,22,0,-0.3512084592144973
2,14,OSM Parking way-1265773839,Nehru Place,63.79760397381464,69.98611035273552,30.027522251044473,69.65785804330568,60.567900403768505,60.69248920527153,60.67380088504607,95893.56018260412,205500.0,ACQUIRE_NOW,23,23,0,-0.2247734138972816
2,45,OSM Parking way-80414548,Karol Bagh,51.322172403868464,84.76070857102447,29.42910349792475,64.50439793426938,64.53721399730821,59.619828327936204,60.357436178342,251315.65026736568,345750.0,ACQUIRE_NOW,24,24,0,0.0
2,42,OSM Parking way-1386957479,Karol Bagh,70.11332988616556,46.80802908175695,47.869676300099194,58.59877760163739,67.75885871355206,57.30149920182281,58.870103128582194,29554.42335537625,85500.0,ACQUIRE_NOW,25,25,0,-0.2583081570996981
2,9,OSM Parking node-928559229,Connaught Place,75.13225479354617,61.00457499218652,20.82945249597423,55.903605412831226,55.853959615017104,58.000916320507415,57.67887281468387,52002.78517351368,139500.0,PURSUE,26,26,0,-0.4214501510573996
2,85,OSM Parking way-1435149349,Golf Course Road,35.051889157763185,45.878214929819826,92.59394223043812,59.09654564699649,84.83432024169184,52.63375724870484,57.46384169765289,29519.002410028148,87750.0,ACQUIRE_NOW,27,27,0,-0.2651057401812693
2,5,OSM Parking way-1306327526,Connaught Place,80.16765723811618,54.5801607485699,18.270407260350503,59.19932571793815,52.63963091573721,58.018585065083094,57.21174194268121,39515.1258743894,92250.0,PURSUE,28,28,0,-0.2787009063444117
2,10,Gurudwara Bangla Sahib Parking Gate No 2,Connaught Place,62.56865235869486,37.22577344025786,56.58687472255453,86.01751018313519,40.158858713552064,58.19729035708986,55.49152561055919,19787.028072433874,85500.0,PURSUE,29,29,0,-0.2583081570996981
2,83,OSM Parking way-1433732982,Golf Course Road,30.51963874667961,70.57725284506041,66.60394223043812,64.71322370954908,56.25,54.703270266196554,54.93527972626707,94153.25677622668,210000.0,PURSUE,30,30,0,-0.1975830815709969
2,44,OSM Parking way-1386957481,Karol Bagh,58.62939942242583,60.52672423538395,53.9996763000992,59.4541155925863,23.360767160161508,58.51596431703125,53.24268474350079,44053.97741394524,168000.0,PURSUE,31,31,0,-0.4513595166163142
2,40,Shamshan Ghat Parking,Rajouri Garden,38.85182823582255,51.672932538521366,86.17665783809252,58.1645738301028,46.01650522703338,54.38231335953695,53.12744213966141,47071.42713214486,138000.0,PURSUE,32,32,0,-0.4169184290030188
2,50,OSM Parking way-1289814788,Karol Bagh,65.44111873863201,31.380554320735317,61.1833800038029,72.5098689419321,33.74425981873111,55.91936652192198,52.59310051644335,12970.836761895762,147000.0,PURSUE,33,33,0,-0.4441087613293035
2,11,Parliament Visitor Parking,Connaught Place,38.15855652609858,47.26435183808807,18.48591511936339,87.63531890117801,81.02866898708184,46.096282376979765,51.33614036849508,34230.64299751469,75750.0,DEVELOP,34,34,0,-0.2288519637462229
2,118,Sector -12 Court Parking,Faridabad Sector 15,28.84687932542555,60.61207983923609,54.59289555920646,65.67874523688232,56.66022880215343,49.23274103158823,50.34686419717301,78078.56994045262,269250.0,PURSUE,35,36,1,0.0
2,34,OSM Parking way-1305711567,Dwarka Sector 21,34.57087286074559,37.47085482499262,95.5,65.02928814724912,43.261663542509545,51.55102210183435,50.30761831793563,23663.969130316385,156750.0,PURSUE,36,35,-1,-0.4735649546827787
2,49,OSM Parking way-463710736,Karol Bagh,78.16209407470151,21.53582895809929,51.25189852232142,53.20511886631607,35.75275054588038,52.354280082624584,49.86405065211295,9808.514630353162,148500.0,PURSUE,37,37,0,-0.4486404833836843
2,101,OSM Parking way-71656926,Noida Sector 62,23.11180041973354,51.18961356725912,81.11581424157968,48.79475862921605,69.16816958277253,46.13826993924024,49.59275488577008,49849.64943429537,213750.0,DEVELOP,38,38,0,-0.1749244712990929
2,20,OSM Parking way-454514534,Nehru Place,61.60374118078423,44.219467994149035,21.966679954380776,59.67927532757821,50.19419557359119,49.156332523607496,49.31201198110505,26518.41957855657,69000.0,PURSUE,39,39,0,-0.2084592145015094
2,104,OSM Parking node-7151184473,Noida Sector 62,36.64172294836256,47.92065845134002,46.06222736081141,66.03043054699755,60.22187079407806,46.80774139237072,48.81986080262682,42658.704539493345,215250.0,ACQUIRE_NOW,40,40,0,-0.1658610271903313
2,75,OSM Parking way-1217765675,Sector 29 Gurugram,10.191878853787792,60.51412575359576,58.558169127100655,66.2158075442423,74.05488559892328,43.414343053219675,48.010424435075215,79142.91452312631,242250.0,DEVELOP,41,42,1,-0.0027190332326298
2,86,OSM Parking way-144272815,Golf Course Road,29.796456478329706,36.185121107142926,67.01516435966221,56.97370669422071,75.98652397197611,43.03946809219656,47.981526474163495,17176.436010730722,69000.0,DEVELOP,42,41,-1,-0.2084592145015094
2,99,OSM Parking way-1514695589,Noida Sector 18,29.114297667594037,43.46065704622947,67.10219555232379,54.79792345565807,60.79253333224903,44.56996636827396,47.00335141287022,32083.56932597485,150000.0,DEVELOP,43,43,0,-0.4531722054380651
2,84,OSM Parking way-1313204367,Golf Course Road,9.921633146519287,53.2367944889881,85.92727556377146,70.42120685564808,46.579811574697175,46.75054226954793,46.72493266532031,59277.14115638957,405000.0,PURSUE,44,45,1,0.0
2,120,OSM Parking way-153527300,Faridabad Sector 15,16.83775923998316,48.19174275285552,73.7962288925398,57.64979150241513,64.17675871070576,43.31313708170832,46.44268032605793,34977.59549798011,129000.0,DEVELOP,45,44,-1,-0.389728096676734
2,72,OSM Parking way-224348146,Sector 29 Gurugram,27.191762276720752,55.36118926596424,46.005410513289206,61.89807964112135,55.02187079407806,44.92158767372808,46.43663014178057,57931.74125314318,211500.0,AVOID,46,46,0,-0.1885196374622353
2,102,OSM Parking way-71656927,Noida Sector 62,26.656075744264648,45.40754733531048,73.15661984849525,40.817474870605984,62.89859738221386,42.87626325290847,45.87961337230428,29273.710603584168,90000.0,DEVELOP,47,47,0,-0.2719033232628405
2,31,DLF South Court Parking,Saket,28.146348386171013,43.36054241439907,43.58566722930849,61.32608847391759,70.70152094269578,41.2009452646294,45.626031616339354,34048.13523179583,120000.0,DEVELOP,48,48,0,-0.3625377643504492
2,26,OSM Parking way-633000310,Saket,24.423494121859584,52.693506829129014,54.72912150805304,31.851923713947265,78.61,39.39715497310609,45.27908172714017,53621.93362651155,215250.0,DEVELOP,49,49,0,-0.1658610271903313
2,33,OSM Parking way-1534261317,Dwarka Sector 21,21.33977291629675,33.80985183515807,95.5,67.20854741699077,37.89927683556091,46.18903170144372,44.945568471561295,20742.190488121603,138750.0,AVOID,50,50,0,-0.4191842900302092
2,48,OSM Parking way-80418116,Karol Bagh,79.75488973442346,27.603488272881577,32.63869164780797,47.993261041395,12.258459214501512,50.496625755209266,44.7609007741031,10037.362378033253,125250.0,PURSUE,51,51,0,-0.3783987915407891
2,68,OSM Parking way-1093273472,DLF Cyber City,19.64328715538016,65.15639295947265,31.637505269296476,32.147520582148374,84.10605116027536,37.352750899057575,44.36574593824024,89145.1909939636,156750.0,DEVELOP,52,52,0,-0.4735649546827858
2,53,OSM Parking way-202800243,Lajpat Nagar,10.928245787562936,34.478674902772056,59.950391180519006,77.1038961377848,73.99683665876478,38.18386536436173,43.55581105852218,20485.98660682517,131250.0,DEVELOP,53,53,0,-0.3965256797583123
2,36,OSM Parking way-1436470011,Rajouri Garden,35.37456543487069,35.45969792632512,49.95981459994284,49.23332310480009,60.14607250755287,40.419135020886976,43.378175643886856,20738.482628815913,107250.0,DEVELOP,54,54,0,-0.3240181268882196
2,47,OSM Parking way-1460536295,Karol Bagh,48.038766208971275,27.340568782346335,52.34467135698334,66.12700039220792,27.644960822663084,45.90296802430194,43.16426694405611,12946.36558895132,124500.0,AVOID,55,55,0,-0.3761329305135916
2,90,MSIL Material Gate,Udyog Vihar,25.52511700522063,53.75040013898237,49.558894027478075,34.57822030610591,62.17076716016151,39.6655321015875,43.0413173603736,55968.29620242446,251250.0,DEVELOP,56,56,0,0.0
2,23,OSM Parking way-239641077,Saket,21.41325868691867,44.25002914105078,49.258743846622544,21.994727219013505,93.79655629785348,33.14647711903965,42.24398899586173,31078.237134922125,86250.0,DEVELOP,57,57,0,-0.2605740181268885
2,29,OSM Parking way-1385319902,Saket,35.405725312697015,44.38058423748591,40.29564911309307,47.73233386300454,47.589382270781066,41.08360129364144,42.05946844021238,29702.47704860198,129750.0,AVOID,58,58,0,-0.3919939577039315
2,56,OSM Parking way-1200970626,Lajpat Nagar,22.513651791748092,28.928983771283665,54.29745407787697,77.19014217434427,54.983750249051575,39.65821284491592,41.957043455536265,15594.692034311876,145500.0,AVOID,59,59,0,-0.4395770392749227
2,117,OSM Parking way-1256890554,Faridabad Sector 15,24.065899415962477,26.385801052476612,95.5,54.36204467430363,36.12619737896093,42.70061975182758,41.71445639589758,12158.42511730381,104250.0,AVOID,60,60,0,-0.314954682779458
2,80,OSM Parking way-24636762,Sector 29 Gurugram,34.24145384534328,32.12991045953274,56.366228892539795,55.80897618800208,40.80022607783421,41.33081709478523,41.25122844224258,16427.00016732295,122250.0,AVOID,61,61,0,-0.3693353474320275
2,30,Salcon Rasvilas Parking,Saket,23.67819169957536,40.679256475484195,43.58566722930849,53.91506114011808,60.56320705232726,37.52750692253841,40.982861942006735,24300.62435580259,117000.0,DEVELOP,62,62,0,-0.3534743202416877
2,38,OSM Parking way-1376710968,Rajouri Garden,27.63066499858505,27.378041491421737,61.519444229572464,47.559071163291485,61.97435297418403,37.0535143310124,40.791640127488144,13314.538828237944,61500.0,DEVELOP,63,64,1,-0.140936555891237
2,32,MGF Metropolitan Parking,Saket,42.34861714318533,33.80421877484818,37.56342689087085,57.66894390490051,34.85,41.69470053650982,40.667995456033346,19668.233922221803,186750.0,AVOID,64,63,-1,-0.3380664652568015
2,67,OSM Parking way-692610367,DLF Cyber City,24.21811184775808,49.826256715156674,31.65232008411129,26.89925014852233,79.65647139668121,33.534980315307806,40.453203977513816,43629.20781173503,132750.0,DEVELOP,65,65,0,-0.401057401812686
2,105,OSM Parking way-1193997714,Botanical Garden Noida,26.439007956666774,28.985492750874144,61.25860607689176,37.1573436292285,65.5185904291006,35.22408003604306,39.768256595001695,16442.985012948022,138750.0,DEVELOP,66,66,0,-0.4191842900302092
2,100,OSM Parking way-71596234,Noida Sector 18,33.53673843601762,18.72712304675006,84.62147265290734,59.82142169674553,21.30087320530388,42.83439581757733,39.604367425736314,8554.52162891349,153750.0,AVOID,67,67,0,-0.4645015105740171
2,74,OSM Parking way-24501706,Sector 29 Gurugram,9.05183917805066,36.57342944107793,44.25233389597516,63.337322275495,76.18584118438761,32.938067693417885,39.42523371706335,24346.573655995493,277500.0,DEVELOP,68,68,0,0.0
2,28,OSM Parking way-633000303,Saket,21.83876080985671,44.196458932607214,51.91594690487843,30.49717729493028,56.80257895443068,35.250248948329556,38.48309844924472,30966.569649795463,135000.0,AVOID,69,69,0,-0.4078549848942643
2,37,OSM Parking node-1374470937,Rajouri Garden,30.172422403772455,27.62593645740602,51.6264812666095,49.98551033716466,47.75282637954239,36.70589361888161,38.362933532980726,14331.92336498405,166500.0,AVOID,70,70,0,-0.4604229607250758
2,59,OSM Parking node-449455817,Vasant Kunj,11.71356603935138,25.46773964261345,95.5,49.76074692355947,43.12657532742658,37.258960895285526,38.139103060106684,13085.621481854008,135750.0,AVOID,71,71,0,-0.4101208459214476
2,95,"Final vehicle parking area ""B""",Udyog Vihar,16.85816663470208,43.935765579896746,45.04619035068226,60.24902034965482,41.38378196500673,37.453732929923966,38.04324028518638,35896.8737417902,213000.0,AVOID,72,72,0,-0.1794561933534737
2,63,OSM Parking way-1106809494,DLF Cyber City,23.599507669134184,44.61482385624745,31.875234265283055,41.344277552879475,54.677406448097656,34.37233533826647,37.418096004741145,32924.77840177144,95250.0,AVOID,73,74,1,-0.2877643504531733
2,93,OSM Parking way-120114009,Udyog Vihar,12.251399701886328,29.51380390140998,54.40886814765789,41.90853470406294,79.10178861722501,30.001742721972377,37.36674960626027,15234.741137798464,132000.0,AVOID,74,73,-1,-0.3987915407854956
2,87,OSM Parking way-152002367,Udyog Vihar,17.80288719632449,44.62607568169932,45.31558657396468,30.741511567400245,60.6528263795424,32.8305291770905,37.00387375745828,37595.81035091011,338250.0,AVOID,75,75,0,0.0
2,27,Religare Parking,Saket,21.887290372596624,34.200311201333115,26.21006781994849,49.178596240159024,67.61683182004855,31.087722966033404,36.56708929413567,20551.986463561643,102750.0,AVOID,76,76,0,-0.3104229607250772
2,65,OSM Parking way-692610360,DLF Cyber City,22.750122265420863,40.15719431866945,29.193766115374338,31.96400436634139,68.64210976160174,30.632942154765857,36.33431729579124,27383.21652463877,133500.0,AVOID,77,77,0,-0.4033232628398764
2,61,IIMC parking,Vasant Kunj,10.588518801482122,23.966028400391075,55.39796092464794,59.7654038664388,61.97601249120696,31.10890289318284,35.738969332886455,11706.763126680433,123000.0,AVOID,78,78,0,-0.3716012084592179
2,66,OSM Parking way-1418601779,DLF Cyber City,23.875226421292343,26.416177312361047,42.856190350682255,45.927542035036105,57.18675871070576,31.863731896865552,35.66218591894158,13139.475367656223,129000.0,AVOID,79,79,0,-0.3897280966767411
2,35,OSM Parking node-850627124,Dwarka Sector 21,22.007786541890344,14.820563506361198,95.5,33.828092816990605,37.46867683474767,34.94904795494823,35.32699228691814,6123.237523100019,80250.0,AVOID,80,80,0,-0.2424471299093653
2,108,OSM Parking way-402582932,Botanical Garden Noida,25.278178550031093,17.70280689349491,67.98622512451081,53.796981884824575,32.47762215725422,35.619572164451014,35.1482796633715,8312.375483448302,105750.0,AVOID,81,81,0,-0.3194864048338317
2,82,OSM Parking way-1443588429,Golf Course Road,25.30700322170148,0.428958634056955,90.30764593414185,56.61990020209141,33.890580158010515,34.98643828877608,34.82205956916125,3219.0434059771064,75750.0,AVOID,82,82,0,-0.2288519637462229
2,107,car parking,Botanical Garden Noida,17.00181508727649,22.272940737020456,64.32322146150715,48.89962309877447,46.71930342816946,32.532007522918,34.66010190870572,9715.802349052354,74250.0,AVOID,83,83,0,-0.2243202416918421
2,73,OSM Parking way-475681096,Sector 29 Gurugram,18.851693330550553,23.155209250973897,35.85279197023593,56.27949781847038,59.87715841306372,29.722533859075988,34.245727542174144,10999.390671690748,67500.0,AVOID,84,87,3,-0.1953172205438065
2,39,OSM Parking way-1272464500,Rajouri Garden,25.482981171698967,18.62817242330722,56.883724513852336,43.76093983774523,45.63109586757368,32.23369071773662,34.243301490212176,7820.151838108464,115500.0,AVOID,85,86,1,-0.348942598187314
2,54,OSM Parking way-1297324904,Lajpat Nagar,20.1614937583494,15.491353789214893,55.3064812666095,70.50607434098588,36.05952637506963,33.87431754817394,34.202098872208296,6867.739932799399,154500.0,AVOID,86,85,-1,-0.4667673716012075
2,112,OSM Parking node-571595195,Indirapuram,15.657275079193091,33.171774649935074,26.474162319083533,58.53133289582301,56.34885598923284,30.283471139385505,34.1932788668626,17991.857628925503,162750.0,AVOID,87,84,-3,-0.4830815709969869
2,116,OSM Parking way-153527302,Faridabad Sector 15,12.937429050286596,8.028513229315182,80.01823825254705,52.80175804401343,55.00946172331489,30.36630172576335,34.06277572539608,4768.92682664665,120000.0,AVOID,88,88,0,-0.3625377643504492
2,77,Metro Car Parking,Sector 29 Gurugram,22.127558290806483,24.778395328058384,43.62900056264183,56.417886533314,40.46113453664209,32.75282280429402,33.90906956414623,11969.848199662223,149250.0,AVOID,89,89,0,-0.4509063444108747
2,97,Multi Level Car Parking (MLCP) Noida,Noida Sector 18,36.68862829547686,9.588285650853733,68.15763064935987,39.88008892471354,27.07573302484823,34.834491573491185,33.67067779119474,5067.696440529932,131250.0,AVOID,90,90,0,-0.3965256797583052
2,106,parking zone,Botanical Garden Noida,21.380852214304184,33.41436565939003,56.23067686586691,31.440753468880352,35.47458921738847,32.8453666227657,33.23975001195912,19191.00828703697,109500.0,AVOID,91,91,0,-0.3308157099697908
2,109,OSM Parking way-1258173789,Botanical Garden Noida,27.593005354546374,1.326086273786584,78.12996618862427,53.7518820032186,32.222431515900674,33.40200047480822,33.22506513097209,2384.5594943801843,69750.0,AVOID,92,93,1,-0.2107250755286998
2,60,OSM Parking way-962692147,Vasant Kunj,24.529582123238217,16.84169432179732,54.52605616274318,55.460505131732546,33.949643602119274,33.02033224893194,33.15972895191004,7754.932784408335,125250.0,AVOID,93,92,-1,-0.3783987915407891
2,110,OSM Parking way-554394266,Indirapuram,6.49567113669864,23.975184278004747,50.62479275400193,57.75976258414104,55.61973484648258,28.470800836743795,32.543140938204616,11462.663699696002,95250.0,AVOID,94,94,0,-0.2877643504531662
2,96,OSM Parking way-120113983,Udyog Vihar,7.111111360970765,20.2608945747626,40.87615485796877,55.48836276982711,69.17049798115747,25.474393760177954,32.02880939332488,9964.263705304558,177750.0,AVOID,95,96,1,-0.392447129909371
2,25,OSM Parking way-150520028,Saket,21.59447768327202,32.75487937347806,29.282795620549603,34.1693362147754,51.97946656203112,28.452803439588088,31.981802907954545,18168.611788102833,148500.0,AVOID,96,95,-1,-0.4486404833836879
2,119,OSM Parking node-1574481003,Faridabad Sector 15,12.346909029777004,1.774125489614497,72.89823825254705,52.91320708903416,57.136858006042296,27.08155397949871,31.589849583480248,3478.4096292317504,81750.0,AVOID,97,97,0,-0.2469788519637461
2,24,OSM Parking way-239641076,Saket,17.04509325929383,26.49649925161716,49.67541051328921,18.281073889122712,62.85609678245701,25.8013240600638,31.35953996842278,12551.207827960216,141750.0,AVOID,98,98,0,-0.4282477341389707
2,69,OSM Parking way-1093273543,DLF Cyber City,16.794398900990622,30.35713348362711,35.24743614904437,31.813483028316917,57.50543786315785,26.69028343271548,31.312556597281834,14057.793026630136,130500.0,AVOID,99,99,0,-0.3942598187311148
2,111,OSM Parking node-571595174,Indirapuram,23.31553333816699,13.95923032501005,27.474162319083533,56.988192272459074,53.84739949498441,27.23978914286353,31.23093069568166,6864.531424469882,144000.0,AVOID,100,100,0,-0.4350453172205419
2,94,OSM Parking way-151993565,Udyog Vihar,7.244084615644571,18.936051710505858,53.413227387719296,53.56466848246816,52.25602033887279,27.004614932762298,30.792325743678873,8755.919414231563,127500.0,AVOID,101,101,0,-0.3851963746223532
2,98,GIP & WOW parking lot,Noida Sector 18,14.731177972754272,31.031056320745353,65.27181975194758,28.95022746916594,27.565267776182942,30.95344065315253,30.445214721607098,16561.98393113154,105000.0,AVOID,102,102,0,-0.3172205438066449
2,81,OSM Parking way-1305530431,Sector 29 Gurugram,18.62379888369688,10.58534567486597,37.605667229308494,54.72954421222184,54.61083303176069,25.980891529476597,30.27538275481921,5509.031546931883,132000.0,AVOID,103,103,0,-0.3987915407854991
2,79,OSM Parking node-728709435,Sector 29 Gurugram,18.09508815759409,1.0708934639795629,76.46400667031757,54.1527946456101,33.105902217270554,29.751494130190903,30.25465534325285,2078.1745156899983,103500.0,AVOID,104,104,0,-0.3126888217522676
2,70,DLF Downtown Multi Level Car Parking (MLCP),DLF Cyber City,17.848266175062925,0.0034204169960744,59.290650999700034,56.13756899167925,45.311566564877424,26.6700799476174,29.466302940206404,2519.083633831317,105000.0,AVOID,105,105,0,-0.3172205438066449
2,78,OSM Parking node-297255245,Sector 29 Gurugram,25.8152880345841,11.683483786508384,45.66837347625217,54.259022581753534,22.63489425981873,30.18184325376845,29.04980090467599,5624.043804979545,145500.0,AVOID,106,106,0,-0.4395770392749227
2,71,OSM Parking way-1093273545,DLF Cyber City,8.68197645150202,34.52727122481465,28.747778979852185,43.60119649587587,43.62981157469717,25.98677301530997,28.63322879921805,21798.884411222112,190500.0,AVOID,107,107,0,-0.315407854984894
2,103,OSM Parking way-1327222658,Noida Sector 62,9.190454510067312,6.279063814512093,95.5,33.83163204125022,31.5369877161666,27.91370248568912,28.45719527026074,4456.552102270596,107250.0,AVOID,108,108,0,-0.3240181268882161
2,114,OSM Parking way-554394259,Indirapuram,13.34487764797246,8.998322466201481,50.73859135956651,58.60147565143046,37.52460039929574,26.6518281912843,28.282744022486018,5317.757222173016,154500.0,AVOID,109,109,0,-0.466767371601211
2,57,OSM Parking way-982896113,Vasant Kunj,16.274543962717903,22.02249980105208,51.68859135956651,40.24799219602926,26.339068974070173,28.44526549696207,28.129336018528285,9808.484097777444,132750.0,AVOID,110,110,0,-0.401057401812686
2,62,OSM Parking way-251320382,DLF Cyber City,17.423016147345816,20.71165317829262,29.522293088812468,38.3473429827754,48.75266536007774,24.21795711707657,27.89816335352674,9282.244448045029,76500.0,AVOID,111,111,0,-0.2311178247734133
2,88,OSM Parking way-226082166,Udyog Vihar,15.568522271940893,33.67975380956634,32.815626422145804,15.182178524290087,48.24488559892329,23.87078338345793,27.52689871577773,20457.48614281103,201750.0,AVOID,112,112,0,-0.2474320241691856
2,64,OSM Parking way-151988184,DLF Cyber City,21.07447805618154,20.22966692415536,28.014542306333514,31.739883367615302,44.02552910752115,23.932851763512502,26.9467533651138,9469.776803867142,100500.0,AVOID,113,113,0,-0.3036253776435025
2,115,OSM Parking way-608015611,Indirapuram,6.017744974061693,0.0,27.096622080194276,50.67573100939569,79.54795025474418,15.848442889008238,25.40336899386863,2898.6653618089704,58500.0,AVOID,114,114,0,-0.1137462235649557
2,58,OSM Parking way-982729144,Vasant Kunj,4.447429757450675,0.0,67.52192469289984,39.06899336618765,46.15182305749939,20.37984310129215,24.245640094723235,471.35343665528234,72000.0,AVOID,115,115,0,-0.2175226586102709
2,92,OSM Parking way-120114001,Udyog Vihar,11.539990697102194,5.3376771660013045,56.07553481432455,39.45282016925374,33.46560221686394,22.500787939020856,24.145510080697317,4211.0796331018955,74250.0,AVOID,116,116,0,-0.2243202416918457
2,113,OSM Parking way-1327221069,Indirapuram,17.66821784508599,5.2530576492875705,30.429955413527612,52.12118602853661,29.516583175092403,22.348707037832146,23.42388845842118,4259.964936101332,140250.0,AVOID,117,117,0,-0.4237160120845935
2,76,OSM Parking way-1451095896,Sector 29 Gurugram,17.08232284653186,0.0,41.734299402178095,54.3420558106597,15.138886200713202,22.98370604221791,21.80698306599221,1661.6861188665791,74250.0,AVOID,118,118,0,-0.2243202416918421
2,91,OSM Parking way-1093273473,Udyog Vihar,9.341563715276743,0.0917908003155096,33.11898675077796,20.368847816507095,65.45105740181269,12.76304941147607,20.66625061002656,3215.416856363436,60000.0,AVOID,119,119,0,-0.1273413897280946
2,89,OSM Parking way-226082173,Udyog Vihar,16.88892719013028,13.872468976324736,22.310501902293108,12.485738784136878,40.80422940394335,16.181448828335018,19.874865914676267,6700.633833969501,74250.0,AVOID,120,120,0,-0.2243202416918421
3,52,MCD Parking,Lajpat Nagar,81.91400215185098,86.48257295479064,42.47236094995712,82.66676549587018,74.72827985670894,76.43025041309065,76.17495482963339,181556.3856748798,82000.0,ACQUIRE_NOW,1,1,0,-2.1236180474978568
3,18,OSM Parking node-786590777,Nehru Place,83.90716413798003,100.0,25.55392894043446,74.58768499336001,66.18293051359517,76.6981074487802,75.12083090850246,316883.7957659745,126500.0,ACQUIRE_NOW,2,2,0,-1.2776964470217251
3,1,OSM Parking node-928559154,Connaught Place,87.6022292064125,100.0,21.0133373205742,62.87070786512365,71.1426197378961,75.1332653409158,74.53466850046284,234519.90329243283,91500.0,ACQUIRE_NOW,3,3,0,-1.0506668660287062
3,6,OSM Parking node-928558934,Connaught Place,83.67415560065014,100.0,13.19454545454549,61.80513866298516,77.88515327345254,72.17905799744075,73.03497228884251,433614.4575657261,74500.0,ACQUIRE_NOW,4,5,1,-0.6597272727272809
3,17,OSM Parking way-1265773838,Nehru Place,76.44915879637628,87.58029690123006,24.209231970737488,72.30151038624352,88.0234572017582,69.77227437384417,72.50995179803128,139122.93178494094,67500.0,ACQUIRE_NOW,5,4,-1,-1.2104615985368667
3,51,OSM Parking way-1384231629,Lajpat Nagar,81.4210944538978,45.81112619712815,66.6536044896805,70.93730452378318,87.70854330244416,66.4914661617305,69.67402773283754,25313.81410698316,83000.0,ACQUIRE_NOW,6,6,0,-3.332680224484037
3,41,OSM Parking way-1386106209,Karol Bagh,67.39266635560617,91.21914592782628,38.62332865364583,54.36605991934002,80.75025628931456,67.02469961716035,69.08353311798348,220387.98157561605,134000.0,ACQUIRE_NOW,7,7,0,-1.9311664326822893
3,3,Palika Parking,Connaught Place,78.02095273354942,83.38445672630186,18.066304347826087,62.8740276089353,84.3985868102288,66.34523505312295,69.05323781668883,86502.49574398641,42500.0,ACQUIRE_NOW,8,8,0,-0.9033152173912952
3,8,OSM Parking node-5634145022,Connaught Place,74.9933366812722,91.63909450855954,19.473181818181853,62.020112208047934,64.51906535519836,67.80208086524237,67.30962853873577,137873.33212430988,56500.0,ACQUIRE_NOW,9,9,0,-0.973659090909095
3,13,OSM Parking way-1298783157,Nehru Place,68.80186296150517,91.4900410356602,16.034156213161733,68.57702341312249,70.23145267206922,66.12323069565791,66.73946399211961,285442.06833523687,92000.0,ACQUIRE_NOW,10,10,0,-0.8017078106580868
3,21,OSM Parking way-1426212235,Nehru Place,67.34304679112077,90.50425450611614,19.808343299118913,56.14644313165036,78.12427441620278,63.79081838644783,65.94083679091108,264785.1162113236,124500.0,ACQUIRE_NOW,11,12,1,-0.990417164955943
3,16,OSM Parking way-1265773840,Nehru Place,73.36267224708465,80.57166224945628,22.548419466061137,71.72260840059158,63.663853569874725,66.22631931351455,65.84194945196857,124440.42510630476,131000.0,ACQUIRE_NOW,12,11,-1,-1.1274209733030602
3,15,Eros,Nehru Place,70.82627236247953,85.8083951709644,21.71642894043446,71.01710969630943,59.720197980750854,66.60001329058417,65.56804099410917,193956.29220412657,116000.0,ACQUIRE_NOW,13,13,0,-1.085821447021715
3,19,Metro Station Parking,Nehru Place,71.57963704087973,83.83689945480735,24.19000996578558,72.34747552739961,54.16586021396071,66.95733976463944,65.03861783203763,125634.70087570108,112000.0,PURSUE,14,14,0,-1.2095004982892874
3,55,OSM Parking way-1270655678,Lajpat Nagar,81.4428900553814,60.93600304732823,37.81958317217935,77.96635650337944,48.18893967056068,67.09971615268269,64.26309968036439,66077.76045629973,146500.0,PURSUE,15,15,0,-1.890979158608971
3,46,OSM Parking way-80414532,Karol Bagh,73.34336231043629,66.05070904288549,40.1322572250744,56.80454263565519,71.41597683108814,62.419065803484344,63.76860245762491,85451.00422336349,148000.0,ACQUIRE_NOW,16,16,0,-2.0066128612537284
3,22,Lotus Temple Parking,Nehru Place,61.85590767747229,89.44524978451253,34.8615309887219,59.48366683043432,57.808329707684614,64.78807579087442,63.74111387839594,202491.21459961584,78000.0,ACQUIRE_NOW,17,17,0,-1.7430765494360898
3,7,OSM Parking way-1237304338,Connaught Place,74.62298693517744,81.78076318837473,16.349307359307396,55.14158020008884,61.3,63.00672942536041,62.750720011556346,79012.65418334173,33000.0,ACQUIRE_NOW,18,18,0,-0.8174653679653758
3,2,OSM Parking node-928559077,Connaught Place,62.22919402828535,82.43731184478648,14.80043149568305,67.05174913398554,63.33002850369816,60.65401560486178,61.05541753968724,173865.47424258152,108000.0,ACQUIRE_NOW,19,21,2,-0.7400215747841514
3,12,OSM Parking way-454517227,Nehru Place,77.92370930311955,61.60895283653291,26.13468068868621,62.26608887182572,59.31684300195582,61.22290168723045,60.93699288443925,53571.65638602931,65000.0,ACQUIRE_NOW,20,20,0,-1.3067340344343137
3,4,OSM Parking way-1306327527,Connaught Place,72.22443068411252,84.90680011836301,15.220662588120025,58.59294983570482,45.0845707977376,63.48949540988029,60.728756718058875,94507.31471581737,77500.0,PURSUE,21,22,1,-0.7610331294060018
3,43,OSM Parking way-1386957470,Karol Bagh,70.59934188555627,62.728659918897634,43.40225722507439,61.46122511876633,50.14611520210789,61.87234105525576,60.11340717728358,67391.79808474384,91000.0,PURSUE,22,19,-3,-2.1701128612537133
3,14,OSM Parking way-1265773839,Nehru Place,63.79760397381464,69.98611035273552,22.520641688283355,69.65785804330568,62.06638982975038,59.367745576548984,59.77254221452919,95893.56018260412,137000.0,ACQUIRE_NOW,23,23,0,-1.1260320844141631
3,45,OSM Parking way-80414548,Karol Bagh,51.322172403868464,84.76070857102447,22.07182762344356,64.50439793426938,64.53721399730821,58.32148552655717,59.25384479716982,251315.65026736568,230500.0,ACQUIRE_NOW,24,24,0,-1.1035913811721798
3,42,OSM Parking way-1386957479,Karol Bagh,70.11332988616556,46.80802908175695,35.90225722507439,58.59877760163739,69.48091309421672,55.18960171799491,57.33329842442818,29554.42335537625,57000.0,ACQUIRE_NOW,25,25,0,-1.7951128612537133
3,9,OSM Parking node-928559229,Connaught Place,75.13225479354617,61.00457499218652,15.622089371980676,55.903605412831226,58.66362728873311,57.08196988686149,57.31921849714224,52002.78517351368,93000.0,ACQUIRE_NOW,26,26,0,-0.7811044685990325
3,5,OSM Parking way-1306327526,Connaught Place,80.16765723811618,54.5801607485699,13.70280544526288,59.19932571793815,54.49763695803328,57.21253768594997,56.805302576762465,39515.1258743894,61500.0,PURSUE,27,28,1,-0.6851402722631548
3,85,OSM Parking way-1435149349,Golf Course Road,35.051889157763185,45.878214929819826,69.4454566728286,59.09654564699649,86.60169184290031,48.54873038559727,54.256674604192725,29519.002410028148,58500.0,ACQUIRE_NOW,28,27,-1,-3.4722728336414335
3,10,Gurudwara Bangla Sahib Parking Gate No 2,Connaught Place,62.56865235869486,37.22577344025786,42.4401560419159,86.01751018313519,41.88091309421672,55.700810589918326,53.62782596556308,19787.028072433874,57000.0,PURSUE,29,29,0,-2.1220078020958013
3,83,OSM Parking way-1433732982,Golf Course Road,30.51963874667961,70.57725284506041,49.95295667282859,64.71322370954908,57.56722054380665,51.764861050147815,52.63521497419664,94153.25677622668,140000.0,ACQUIRE_NOW,30,30,0,-2.4976478336414303
3,44,OSM Parking way-1386957481,Karol Bagh,58.62939942242583,60.52672423538395,40.4997572250744,59.4541155925863,26.36983060427027,56.133625656732754,51.66905639886338,44053.97741394524,112000.0,PURSUE,31,31,0,-2.02498786125372
3,11,Parliament Visitor Parking,Connaught Place,38.15855652609858,47.26435183808807,13.864436339522545,87.63531890117801,82.55434874539,45.28072729818432,50.871770515265176,34230.64299751469,50500.0,DEVELOP,32,34,2,-0.6932218169761271
3,50,OSM Parking way-1289814788,Karol Bagh,65.44111873863201,31.380554320735317,45.887535002852175,72.5098689419321,36.704984894259816,53.22009975704832,50.74283252763004,12970.836761895762,98000.0,PURSUE,33,33,0,-2.294376750142611
3,40,Shamshan Ghat Parking,Rajouri Garden,38.85182823582255,51.672932538521366,64.6324933785694,58.1645738301028,48.79596142038685,50.58040198432698,50.31273589973596,47071.42713214486,92000.0,PURSUE,34,32,-2,-3.231624668928468
3,20,OSM Parking way-454514534,Nehru Place,61.60374118078423,44.219467994149035,16.47500996578558,59.67927532757821,51.58392367026792,48.187214290326,48.69672069731728,26518.41957855657,46000.0,PURSUE,35,39,4,-0.8237504982892787
3,49,OSM Parking way-463710736,Karol Bagh,78.16209407470151,21.53582895809929,38.43892389174106,53.20511886631607,38.74368710177162,50.09316691252217,48.390744940909585,9808.514630353162,99000.0,PURSUE,36,37,1,-1.9219461945870504
3,118,Sector -12 Court Parking,Faridabad Sector 15,28.84687932542555,60.61207983923609,40.94467166940485,65.67874523688232,56.66022880215343,46.82423093338796,48.299630613702774,78078.56994045262,179500.0,PURSUE,37,36,-1,-2.0472335834702378
3,104,OSM Parking node-7151184473,Noida Sector 62,36.64172294836256,47.92065845134002,34.54667052060856,66.03043054699755,61.32761097534694,44.77558430292316,47.25838830378672,42658.704539493345,143500.0,DEVELOP,38,40,2,-1.727333526030428
3,34,OSM Parking way-1305711567,Dwarka Sector 21,34.57087286074559,37.47085482499262,71.625,65.02928814724912,46.41876324039474,47.3377868077167,47.1999332726184,23663.969130316385,104500.0,PURSUE,39,35,-4,-3.5812500000000043
3,101,OSM Parking way-71656926,Noida Sector 62,23.11180041973354,51.18961356725912,60.83686068118476,48.79475862921605,70.3343327247665,42.55963107564113,46.72583632300993,49849.64943429537,142500.0,DEVELOP,40,38,-2,-3.041843034059241
3,75,OSM Parking way-1217765675,Sector 29 Gurugram,10.191878853787792,60.51412575359576,43.91862684532549,66.2158075442423,74.0730124871408,40.83089441525935,45.81721212604157,79142.91452312631,161500.0,DEVELOP,41,42,1,-2.1959313422662774
3,86,OSM Parking way-144272815,Golf Course Road,29.796456478329706,36.185121107142926,50.261373269746656,56.97370669422071,77.37625206865285,40.08291672338794,45.67691702517767,17176.436010730722,46000.0,DEVELOP,42,41,-1,-2.5130686634873314
3,99,OSM Parking way-1514695589,Noida Sector 18,29.114297667594037,43.46065704622947,50.32664666424285,54.79792345565807,63.813681368502806,41.60957538802438,44.94019128509614,32083.56932597485,100000.0,DEVELOP,43,43,0,-2.516332333212141
3,72,OSM Parking way-224348146,Sector 29 Gurugram,27.191762276720752,55.36118926596424,34.504057884966905,61.89807964112135,56.27866837715963,42.891937209906494,44.89994688499446,57931.74125314318,141000.0,AVOID,44,46,2,-1.7252028942483406
3,31,DLF South Court Parking,Saket,28.146348386171013,43.36054241439907,32.68925042198137,61.32608847391759,73.1184393716988,39.278048180983426,44.35410685959073,34048.13523179583,80000.0,DEVELOP,45,48,3,-1.6344625210990742
3,120,OSM Parking way-153527300,Faridabad Sector 15,16.83775923998316,48.19174275285552,55.34717166940485,57.64979150241513,66.774946021884,40.057421101155086,44.06504983926442,34977.59549798011,86000.0,DEVELOP,46,44,-2,-2.767358583470248
3,48,OSM Parking way-80418116,Karol Bagh,79.75488973442346,27.603488272881577,24.479018735855973,47.993261041395,14.781117824773414,49.05668347662951,43.91534862885109,10037.362378033253,83500.0,PURSUE,47,51,4,-1.2239509367927963
3,68,OSM Parking way-1093273472,DLF Cyber City,19.64328715538016,65.15639295947265,23.72812895197236,32.147520582148374,87.26315085816056,35.95697860776509,43.6529044453244,89145.1909939636,104500.0,DEVELOP,48,52,4,-1.1864064475986211
3,84,OSM Parking way-1313204367,Golf Course Road,9.921633146519287,53.2367944889881,64.4454566728286,70.42120685564808,46.579811574697175,42.95963305349919,43.50265983167888,59277.14115638957,270000.0,AVOID,49,45,-4,-3.2222728336414264
3,102,OSM Parking way-71656927,Noida Sector 62,26.656075744264648,45.40754733531048,54.86746488637144,40.817474870605984,64.71128620396613,39.648765318416025,43.40814345124854,29273.710603584168,60000.0,DEVELOP,50,47,-3,-2.743373244318576
3,26,OSM Parking way-633000310,Saket,24.423494121859584,52.693506829129014,41.046841131039784,31.851923713947265,79.71574018126888,36.98263490657434,43.39260069777852,53621.93362651155,143500.0,DEVELOP,51,49,-2,-2.0523420565519856
3,36,OSM Parking way-1436470011,Rajouri Garden,35.37456543487069,35.45969792632512,37.46986094995713,49.23332310480009,62.30619335347432,38.215025553242434,41.828700723277215,20738.482628815913,71500.0,DEVELOP,52,54,2,-1.8734930474978595
3,33,OSM Parking way-1534261317,Dwarka Sector 21,21.33977291629675,33.80985183515807,71.625,67.20854741699077,40.69383876909565,41.97579640732607,41.78350276159151,20742.190488121603,92500.0,AVOID,53,50,-3,-3.581249999999997
3,53,OSM Parking way-202800243,Lajpat Nagar,10.928245787562936,34.478674902772056,44.962793385389254,77.1038961377848,76.64034119048684,35.53899516522118,41.70419706901103,20485.98660682517,87500.0,DEVELOP,54,53,-1,-2.248139669269463
3,47,OSM Parking way-1460536295,Karol Bagh,48.038766208971275,27.340568782346335,39.25850351773751,66.12700039220792,30.15251369275372,43.593644287964445,41.577474698682835,12946.36558895132,83000.0,AVOID,55,55,0,-1.962925175886873
3,90,MSIL Material Gate,Udyog Vihar,25.52511700522063,53.75040013898237,37.16917052060856,34.57822030610591,62.17076716016151,37.47911030625759,41.18285883434317,55968.29620242446,167500.0,DEVELOP,56,56,0,-1.8584585260304325
3,29,OSM Parking way-1385319902,Saket,35.405725312697015,44.38058423748591,30.2217368348198,47.73233386300454,50.202675322140585,39.3058520680638,40.94037555617532,29702.47704860198,86500.0,AVOID,57,58,1,-1.5110868417409904
3,23,OSM Parking way-239641077,Saket,21.41325868691867,44.25002914105078,36.94405788496691,21.994727219013505,95.5337164186994,30.973297243453363,40.65736011974027,31078.237134922125,57500.0,AVOID,58,57,-1,-1.8472028942483476
3,56,OSM Parking way-1200970626,Lajpat Nagar,22.513651791748092,28.928983771283665,40.723090558407726,77.19014217434427,57.914263844217736,37.262736929715466,40.3604659668908,15594.692034311876,97000.0,DEVELOP,59,59,0,-2.036154527920388
3,30,Salcon Rasvilas Parking,Saket,23.67819169957536,40.679256475484195,32.68925042198137,53.91506114011808,62.919702520605206,35.604609838892436,39.70187374114936,24300.62435580259,78000.0,DEVELOP,60,62,2,-1.634462521099067
3,67,OSM Parking way-692610367,DLF Cyber City,24.21811184775808,49.826256715156674,23.739240063083468,26.89925014852233,82.3301874087658,32.138554429244074,39.66729937617233,43629.20781173503,88500.0,AVOID,61,65,4,-1.1869620031541714
3,32,MGF Metropolitan Parking,Saket,42.34861714318533,33.80421877484818,28.172570168153136,57.66894390490051,37.10377643504532,40.03749052661846,39.597433412882495,19668.233922221803,124500.0,AVOID,62,63,1,-1.4086285084076522
3,80,OSM Parking way-24636762,Sector 29 Gurugram,34.24145384534328,32.12991045953274,42.274671669404846,55.80897618800208,43.26246172738104,38.8440717024673,39.50683020620436,16427.00016732295,81500.0,AVOID,63,61,-2,-2.113733583470242
3,38,OSM Parking way-1376710968,Rajouri Garden,27.63066499858505,27.378041491421737,46.13958317217935,47.559071163291485,62.91393001345895,34.339421203237144,38.62559752477041,13314.538828237944,41000.0,DEVELOP,64,64,0,-2.306979158608968
3,117,OSM Parking way-1256890554,Faridabad Sector 15,24.065899415962477,26.385801052476612,71.625,54.36204467430363,38.22589526415731,38.487384457709936,38.44816107867704,12158.42511730381,69500.0,AVOID,65,60,-5,-3.581249999999997
3,105,OSM Parking way-1193997714,Botanical Garden Noida,26.439007956666774,28.985492750874144,45.94395455766882,37.1573436292285,68.31315236263535,32.521494473827254,37.89024315714847,16442.985012948022,92500.0,AVOID,66,66,0,-2.297197727883436
3,74,OSM Parking way-24501706,Sector 29 Gurugram,9.05183917805066,36.57342944107793,33.18925042198137,63.337322275495,76.18584118438761,30.98575884506604,37.76577119596428,24346.573655995493,185000.0,AVOID,67,68,1,-1.6594625210990728
3,28,OSM Parking way-633000303,Saket,21.83876080985671,44.196458932607214,38.93696017865882,30.49717729493028,59.52161218705908,32.95983952605551,36.94410542520604,30966.569649795463,90000.0,DEVELOP,68,69,1,-1.946848008932946
3,100,OSM Parking way-71596234,Noida Sector 18,33.53673843601762,18.72712304675006,63.466104489680504,59.82142169674553,24.397549942464003,39.10109555347848,36.895563711826306,8554.52162891349,102500.0,AVOID,69,67,-2,-3.173305224484025
3,37,OSM Parking node-1374470937,Rajouri Garden,30.172422403772455,27.62593645740602,38.71986094995712,49.98551033716466,50.82231278437623,34.428254739472365,36.88736344620794,14331.92336498405,111000.0,AVOID,70,70,0,-1.9359930474978595
3,95,"Final vehicle parking area ""B""",Udyog Vihar,16.85816663470208,43.935765579896746,33.784642763011696,60.24902034965482,42.58015658736323,35.46640100268799,36.53346434038927,35896.8737417902,142000.0,AVOID,71,72,1,-1.6892321381505797
3,63,OSM Parking way-1106809494,DLF Cyber City,23.599507669134184,44.61482385624745,23.90642569896229,41.344277552879475,56.5958354511188,32.96607500303339,36.5105390702462,32924.77840177144,63500.0,AVOID,72,74,2,-1.1953212849481147
3,27,Religare Parking,Saket,21.887290372596624,34.200311201333115,19.65755086496137,49.178596240159024,69.68631822488238,29.931396444565088,35.89463471161268,20551.986463561643,68500.0,AVOID,73,76,3,-0.9828775432480654
3,93,OSM Parking way-120114009,Udyog Vihar,12.251399701886328,29.51380390140998,40.80665111074342,41.90853470406294,81.76039888912834,27.601351480163935,35.7252085915086,15234.741137798464,88000.0,AVOID,74,73,-1,-2.0403325555371694
3,65,OSM Parking way-692610360,DLF Cyber City,22.750122265420863,40.15719431866945,21.89532458653075,31.96400436634139,71.3309315138676,29.34498188496993,35.642874329304576,27383.21652463877,89000.0,AVOID,75,77,2,-1.094766229326538
3,87,OSM Parking way-152002367,Udyog Vihar,17.80288719632449,44.62607568169932,33.98668993047351,30.741511567400245,60.6528263795424,30.831312122356756,35.304539260934604,37595.81035091011,225500.0,AVOID,76,75,-1,-1.699334496523676
3,59,OSM Parking node-449455817,Vasant Kunj,11.71356603935138,25.46773964261345,71.625,49.76074692355947,45.860714300236246,33.045725601167874,34.96797390602813,13085.621481854008,90500.0,AVOID,77,71,-6,-3.5812500000000043
3,66,OSM Parking way-1418601779,DLF Cyber City,23.875226421292343,26.416177312361047,32.14214276301169,45.927542035036105,59.78494602188401,29.97301761668839,34.444806877467734,13139.475367656223,86000.0,AVOID,78,79,1,-1.6071071381505888
3,61,IIMC parking,Vasant Kunj,10.588518801482122,23.966028400391075,41.54847069348595,59.7654038664388,64.45335388093505,28.664875205330727,34.03314700667138,11706.763126680433,82000.0,AVOID,79,78,-1,-2.0774235346742955
3,112,OSM Parking node-571595195,Indirapuram,15.657275079193091,33.171774649935074,19.85562173931265,58.53133289582301,59.56939979587936,29.115493390014173,33.68357935089395,17991.857628925503,108500.0,AVOID,80,84,4,-0.9927810869656356
3,73,OSM Parking way-475681096,Sector 29 Gurugram,18.851693330550553,23.155209250973897,26.889593977676945,56.27949781847038,61.1792732166891,28.140793036859694,33.096565063834106,10999.390671690748,45000.0,AVOID,81,87,6,-1.3444796988838448
3,108,OSM Parking way-402582932,Botanical Garden Noida,25.278178550031093,17.70280689349491,50.98966884338311,53.796981884824575,34.607531522813126,32.62017987954613,32.918282626036174,8312.375483448302,70500.0,AVOID,82,81,-1,-2.549483442169155
3,77,Metro Car Parking,Sector 29 Gurugram,22.127558290806483,24.778395328058384,32.72175042198137,56.417886533314,43.4671768327146,30.82801395594217,32.72388838745803,11969.848199662223,99500.0,AVOID,83,89,6,-1.6360875210990713
3,54,OSM Parking way-1297324904,Lajpat Nagar,20.1614937583494,15.491353789214893,41.47986094995713,70.50607434098588,39.17130885241102,31.43432572758823,32.594873196311646,6867.739932799399,103000.0,AVOID,84,85,1,-2.073993047497858
3,107,car parking,Botanical Garden Noida,17.00181508727649,22.272940737020456,48.24241609613035,48.89962309877447,48.21477170611508,29.694218340792688,32.47230134559104,9715.802349052354,49500.0,AVOID,85,83,-2,-2.41212080480652
3,39,OSM Parking way-1272464500,Rajouri Garden,25.482981171698967,18.62817242330722,42.66279338538925,43.76093983774523,47.957379855489094,29.724114636243137,32.45910441913003,7820.151838108464,77000.0,AVOID,86,86,0,-2.133139669269461
3,35,OSM Parking node-850627124,Dwarka Sector 21,22.007786541890344,14.820563506361198,71.625,33.828092816990605,39.08499103414344,30.73581266083058,31.98818941682751,6123.237523100019,53500.0,AVOID,87,80,-7,-3.581249999999997
3,82,OSM Parking way-1443588429,Golf Course Road,25.30700322170148,0.428958634056955,67.73073445060638,56.61990020209141,35.41625991631867,31.00227743874041,31.66437481037715,3219.0434059771064,50500.0,AVOID,88,82,-6,-3.3865367225303196
3,97,Multi Level Car Parking (MLCP) Noida,Noida Sector 18,36.68862829547686,9.588285650853733,51.118222987019905,39.88008892471354,29.719237556570285,31.82753728013707,31.51129232160205,5067.696440529932,87500.0,AVOID,89,90,1,-2.5559111493509974
3,60,OSM Parking way-962692147,Vasant Kunj,24.529582123238217,16.84169432179732,40.89454212205739,55.460505131732546,36.47230221239118,30.614770947634455,31.49340063734796,7754.932784408335,83500.0,AVOID,90,92,2,-2.0447271061028687
3,106,parking zone,Botanical Garden Noida,21.380852214304184,33.41436565939003,42.17300764940018,31.440753468880352,37.68002728385373,30.364601466918636,31.4619153394589,19191.00828703697,73000.0,AVOID,91,91,0,-2.1086503824700067
3,116,OSM Parking way-153527302,Faridabad Sector 15,12.937429050286596,8.028513229315182,60.01367868941029,52.80175804401343,57.42638015231791,26.836085332268624,31.424629555276017,4768.92682664665,80000.0,AVOID,92,88,-4,-3.000683934470512
3,25,OSM Parking way-150520028,Saket,21.59447768327202,32.75487937347806,21.9620967154122,34.1693362147754,54.97040311792236,27.16091539750502,31.332338555567617,18168.611788102833,99000.0,AVOID,93,95,2,-1.098104835770613
3,110,OSM Parking way-554394266,Indirapuram,6.49567113669864,23.975184278004747,37.96859456550145,57.75976258414104,57.538163849503725,26.23735409759665,30.932475560382713,11462.663699696002,63500.0,AVOID,94,94,0,-1.8984297282750688
3,96,OSM Parking way-120113983,Udyog Vihar,7.111111360970765,20.2608945747626,30.65711614347657,55.48836276982711,71.78681218055324,23.67103398703227,30.888400716060417,9964.263705304558,118500.0,AVOID,95,96,1,-1.5328558071738314
3,111,OSM Parking node-571595174,Indirapuram,23.31553333816699,13.95923032501005,20.60562173931265,56.988192272459074,56.74770160978803,26.027693746433375,30.635694925936573,6864.531424469882,96000.0,AVOID,96,100,4,-1.0302810869656298
3,109,OSM Parking way-1258173789,Botanical Garden Noida,27.593005354546374,1.326086273786584,58.59747464146819,53.7518820032186,33.62726535275868,29.95509020178068,30.50591647442738,2384.5594943801843,46500.0,AVOID,97,93,-4,-2.9298737320734105
3,69,OSM Parking way-1093273543,DLF Cyber City,16.794398900990622,30.35713348362711,26.435577111783275,31.813483028316917,60.13383665469864,25.13524948496352,30.38503756042379,14057.793026630136,87000.0,AVOID,98,99,1,-1.3217788555891588
3,24,OSM Parking way-239641076,Saket,17.04509325929383,26.49649925161716,37.25655788496691,18.281073889122712,65.71108167671683,23.609761831536332,29.924959808313403,12551.207827960216,94500.0,AVOID,99,98,-1,-1.8628278942483476
3,81,OSM Parking way-1305530431,Sector 29 Gurugram,18.62379888369688,10.58534567486597,28.20425042198137,54.72954421222184,57.269443303664005,24.321817975242396,29.26396177450564,5509.031546931883,88000.0,AVOID,100,103,3,-1.4102125210990692
3,94,OSM Parking way-151993565,Udyog Vihar,7.244084615644571,18.936051710505858,40.05992054078947,53.56466848246816,54.8239961696885,24.64814901859821,29.17452609126175,8755.919414231563,85000.0,AVOID,101,101,0,-2.0029960270394724
3,119,OSM Parking node-1574481003,Faridabad Sector 15,12.346909029777004,1.774125489614497,54.67367868941028,52.91320708903416,58.7833836858006,23.86545523306281,29.10314450097348,3478.4096292317504,54500.0,AVOID,102,97,-5,-2.733683934470516
3,98,GIP & WOW parking lot,Noida Sector 18,14.731177972754272,31.031056320745353,48.95386481396068,28.95022746916594,29.68007140156059,28.07380154644896,28.314742024715702,16561.98393113154,70000.0,AVOID,103,102,-1,-2.4476932406980367
3,71,OSM Parking way-1093273545,DLF Cyber City,8.68197645150202,34.52727122481465,21.56083423488914,43.60119649587587,45.7325306079298,24.718488648551784,27.87059494245849,21798.884411222112,127000.0,AVOID,104,107,3,-1.0780417117444543
3,78,OSM Parking node-297255245,Sector 29 Gurugram,25.8152880345841,11.683483786508384,34.25128010718913,54.259022581753534,25.565407854984898,28.167062070992618,27.776813938591456,5624.043804979545,97000.0,AVOID,105,106,1,-1.7125640053594573
3,79,OSM Parking node-728709435,Sector 29 Gurugram,18.09508815759409,1.0708934639795629,57.34800500273818,54.1527946456101,35.19049436228566,26.378082071206304,27.699943914868207,2078.1745156899983,69000.0,AVOID,106,104,-2,-2.8674002501369102
3,70,DLF Downtown Multi Level Car Parking (MLCP),DLF Cyber City,17.848266175062925,0.0034204169960744,44.467988249775026,56.13756899167925,47.42637019025507,24.054315932924748,27.560124071524296,2519.083633831317,70000.0,AVOID,107,105,-2,-2.223399412488753
3,62,OSM Parking way-251320382,DLF Cyber City,17.423016147345816,20.71165317829262,22.141719816609353,38.3473429827754,50.29345085856717,22.915503010217193,27.022195187469688,9282.244448045029,51000.0,AVOID,108,111,3,-1.1070859908304662
3,114,OSM Parking way-554394259,Indirapuram,13.34487764797246,8.998322466201481,38.05394351967489,58.60147565143046,40.636382876637136,24.413360925421067,26.84681421810348,5317.757222173016,103000.0,AVOID,109,109,0,-1.9026971759837463
3,57,OSM Parking way-982896113,Vasant Kunj,16.274543962717903,22.02249980105208,38.76644351967489,40.24799219602926,29.012784986154767,26.164886466392954,26.59207124435723,9808.484097777444,88500.0,AVOID,110,110,0,-1.9383221759837423
3,88,OSM Parking way-226082166,Udyog Vihar,15.568522271940893,33.67975380956634,24.61171981660935,15.182178524290087,49.89443242671785,22.423035158951492,26.54374474911645,20457.48614281103,134500.0,AVOID,111,112,1,-1.2305859908304695
3,64,OSM Parking way-151988184,DLF Cyber City,21.07447805618154,20.22966692415536,21.010906729750136,31.739883367615302,46.04969829181118,22.696916073527195,26.199833406269793,9469.776803867142,67000.0,AVOID,112,113,1,-1.0505453364875097
3,103,OSM Parking way-1327222658,Noida Sector 62,9.190454510067312,6.279063814512093,71.625,33.83163204125022,33.69710856208805,23.70046719157147,25.199963397148956,4456.552102270596,71500.0,AVOID,113,108,-5,-3.5812500000000007
3,115,OSM Parking way-608015611,Indirapuram,6.017744974061693,0.0,20.322466560145703,50.67573100939569,80.30625841184387,14.653003679587902,24.500991889426295,2898.6653618089704,39000.0,AVOID,114,114,0,-1.0161233280072892
3,113,OSM Parking way-1327221069,Indirapuram,17.66821784508599,5.2530576492875705,22.82246656014571,52.12118602853661,32.34135658898968,21.006209004882397,22.70648114249849,4259.964936101332,93500.0,AVOID,115,117,2,-1.1411233280072857
3,92,OSM Parking way-120114001,Udyog Vihar,11.539990697102194,5.3376771660013045,42.05665111074341,39.45282016925374,34.96107049480956,20.02686728544771,22.266997766851983,4211.0796331018955,49500.0,AVOID,116,116,0,-2.1028325555371765
3,58,OSM Parking way-982729144,Vasant Kunj,4.447429757450675,0.0,50.64144351967488,39.06899336618765,47.60197411490121,17.400934658958327,21.93109057734976,471.35343665528234,48000.0,AVOID,117,115,-2,-2.532072175983746
3,76,OSM Parking way-1451095896,Sector 29 Gurugram,17.08232284653186,0.0,31.30072455163357,54.3420558106597,16.63435447865882,21.14248695094535,20.46626708010237,1661.6861188665791,49500.0,AVOID,118,118,0,-1.565036227581679
3,91,OSM Parking way-1093273473,Udyog Vihar,9.341563715276743,0.0917908003155096,24.839240063083466,20.368847816507095,66.3,11.301917643059394,19.55162999660048,3215.416856363436,40000.0,AVOID,119,119,0,-1.2419620031541747
3,89,OSM Parking way-226082173,Udyog Vihar,16.88892719013028,13.872468976324736,16.73287642671983,12.485738784136878,42.29969768188897,15.19716197970444,19.26254233503212,6700.633833969501,49500.0,AVOID,120,120,0,-0.8366438213359899
6,52,MCD Parking,Lajpat Nagar,81.91400215185098,86.48257295479064,56.62981459994283,72.68177672800365,74.72827985670894,77.16656774522933,76.80082456195127,181556.3856748798,82000.0,ACQUIRE_NOW,1,1,0,-1.497748315179976
6,18,OSM Parking node-786590777,Nehru Place,83.90716413798003,100.0,34.07190525391261,74.58768499336001,66.18293051359517,78.201279739394,76.39852735552418,316883.7957659745,126500.0,ACQUIRE_NOW,2,2,0,0.0
6,1,OSM Parking node-928559154,Connaught Place,87.6022292064125,100.0,28.01778309409893,62.87070786512365,71.1426197378961,76.36934400683192,75.58533536649155,234519.90329243283,91500.0,ACQUIRE_NOW,3,3,0,0.0
6,17,OSM Parking way-1265773838,Nehru Place,76.44915879637628,87.58029690123006,32.27897596098332,72.30151038624352,88.0234572017582,71.19634684271108,73.72041339656815,139122.93178494094,67500.0,ACQUIRE_NOW,4,4,0,0.0
6,6,OSM Parking node-928558934,Connaught Place,83.67415560065014,100.0,17.59272727272732,61.80513866298516,77.88515327345254,72.95520773006106,73.69469956156979,433614.4575657261,74500.0,ACQUIRE_NOW,5,5,0,0.0
6,41,OSM Parking way-1386106209,Karol Bagh,67.39266635560617,91.21914592782628,51.497771538194435,54.36605991934002,80.75025628931456,69.29666012619833,71.01469955066577,220387.98157561605,134000.0,ACQUIRE_NOW,6,7,1,0.0
6,3,Palika Parking,Connaught Place,78.02095273354942,83.38445672630186,24.088405797101448,62.8740276089353,84.3985868102288,67.40795883828919,69.95655303408013,86502.49574398641,42500.0,ACQUIRE_NOW,7,8,1,0.0
6,51,OSM Parking way-1384231629,Lajpat Nagar,81.4210944538978,45.81112619712815,88.87147265290734,50.432761344103945,87.70854330244416,66.79381762941537,69.9310264803697,25313.81410698316,83000.0,ACQUIRE_NOW,8,6,-2,-3.0756814769518854
6,8,OSM Parking node-5634145022,Connaught Place,74.9933366812722,91.63909450855954,25.96424242424247,62.020112208047934,64.51906535519836,68.94756214866483,68.28328762964486,137873.33212430988,56500.0,ACQUIRE_NOW,9,9,0,0.0
6,13,OSM Parking way-1298783157,Nehru Place,68.80186296150517,91.4900410356602,21.37887495088231,68.57702341312249,70.23145267206922,67.06641635525567,67.5411718027777,285442.06833523687,92000.0,ACQUIRE_NOW,10,10,0,0.0
6,16,OSM Parking way-1265773840,Nehru Place,73.36267224708465,80.57166224945628,30.06455928808151,71.72260840059158,63.663853569874725,67.55269692916521,66.96937042527163,124440.42510630476,131000.0,ACQUIRE_NOW,11,11,0,0.0
6,21,OSM Parking way-1426212235,Nehru Place,67.34304679112077,90.50425450611614,26.41112439882522,56.14644313165036,78.12427441620278,64.95601505110189,66.93125395586702,264785.1162113236,124500.0,ACQUIRE_NOW,12,12,0,0.0
6,15,Eros,Nehru Place,70.82627236247953,85.8083951709644,28.955238587245947,71.01710969630943,59.720197980750854,67.87745028708031,66.65386244113088,193956.29220412657,116000.0,ACQUIRE_NOW,13,13,0,0.0
6,19,Metro Station Parking,Nehru Place,71.57963704087973,83.83689945480735,32.25334662104744,72.34747552739961,54.16586021396071,68.38028152733273,66.24811833032692,125634.70087570108,112000.0,PURSUE,14,14,0,0.0
6,55,OSM Parking way-1270655678,Lajpat Nagar,81.4428900553814,60.93600304732823,50.42611089623913,77.96635650337944,48.18893967056068,69.32439751575207,66.15407883897336,66077.76045629973,146500.0,PURSUE,15,15,0,0.0
6,46,OSM Parking way-80414532,Karol Bagh,73.34336231043629,66.05070904288549,53.509676300099194,56.80454263565519,71.41597683108814,64.77978681672401,65.77521531887864,85451.00422336349,148000.0,ACQUIRE_NOW,16,16,0,0.0
6,22,Lotus Temple Parking,Nehru Place,61.85590767747229,89.44524978451253,46.48204131829587,59.48366683043432,57.808329707684614,66.83875408432864,65.48419042783203,202491.21459961584,78000.0,ACQUIRE_NOW,17,17,0,0.0
6,7,OSM Parking way-1237304338,Connaught Place,74.62298693517744,81.78076318837473,21.799076479076525,55.14158020008884,61.3,63.96845338767262,63.56818537952172,79012.65418334173,33000.0,ACQUIRE_NOW,18,18,0,0.0
6,43,OSM Parking way-1386957470,Karol Bagh,70.59934188555627,62.728659918897634,57.869676300099194,61.46122511876633,50.14611520210789,64.4254150096719,62.28352003853729,67391.79808474384,91000.0,PURSUE,19,19,0,0.0
6,12,OSM Parking way-454517227,Nehru Place,77.92370930311955,61.60895283653291,34.84624091824828,62.26608887182572,59.31684300195582,62.760235845388465,62.24372691887356,53571.65638602931,65000.0,ACQUIRE_NOW,20,20,0,0.0
6,2,OSM Parking node-928559077,Connaught Place,62.22919402828535,82.43731184478648,19.733908660910732,67.05174913398554,63.33002850369816,61.5246292222549,61.79543911447139,173865.47424258152,108000.0,ACQUIRE_NOW,21,21,0,0.0
6,4,OSM Parking way-1306327527,Connaught Place,72.22443068411252,84.90680011836301,20.29421678416003,58.59294983570482,45.0845707977376,64.3848285032991,61.48978984746488,94507.31471581737,77500.0,PURSUE,22,22,0,0.0
6,14,OSM Parking way-1265773839,Nehru Place,63.79760397381464,69.98611035273552,30.027522251044473,69.65785804330568,62.06638982975038,60.69248920527153,60.89857429894335,95893.56018260412,137000.0,ACQUIRE_NOW,23,23,0,0.0
6,45,OSM Parking way-80414548,Karol Bagh,51.322172403868464,84.76070857102447,29.42910349792475,64.50439793426938,64.53721399730821,59.619828327936204,60.357436178342,251315.65026736568,230500.0,ACQUIRE_NOW,24,24,0,0.0
6,42,OSM Parking way-1386957479,Karol Bagh,70.11332988616556,46.80802908175695,47.869676300099194,58.59877760163739,69.48091309421672,57.30149920182281,59.12841128568189,29554.42335537625,57000.0,ACQUIRE_NOW,25,25,0,0.0
6,9,OSM Parking node-928559229,Connaught Place,75.13225479354617,61.00457499218652,20.82945249597423,55.903605412831226,58.66362728873311,58.000916320507415,58.10032296574127,52002.78517351368,93000.0,ACQUIRE_NOW,26,26,0,0.0
6,85,OSM Parking way-1435149349,Golf Course Road,35.051889157763185,45.878214929819826,92.59394223043812,59.09654564699649,86.60169184290031,52.63375724870484,57.72894743783416,29519.002410028148,58500.0,ACQUIRE_NOW,27,27,0,0.0
6,5,OSM Parking way-1306327526,Connaught Place,80.16765723811618,54.5801607485699,18.270407260350503,59.19932571793815,54.49763695803328,58.018585065083094,57.49044284902562,39515.1258743894,61500.0,PURSUE,28,28,0,0.0
6,10,Gurudwara Bangla Sahib Parking Gate No 2,Connaught Place,62.56865235869486,37.22577344025786,56.58687472255453,86.01751018313519,41.88091309421672,58.19729035708986,55.749833767658885,19787.028072433874,57000.0,PURSUE,29,29,0,0.0
6,83,OSM Parking way-1433732982,Golf Course Road,30.51963874667961,70.57725284506041,66.60394223043812,64.71322370954908,57.56722054380665,54.703270266196554,55.132862807838066,94153.25677622668,140000.0,ACQUIRE_NOW,30,30,0,0.0
6,44,OSM Parking way-1386957481,Karol Bagh,58.62939942242583,60.52672423538395,53.9996763000992,59.4541155925863,26.36983060427027,58.51596431703125,53.6940442601171,44053.97741394524,112000.0,PURSUE,31,31,0,0.0
6,40,Shamshan Ghat Parking,Rajouri Garden,38.85182823582255,51.672932538521366,86.17665783809252,58.1645738301028,48.79596142038685,54.38231335953695,53.54436056866443,47071.42713214486,92000.0,PURSUE,32,32,0,0.0
6,50,OSM Parking way-1289814788,Karol Bagh,65.44111873863201,31.380554320735317,61.1833800038029,72.5098689419321,36.704984894259816,55.91936652192198,53.037209277772654,12970.836761895762,98000.0,PURSUE,33,33,0,0.0
6,11,Parliament Visitor Parking,Connaught Place,38.15855652609858,47.26435183808807,18.48591511936339,87.63531890117801,82.55434874539,46.096282376979765,51.5649923322413,34230.64299751469,50500.0,DEVELOP,34,34,0,0.0
6,34,OSM Parking way-1305711567,Dwarka Sector 21,34.57087286074559,37.47085482499262,95.5,65.02928814724912,46.41876324039474,51.55102210183435,50.78118327261841,23663.969130316385,104500.0,PURSUE,35,35,0,0.0
6,118,Sector -12 Court Parking,Faridabad Sector 15,28.84687932542555,60.61207983923609,54.59289555920646,65.67874523688232,56.66022880215343,49.23274103158823,50.34686419717301,78078.56994045262,179500.0,PURSUE,36,36,0,0.0
6,49,OSM Parking way-463710736,Karol Bagh,78.16209407470151,21.53582895809929,51.25189852232142,53.20511886631607,38.74368710177162,52.354280082624584,50.312691135496635,9808.514630353162,99000.0,PURSUE,37,37,0,0.0
6,101,OSM Parking way-71656926,Noida Sector 62,23.11180041973354,51.18961356725912,81.11581424157968,48.79475862921605,70.3343327247665,46.13826993924024,49.76767935706917,49849.64943429537,142500.0,DEVELOP,38,38,0,0.0
6,20,OSM Parking way-454514534,Nehru Place,61.60374118078423,44.219467994149035,21.966679954380776,59.67927532757821,51.58392367026792,49.156332523607496,49.52047119560656,26518.41957855657,46000.0,PURSUE,39,39,0,0.0
6,104,OSM Parking node-7151184473,Noida Sector 62,36.64172294836256,47.92065845134002,46.06222736081141,66.03043054699755,61.32761097534694,46.80774139237072,48.98572182981715,42658.704539493345,143500.0,ACQUIRE_NOW,40,40,0,0.0
6,86,OSM Parking way-144272815,Golf Course Road,29.796456478329706,36.185121107142926,67.01516435966221,56.97370669422071,77.37625206865285,43.03946809219656,48.18998568866501,17176.436010730722,46000.0,DEVELOP,41,41,0,0.0
6,75,OSM Parking way-1217765675,Sector 29 Gurugram,10.191878853787792,60.51412575359576,58.558169127100655,66.2158075442423,74.0730124871408,43.414343053219675,48.013143468307845,79142.91452312631,161500.0,DEVELOP,42,42,0,0.0
6,99,OSM Parking way-1514695589,Noida Sector 18,29.114297667594037,43.46065704622947,67.10219555232379,54.79792345565807,63.813681368502806,44.56996636827396,47.45652361830828,32083.56932597485,100000.0,DEVELOP,43,43,0,0.0
6,120,OSM Parking way-153527300,Faridabad Sector 15,16.83775923998316,48.19174275285552,73.7962288925398,57.64979150241513,66.774946021884,43.31313708170832,46.832408422734666,34977.59549798011,86000.0,DEVELOP,44,44,0,0.0
6,84,OSM Parking way-1313204367,Golf Course Road,9.921633146519287,53.2367944889881,85.92727556377146,70.42120685564808,46.579811574697175,46.75054226954793,46.72493266532031,59277.14115638957,270000.0,PURSUE,45,45,0,0.0
6,72,OSM Parking way-224348146,Sector 29 Gurugram,27.191762276720752,55.36118926596424,46.005410513289206,61.89807964112135,56.27866837715963,44.92158767372808,46.6251497792428,57931.74125314318,141000.0,AVOID,46,46,0,0.0
6,102,OSM Parking way-71656927,Noida Sector 62,26.656075744264648,45.40754733531048,73.15661984849525,40.817474870605984,64.71128620396613,42.87626325290847,46.15151669556712,29273.710603584168,60000.0,DEVELOP,47,47,0,0.0
6,31,DLF South Court Parking,Saket,28.146348386171013,43.36054241439907,43.58566722930849,61.32608847391759,73.1184393716988,41.2009452646294,45.9885693806898,34048.13523179583,80000.0,DEVELOP,48,48,0,0.0
6,26,OSM Parking way-633000310,Saket,24.423494121859584,52.693506829129014,54.72912150805304,31.851923713947265,79.71574018126888,39.39715497310609,45.444942754330505,53621.93362651155,143500.0,DEVELOP,49,49,0,0.0
6,33,OSM Parking way-1534261317,Dwarka Sector 21,21.33977291629675,33.80985183515807,95.5,67.20854741699077,40.69383876909565,46.18903170144372,45.364752761591504,20742.190488121603,92500.0,AVOID,50,50,0,0.0
6,48,OSM Parking way-80418116,Karol Bagh,79.75488973442346,27.603488272881577,32.63869164780797,47.993261041395,14.781117824773414,50.496625755209266,45.13929956564389,10037.362378033253,83500.0,PURSUE,51,51,0,0.0
6,68,OSM Parking way-1093273472,DLF Cyber City,19.64328715538016,65.15639295947265,31.637505269296476,32.147520582148374,87.26315085816056,37.352750899057575,44.839310892923024,89145.1909939636,104500.0,DEVELOP,52,52,0,0.0
6,53,OSM Parking way-202800243,Lajpat Nagar,10.928245787562936,34.478674902772056,59.950391180519006,77.1038961377848,76.64034119048684,38.18386536436173,43.95233673828049,20485.98660682517,87500.0,DEVELOP,53,53,0,0.0
6,36,OSM Parking way-1436470011,Rajouri Garden,35.37456543487069,35.45969792632512,49.95981459994284,49.23332310480009,62.30619335347432,40.419135020886976,43.702193770775075,20738.482628815913,71500.0,DEVELOP,54,54,0,0.0
6,47,OSM Parking way-1460536295,Karol Bagh,48.038766208971275,27.340568782346335,52.34467135698334,66.12700039220792,30.15251369275372,45.90296802430194,43.54039987456971,12946.36558895132,83000.0,AVOID,55,55,0,0.0
6,90,MSIL Material Gate,Udyog Vihar,25.52511700522063,53.75040013898237,49.558894027478075,34.57822030610591,62.17076716016151,39.6655321015875,43.0413173603736,55968.29620242446,167500.0,DEVELOP,56,56,0,0.0
6,23,OSM Parking way-239641077,Saket,21.41325868691867,44.25002914105078,49.258743846622544,21.994727219013505,95.5337164186994,33.14647711903965,42.504563013988616,31078.237134922125,57500.0,DEVELOP,57,57,0,0.0
6,29,OSM Parking way-1385319902,Saket,35.405725312697015,44.38058423748591,40.29564911309307,47.73233386300454,50.202675322140585,41.08360129364144,42.45146239791631,29702.47704860198,86500.0,AVOID,58,58,0,0.0
6,56,OSM Parking way-1200970626,Lajpat Nagar,22.513651791748092,28.928983771283665,54.29745407787697,77.19014217434427,57.914263844217736,39.65821284491592,42.39662049481119,15594.692034311876,97000.0,DEVELOP,59,59,0,0.0
6,117,OSM Parking way-1256890554,Faridabad Sector 15,24.065899415962477,26.385801052476612,95.5,54.36204467430363,38.22589526415731,42.70061975182758,42.02941107867704,12158.42511730381,69500.0,AVOID,60,60,0,0.0
6,80,OSM Parking way-24636762,Sector 29 Gurugram,34.24145384534328,32.12991045953274,56.366228892539795,55.80897618800208,43.26246172738104,41.33081709478523,41.620563789674605,16427.00016732295,81500.0,AVOID,61,61,0,0.0
6,30,Salcon Rasvilas Parking,Saket,23.67819169957536,40.679256475484195,43.58566722930849,53.91506114011808,62.919702520605206,37.52750692253841,41.33633626224842,24300.62435580259,78000.0,DEVELOP,62,62,0,0.0
6,32,MGF Metropolitan Parking,Saket,42.34861714318533,33.80421877484818,37.56342689087085,57.66894390490051,37.10377643504532,41.69470053650982,41.00606192129015,19668.233922221803,124500.0,AVOID,63,63,0,0.0
6,38,OSM Parking way-1376710968,Rajouri Garden,27.63066499858505,27.378041491421737,61.519444229572464,47.559071163291485,62.91393001345895,37.0535143310124,40.93257668337938,13314.538828237944,41000.0,DEVELOP,64,64,0,0.0
6,67,OSM Parking way-692610367,DLF Cyber City,24.21811184775808,49.826256715156674,31.65232008411129,26.89925014852233,82.3301874087658,33.534980315307806,40.8542613793265,43629.20781173503,88500.0,DEVELOP,65,65,0,0.0
6,105,OSM Parking way-1193997714,Botanical Garden Noida,26.439007956666774,28.985492750874144,61.25860607689176,37.1573436292285,68.31315236263535,35.22408003604306,40.187440885031904,16442.985012948022,92500.0,DEVELOP,66,66,0,0.0
6,100,OSM Parking way-71596234,Noida Sector 18,33.53673843601762,18.72712304675006,84.62147265290734,59.82142169674553,24.397549942464003,42.83439581757733,40.06886893631033,8554.52162891349,102500.0,AVOID,67,67,0,0.0
6,74,OSM Parking way-24501706,Sector 29 Gurugram,9.05183917805066,36.57342944107793,44.25233389597516,63.337322275495,76.18584118438761,32.938067693417885,39.42523371706335,24346.573655995493,185000.0,DEVELOP,68,68,0,0.0
6,28,OSM Parking way-633000303,Saket,21.83876080985671,44.196458932607214,51.91594690487843,30.49717729493028,59.52161218705908,35.250248948329556,38.890953434138986,30966.569649795463,90000.0,DEVELOP,69,69,0,0.0
6,37,OSM Parking node-1374470937,Rajouri Garden,30.172422403772455,27.62593645740602,51.6264812666095,49.98551033716466,50.82231278437623,36.70589361888161,38.8233564937058,14331.92336498405,111000.0,AVOID,70,70,0,0.0
6,59,OSM Parking node-449455817,Vasant Kunj,11.71356603935138,25.46773964261345,95.5,49.76074692355947,45.860714300236246,37.258960895285526,38.54922390602813,13085.621481854008,90500.0,AVOID,71,71,0,0.0
6,95,"Final vehicle parking area ""B""",Udyog Vihar,16.85816663470208,43.935765579896746,45.04619035068226,60.24902034965482,42.58015658736323,37.453732929923966,38.22269647853985,35896.8737417902,142000.0,AVOID,72,72,0,0.0
6,93,OSM Parking way-120114009,Udyog Vihar,12.251399701886328,29.51380390140998,54.40886814765789,41.90853470406294,81.76039888912834,30.001742721972377,37.76554114704577,15234.741137798464,88000.0,AVOID,73,73,0,0.0
6,63,OSM Parking way-1106809494,DLF Cyber City,23.599507669134184,44.61482385624745,31.875234265283055,41.344277552879475,56.5958354511188,34.37233533826647,37.70586035519432,32924.77840177144,63500.0,AVOID,74,74,0,0.0
6,87,OSM Parking way-152002367,Udyog Vihar,17.80288719632449,44.62607568169932,45.31558657396468,30.741511567400245,60.6528263795424,32.8305291770905,37.00387375745828,37595.81035091011,225500.0,AVOID,75,75,0,0.0
6,27,Religare Parking,Saket,21.887290372596624,34.200311201333115,26.21006781994849,49.178596240159024,69.68631822488238,31.087722966033404,36.87751225486075,20551.986463561643,68500.0,AVOID,76,76,0,0.0
6,65,OSM Parking way-692610360,DLF Cyber City,22.750122265420863,40.15719431866945,29.193766115374338,31.96400436634139,71.3309315138676,30.632942154765857,36.737640558631114,27383.21652463877,89000.0,AVOID,77,77,0,0.0
6,61,IIMC parking,Vasant Kunj,10.588518801482122,23.966028400391075,55.39796092464794,59.7654038664388,64.45335388093505,31.10890289318284,36.11057054134567,11706.763126680433,82000.0,AVOID,78,78,0,0.0
6,66,OSM Parking way-1418601779,DLF Cyber City,23.875226421292343,26.416177312361047,42.856190350682255,45.927542035036105,59.78494602188401,31.863731896865552,36.05191401561832,13139.475367656223,86000.0,AVOID,79,79,0,0.0
6,35,OSM Parking node-850627124,Dwarka Sector 21,22.007786541890344,14.820563506361198,95.5,33.828092816990605,39.08499103414344,34.94904795494823,35.56943941682751,6123.237523100019,53500.0,AVOID,80,80,0,0.0
6,108,OSM Parking way-402582932,Botanical Garden Noida,25.278178550031093,17.70280689349491,67.98622512451081,53.796981884824575,34.607531522813126,35.619572164451014,35.46776606820533,8312.375483448302,70500.0,AVOID,81,81,0,0.0
6,82,OSM Parking way-1443588429,Golf Course Road,25.30700322170148,0.428958634056955,90.30764593414185,56.61990020209141,35.41625991631867,34.98643828877608,35.05091153290747,3219.0434059771064,50500.0,AVOID,82,82,0,0.0
6,107,car parking,Botanical Garden Noida,17.00181508727649,22.272940737020456,64.32322146150715,48.89962309877447,48.21477170611508,32.532007522918,34.88442215039756,9715.802349052354,49500.0,AVOID,83,83,0,0.0
6,54,OSM Parking way-1297324904,Lajpat Nagar,20.1614937583494,15.491353789214893,55.3064812666095,70.50607434098588,39.17130885241102,33.87431754817394,34.668866243809504,6867.739932799399,103000.0,AVOID,84,85,1,0.0
6,39,OSM Parking way-1272464500,Rajouri Garden,25.482981171698967,18.62817242330722,56.883724513852336,43.76093983774523,47.957379855489094,32.23369071773662,34.59224408839949,7820.151838108464,77000.0,AVOID,85,86,1,0.0
6,73,OSM Parking way-475681096,Sector 29 Gurugram,18.851693330550553,23.155209250973897,35.85279197023593,56.27949781847038,61.1792732166891,29.722533859075988,34.44104476271795,10999.390671690748,45000.0,AVOID,86,87,1,0.0
6,116,OSM Parking way-153527302,Faridabad Sector 15,12.937429050286596,8.028513229315182,80.01823825254705,52.80175804401343,57.42638015231791,30.36630172576335,34.42531348974653,4768.92682664665,80000.0,AVOID,87,88,1,0.0
6,77,Metro Car Parking,Sector 29 Gurugram,22.127558290806483,24.778395328058384,43.62900056264183,56.417886533314,43.4671768327146,32.75282280429402,34.359975908557104,11969.848199662223,99500.0,AVOID,88,89,1,0.0
6,97,Multi Level Car Parking (MLCP) Noida,Noida Sector 18,36.68862829547686,9.588285650853733,68.15763064935987,39.88008892471354,29.719237556570285,34.834491573491185,34.06720347095305,5067.696440529932,87500.0,AVOID,89,90,1,0.0
6,106,parking zone,Botanical Garden Noida,21.380852214304184,33.41436565939003,56.23067686586691,31.440753468880352,37.68002728385373,32.8453666227657,33.57056572192891,19191.00828703697,73000.0,AVOID,90,91,1,0.0
6,60,OSM Parking way-962692147,Vasant Kunj,24.529582123238217,16.84169432179732,54.52605616274318,55.460505131732546,36.47230221239118,33.02033224893194,33.53812774345083,7754.932784408335,83500.0,AVOID,91,92,1,0.0
6,109,OSM Parking way-1258173789,Botanical Garden Noida,27.593005354546374,1.326086273786584,78.12996618862427,53.7518820032186,33.62726535275868,33.40200047480822,33.43579020650079,2384.5594943801843,46500.0,AVOID,92,93,1,0.0
6,112,OSM Parking node-571595195,Indirapuram,15.657275079193091,33.171774649935074,26.474162319083533,45.33197997776533,59.56939979587936,27.954173565610617,32.69645750015093,17991.857628925503,108500.0,AVOID,93,84,-9,-1.9799029377086583
6,25,OSM Parking way-150520028,Saket,21.59447768327202,32.75487937347806,29.282795620549603,34.1693362147754,54.97040311792236,28.452803439588088,32.43044339133823,18168.611788102833,99000.0,AVOID,94,95,1,0.0
6,96,OSM Parking way-120113983,Udyog Vihar,7.111111360970765,20.2608945747626,40.87615485796877,55.48836276982711,71.78681218055324,25.474393760177954,32.42125652323425,9964.263705304558,118500.0,AVOID,95,96,1,0.0
6,119,OSM Parking node-1574481003,Faridabad Sector 15,12.346909029777004,1.774125489614497,72.89823825254705,52.91320708903416,58.7833836858006,27.08155397949871,31.83682843544399,3478.4096292317504,54500.0,AVOID,96,97,1,0.0
6,24,OSM Parking way-239641076,Saket,17.04509325929383,26.49649925161716,49.67541051328921,18.281073889122712,65.71108167671683,25.8013240600638,31.78778770256175,12551.207827960216,94500.0,AVOID,97,98,1,0.0
6,69,OSM Parking way-1093273543,DLF Cyber City,16.794398900990622,30.35713348362711,35.24743614904437,31.813483028316917,60.13383665469864,26.69028343271548,31.70681641601295,14057.793026630136,87000.0,AVOID,98,99,1,0.0
6,94,OSM Parking way-151993565,Udyog Vihar,7.244084615644571,18.936051710505858,53.413227387719296,53.56466848246816,54.8239961696885,27.004614932762298,31.177522118301223,8755.919414231563,85000.0,AVOID,99,101,2,0.0
6,98,GIP & WOW parking lot,Noida Sector 18,14.731177972754272,31.031056320745353,65.27181975194758,28.95022746916594,29.68007140156059,30.95344065315253,30.76243526541374,16561.98393113154,70000.0,AVOID,100,102,2,0.0
6,81,OSM Parking way-1305530431,Sector 29 Gurugram,18.62379888369688,10.58534567486597,37.605667229308494,54.72954421222184,57.269443303664005,25.980891529476597,30.674174295604708,5509.031546931883,88000.0,AVOID,101,103,2,0.0
6,79,OSM Parking node-728709435,Sector 29 Gurugram,18.09508815759409,1.0708934639795629,76.46400667031757,54.1527946456101,35.19049436228566,29.751494130190903,30.567344165005117,2078.1745156899983,69000.0,AVOID,102,104,2,0.0
6,110,OSM Parking way-554394266,Indirapuram,6.49567113669864,23.975184278004747,50.62479275400193,38.659875631202475,57.538163849503725,25.100232550931107,29.965922245716996,11462.663699696002,63500.0,AVOID,103,94,-9,-2.8649830429407857
6,70,DLF Downtown Multi Level Car Parking (MLCP),DLF Cyber City,17.848266175062925,0.0034204169960744,59.290650999700034,56.13756899167925,47.42637019025507,26.6700799476174,29.78352348401305,2519.083633831317,70000.0,AVOID,104,105,1,0.0
6,111,OSM Parking node-571595174,Indirapuram,23.31553333816699,13.95923032501005,27.474162319083533,42.70477858658547,56.74770160978803,24.719186727709367,29.523463960021164,6864.531424469882,96000.0,AVOID,105,100,-5,-2.142512052881038
6,78,OSM Parking node-297255245,Sector 29 Gurugram,25.8152880345841,11.683483786508384,45.66837347625217,54.259022581753534,25.565407854984898,30.18184325376845,29.489377943950913,5624.043804979545,97000.0,AVOID,106,106,0,0.0
6,71,OSM Parking way-1093273545,DLF Cyber City,8.68197645150202,34.52727122481465,28.747778979852185,43.60119649587587,45.7325306079298,25.98677301530997,28.948636654202943,21798.884411222112,127000.0,AVOID,107,107,0,0.0
6,103,OSM Parking way-1327222658,Noida Sector 62,9.190454510067312,6.279063814512093,95.5,33.83163204125022,33.69710856208805,27.91370248568912,28.781213397148957,4456.552102270596,71500.0,AVOID,108,108,0,0.0
6,57,OSM Parking way-982896113,Vasant Kunj,16.274543962717903,22.02249980105208,51.68859135956651,40.24799219602926,29.012784986154767,28.44526549696207,28.53039342034097,9808.484097777444,88500.0,AVOID,109,110,1,0.0
6,62,OSM Parking way-251320382,DLF Cyber City,17.423016147345816,20.71165317829262,29.522293088812468,38.3473429827754,50.29345085856717,24.21795711707657,28.12928117830015,9282.244448045029,51000.0,AVOID,110,111,1,0.0
6,88,OSM Parking way-226082166,Udyog Vihar,15.568522271940893,33.67975380956634,32.815626422145804,15.182178524290087,49.89443242671785,23.87078338345793,27.774330739946915,20457.48614281103,134500.0,AVOID,111,112,1,0.0
6,114,OSM Parking way-554394259,Indirapuram,13.34487764797246,8.998322466201481,50.73859135956651,52.01916057670866,40.636382876637136,25.490243178098098,27.76216413287895,5317.757222173016,103000.0,AVOID,112,109,-3,-0.9873472612082708
6,64,OSM Parking way-151988184,DLF Cyber City,21.07447805618154,20.22966692415536,28.014542306333514,31.739883367615302,46.04969829181118,23.932851763512502,27.250378742757302,9469.776803867142,67000.0,AVOID,113,113,0,0.0
6,115,OSM Parking way-608015611,Indirapuram,6.017744974061693,0.0,27.096622080194276,46.94451793246704,80.30625841184387,15.189993522491417,24.957433255894287,2898.6653618089704,39000.0,AVOID,114,114,0,-0.5596819615392974
6,58,OSM Parking way-982729144,Vasant Kunj,4.447429757450675,0.0,67.52192469289984,39.06899336618765,47.60197411490121,20.37984310129215,24.463162753333503,471.35343665528234,48000.0,AVOID,115,115,0,0.0
6,92,OSM Parking way-120114001,Udyog Vihar,11.539990697102194,5.3376771660013045,56.07553481432455,39.45282016925374,34.96107049480956,22.500787939020856,24.369830322389163,4211.0796331018955,49500.0,AVOID,116,116,0,0.0
6,76,OSM Parking way-1451095896,Sector 29 Gurugram,17.08232284653186,0.0,41.734299402178095,54.3420558106597,16.63435447865882,22.98370604221791,22.03130330768405,1661.6861188665791,49500.0,AVOID,117,118,1,0.0
6,113,OSM Parking way-1327221069,Indirapuram,17.66821784508599,5.2530576492875705,30.429955413527612,38.91705223153918,32.34135658898968,20.018565779538484,21.866984400956163,4259.964936101332,93500.0,AVOID,118,117,-1,-1.9806200695496123
6,91,OSM Parking way-1093273473,Udyog Vihar,9.341563715276743,0.0917908003155096,33.11898675077796,20.368847816507095,66.3,12.76304941147607,20.793591999754657,3215.416856363436,40000.0,AVOID,119,119,0,0.0
6,89,OSM Parking way-226082173,Udyog Vihar,16.88892719013028,13.872468976324736,22.310501902293108,12.485738784136878,42.29969768188897,16.181448828335018,20.09918615636811,6700.633833969501,49500.0,AVOID,120,120,0,0.0
7,52,MCD Parking,Lajpat Nagar,81.91400215185098,86.48257295479064,56.62981459994283,82.66676549587018,74.72827985670894,78.84066940674498,78.42943045174137,181556.3856748798,82000.0,ACQUIRE_NOW,1,1,0,0.1308575746101183
7,18,OSM Parking node-786590777,Nehru Place,83.90716413798003,100.0,34.07190525391261,74.58768499336001,66.18293051359517,77.62422688031434,76.48009724364242,316883.7957659745,126500.0,ACQUIRE_NOW,2,2,0,0.0815698881182385
7,1,OSM Parking node-928559154,Connaught Place,87.6022292064125,100.0,28.01778309409893,62.87070786512365,71.1426197378961,76.30462814049821,75.788427300238,234519.90329243283,91500.0,ACQUIRE_NOW,3,3,0,0.2030919337464496
7,51,OSM Parking way-1384231629,Lajpat Nagar,81.4210944538978,45.81112619712815,88.87147265290734,70.93730452378318,87.70854330244416,73.00219955276481,74.47283392773275,25313.81410698316,83000.0,ACQUIRE_NOW,4,6,2,1.46612597041117
7,6,OSM Parking node-928558934,Connaught Place,83.67415560065014,100.0,17.59272727272732,61.80513866298516,77.88515327345254,72.64371347846324,73.16785745796217,433614.4575657261,74500.0,ACQUIRE_NOW,5,5,0,-0.5268421036076205
7,17,OSM Parking way-1265773838,Nehru Place,76.44915879637628,87.58029690123006,32.27897596098332,72.30151038624352,88.0234572017582,70.86977316764505,72.58514157105637,139122.93178494094,67500.0,ACQUIRE_NOW,6,4,-2,-1.1352718255117793
7,3,Palika Parking,Connaught Place,78.02095273354942,83.38445672630186,24.088405797101448,62.8740276089353,84.3985868102288,67.69959716620629,69.36949613060854,86502.49574398641,42500.0,ACQUIRE_NOW,7,8,1,-0.5870569034715913
7,41,OSM Parking way-1386106209,Karol Bagh,67.39266635560617,91.21914592782628,51.497771538194435,54.36605991934002,80.75025628931456,67.867189384931,69.15549607536934,220387.98157561605,134000.0,ACQUIRE_NOW,8,7,-1,-1.8592034752964253
7,55,OSM Parking way-1270655678,Lajpat Nagar,81.4428900553814,60.93600304732823,50.42611089623913,77.96635650337944,48.18893967056068,71.13691860173444,68.84212070861706,66077.76045629973,146500.0,PURSUE,9,15,6,2.6880418696436976
7,8,OSM Parking node-5634145022,Connaught Place,74.9933366812722,91.63909450855954,25.96424242424247,62.020112208047934,64.51906535519836,68.35867418784927,67.97471330458418,137873.33212430988,56500.0,ACQUIRE_NOW,10,9,-1,-0.3085743250606754
7,16,OSM Parking way-1265773840,Nehru Place,73.36267224708465,80.57166224945628,30.06455928808151,71.72260840059158,63.663853569874725,67.47497389114008,67.09386185901356,124440.42510630476,131000.0,ACQUIRE_NOW,11,11,0,0.1244914337419231
7,19,Metro Station Parking,Nehru Place,71.57963704087973,83.83689945480735,32.25334662104744,72.34747552739961,54.16586021396071,67.87706447731158,66.5059440509765,125634.70087570108,112000.0,PURSUE,12,14,2,0.2578257206495777
7,15,Eros,Nehru Place,70.82627236247953,85.8083951709644,28.955238587245947,71.01710969630943,59.720197980750854,67.20893357968666,66.46006001979308,193956.29220412657,116000.0,ACQUIRE_NOW,13,13,0,-0.1938024213378071
7,13,OSM Parking way-1298783157,Nehru Place,68.80186296150517,91.4900410356602,21.37887495088231,68.57702341312249,70.23145267206922,65.9023757181498,66.33528341354175,285442.06833523687,92000.0,ACQUIRE_NOW,14,10,-4,-1.2058883892359518
7,46,OSM Parking way-80414532,Karol Bagh,73.34336231043629,66.05070904288549,53.509676300099194,56.80454263565519,71.41597683108814,65.66068841457196,66.23621725622358,85451.00422336349,148000.0,ACQUIRE_NOW,15,16,1,0.4610019373449461
7,21,OSM Parking way-1426212235,Nehru Place,67.34304679112077,90.50425450611614,26.41112439882522,56.14644313165036,78.12427441620278,63.801894163603194,65.23413218886316,264785.1162113236,124500.0,ACQUIRE_NOW,16,12,-4,-1.697121767003864
7,22,Lotus Temple Parking,Nehru Place,61.85590767747229,89.44524978451253,46.48204131829587,59.48366683043432,57.808329707684614,65.02918805577883,64.30710222096941,202491.21459961584,78000.0,ACQUIRE_NOW,17,17,0,-1.1770882068626207
7,12,OSM Parking way-454517227,Nehru Place,77.92370930311955,61.60895283653291,34.84624091824828,62.26608887182572,59.31684300195582,64.50902639673944,63.98980805726109,53571.65638602931,65000.0,ACQUIRE_NOW,18,20,2,1.746081138387524
7,7,OSM Parking way-1237304338,Connaught Place,74.62298693517744,81.78076318837473,21.799076479076525,55.14158020008884,61.3,64.16271768180081,63.876445913620735,79012.65418334173,33000.0,ACQUIRE_NOW,19,18,-1,0.3082605340990128
7,43,OSM Parking way-1386957470,Karol Bagh,70.59934188555627,62.728659918897634,57.869676300099194,61.46122511876633,50.14611520210789,65.20567105647984,63.69971547104266,67391.79808474384,91000.0,PURSUE,20,19,-1,1.4161954325053685
7,4,OSM Parking way-1306327527,Connaught Place,72.22443068411252,84.90680011836301,20.29421678416003,58.59294983570482,45.0845707977376,64.11578587810816,62.21266437007111,94507.31471581737,77500.0,PURSUE,21,22,1,0.722874522606233
7,2,OSM Parking node-928559077,Connaught Place,62.22919402828535,82.43731184478648,19.733908660910732,67.05174913398554,63.33002850369816,60.441098499450966,60.72999149987569,173865.47424258152,108000.0,ACQUIRE_NOW,22,21,-1,-1.0654476145957048
7,14,OSM Parking way-1265773839,Nehru Place,63.79760397381464,69.98611035273552,30.027522251044473,69.65785804330568,62.06638982975038,60.521189671361654,60.67570968720052,95893.56018260412,137000.0,ACQUIRE_NOW,23,23,0,-0.2228646117428283
7,42,OSM Parking way-1386957479,Karol Bagh,70.11332988616556,46.80802908175695,47.869676300099194,58.59877760163739,69.48091309421672,59.30800650675345,60.32529716549978,29554.42335537625,57000.0,ACQUIRE_NOW,24,25,1,1.1968858798178843
7,5,OSM Parking way-1306327526,Connaught Place,80.16765723811618,54.5801607485699,18.270407260350503,59.19932571793815,54.49763695803328,60.670616657448605,60.05331868750707,39515.1258743894,61500.0,PURSUE,25,28,3,2.562875838481453
7,9,OSM Parking node-928559229,Connaught Place,75.13225479354617,61.00457499218652,20.82945249597423,55.903605412831226,58.66362728873311,59.73752844686288,59.630138331049906,52002.78517351368,93000.0,ACQUIRE_NOW,26,26,0,1.529815365308636
7,10,Gurudwara Bangla Sahib Parking Gate No 2,Connaught Place,62.56865235869486,37.22577344025786,56.58687472255453,86.01751018313519,41.88091309421672,59.84808151931441,58.051364676804646,19787.028072433874,57000.0,PURSUE,27,29,2,2.301530909145761
7,45,OSM Parking way-80414548,Karol Bagh,51.322172403868464,84.76070857102447,29.42910349792475,64.50439793426938,64.53721399730821,57.3011509895349,58.02475729031223,251315.65026736568,230500.0,ACQUIRE_NOW,28,24,-4,-2.3326788880297684
7,50,OSM Parking way-1289814788,Karol Bagh,65.44111873863201,31.380554320735317,61.1833800038029,72.5098689419321,36.704984894259816,58.34060633495569,56.1770441908861,12970.836761895762,98000.0,PURSUE,29,33,4,3.139834913113446
7,44,OSM Parking way-1386957481,Karol Bagh,58.62939942242583,60.52672423538395,53.9996763000992,59.4541155925863,26.36983060427027,58.41685933327773,55.21215646037698,44053.97741394524,112000.0,PURSUE,30,31,1,1.5181122002598784
7,49,OSM Parking way-463710736,Karol Bagh,78.16209407470151,21.53582895809929,51.25189852232142,53.20511886631607,38.74368710177162,56.933951144217865,55.11492473997325,9808.514630353162,99000.0,PURSUE,31,37,6,4.802233604476612
7,85,OSM Parking way-1435149349,Golf Course Road,35.051889157763185,45.878214929819826,92.59394223043812,59.09654564699649,86.60169184290031,51.05552425631603,54.61014101497447,29519.002410028148,58500.0,ACQUIRE_NOW,32,27,-5,-3.1188064228596915
7,40,Shamshan Ghat Parking,Rajouri Garden,38.85182823582255,51.672932538521366,86.17665783809252,58.1645738301028,48.79596142038685,52.80722505806955,52.40609869430128,47071.42713214486,92000.0,PURSUE,33,32,-1,-1.1382618743631523
7,83,OSM Parking way-1433732982,Golf Course Road,30.51963874667961,70.57725284506041,66.60394223043812,64.71322370954908,57.56722054380665,51.134312176313344,51.77760301306268,94153.25677622668,140000.0,ACQUIRE_NOW,34,30,-4,-3.3552597947753853
7,48,OSM Parking way-80418116,Karol Bagh,79.75488973442346,27.603488272881577,32.63869164780797,47.993261041395,14.781117824773414,55.01938494636238,50.995558234203486,10037.362378033253,83500.0,PURSUE,35,51,16,5.856258668559597
7,20,OSM Parking way-454514534,Nehru Place,61.60374118078423,44.219467994149035,21.966679954380776,59.67927532757821,51.58392367026792,50.81364818159705,50.89067573046414,26518.41957855657,46000.0,PURSUE,36,39,3,1.370204534857578
7,34,OSM Parking way-1305711567,Dwarka Sector 21,34.57087286074559,37.47085482499262,95.5,65.02928814724912,46.41876324039474,50.44657036820459,50.0437896554236,23663.969130316385,104500.0,PURSUE,37,35,-2,-0.7373936171948046
7,11,Parliament Visitor Parking,Connaught Place,38.15855652609858,47.26435183808807,18.48591511936339,87.63531890117801,82.55434874539,45.14942009015362,48.889912955677254,34230.64299751469,50500.0,DEVELOP,38,34,-4,-2.6750793765640495
7,118,Sector -12 Court Parking,Faridabad Sector 15,28.84687932542555,60.61207983923609,54.59289555920646,65.67874523688232,56.66022880215343,46.33545979714528,47.3679366976461,78078.56994045262,179500.0,AVOID,39,36,-3,-2.978927499526911
7,104,OSM Parking node-7151184473,Noida Sector 62,36.64172294836256,47.92065845134002,46.06222736081141,66.03043054699755,61.32761097534694,45.61635506198264,47.18748065331907,42658.704539493345,143500.0,DEVELOP,40,40,0,-1.798241176498081
7,101,OSM Parking way-71656926,Noida Sector 62,23.11180041973354,51.18961356725912,81.11581424157968,48.79475862921605,70.3343327247665,43.299143124405106,46.00266208444125,49849.64943429537,142500.0,DEVELOP,41,38,-3,-3.7650172726279223
7,86,OSM Parking way-144272815,Golf Course Road,29.796456478329706,36.185121107142926,67.01516435966221,56.97370669422071,77.37625206865285,41.94881941204768,45.49156267770819,17176.436010730722,46000.0,DEVELOP,42,41,-1,-2.698423010956816
7,47,OSM Parking way-1460536295,Karol Bagh,48.038766208971275,27.340568782346335,52.34467135698334,66.12700039220792,30.15251369275372,47.17152333604053,45.46962237171185,12946.36558895132,83000.0,PURSUE,43,55,12,1.929222497142142
7,99,OSM Parking way-1514695589,Noida Sector 18,29.114297667594037,43.46065704622947,67.10219555232379,54.79792345565807,63.813681368502806,42.91429814164532,45.00423646433107,32083.56932597485,100000.0,DEVELOP,44,43,-1,-2.4522871539772098
7,33,OSM Parking way-1534261317,Dwarka Sector 21,21.33977291629675,33.80985183515807,95.5,67.20854741699077,40.69383876909565,44.11573516233214,43.773545523008494,20742.190488121603,92500.0,AVOID,45,50,5,-1.59120723858301
7,72,OSM Parking way-224348146,Sector 29 Gurugram,27.191762276720752,55.36118926596424,46.005410513289206,61.89807964112135,56.27866837715963,42.37162920782525,43.76233312475869,57931.74125314318,141000.0,AVOID,46,46,0,-2.8628166544841136
7,102,OSM Parking way-71656927,Noida Sector 62,26.656075744264648,45.40754733531048,73.15661984849525,40.817474870605984,64.71128620396613,40.933393302925715,43.31118259302976,29273.710603584168,60000.0,DEVELOP,47,47,0,-2.840334102537362
7,31,DLF South Court Parking,Saket,28.146348386171013,43.36054241439907,43.58566722930849,61.32608847391759,73.1184393716988,39.63045688092459,42.97925513000202,34048.13523179583,80000.0,DEVELOP,48,48,0,-3.009314250687787
7,120,OSM Parking way-153527300,Faridabad Sector 15,16.83775923998316,48.19174275285552,73.7962288925398,57.64979150241513,66.774946021884,40.10039478423067,42.76784990799601,34977.59549798011,86000.0,DEVELOP,49,44,-5,-4.064558514738657
7,84,OSM Parking way-1313204367,Golf Course Road,9.921633146519287,53.2367944889881,85.92727556377146,70.42120685564808,46.579811574697175,42.29809391035362,42.72626567678798,59277.14115638957,270000.0,AVOID,50,45,-5,-3.998666988532328
7,36,OSM Parking way-1436470011,Rajouri Garden,35.37456543487069,35.45969792632512,49.95981459994284,49.23332310480009,62.30619335347432,40.13415157213859,42.35135575027217,20738.482628815913,71500.0,DEVELOP,51,54,3,-1.3508380205029056
7,75,OSM Parking way-1217765675,Sector 29 Gurugram,10.191878853787792,60.51412575359576,58.558169127100655,66.2158075442423,74.0730124871408,38.77297021437301,42.302974441649795,79142.91452312631,161500.0,DEVELOP,52,42,-10,-5.7101690266580505
7,32,MGF Metropolitan Parking,Saket,42.34861714318533,33.80421877484818,37.56342689087085,57.66894390490051,37.10377643504532,42.205718035121635,41.695523875114,19668.233922221803,124500.0,AVOID,53,63,10,0.6894619538238516
7,80,OSM Parking way-24636762,Sector 29 Gurugram,34.24145384534328,32.12991045953274,56.366228892539795,55.80897618800208,43.26246172738104,41.05427154680571,41.27509056486324,16427.00016732295,81500.0,AVOID,54,61,7,-0.3454732248113643
7,26,OSM Parking way-633000310,Saket,24.423494121859584,52.693506829129014,54.72912150805304,31.851923713947265,79.71574018126888,36.99472866429964,41.266829815996566,53621.93362651155,143500.0,DEVELOP,55,49,-6,-4.178112938333939
7,100,OSM Parking way-71596234,Noida Sector 18,33.53673843601762,18.72712304675006,84.62147265290734,59.82142169674553,24.397549942464003,43.14061570689443,41.26630913045139,8554.52162891349,102500.0,AVOID,56,67,11,1.197440194141059
7,29,OSM Parking way-1385319902,Saket,35.405725312697015,44.38058423748591,40.29564911309307,47.73233386300454,50.202675322140585,40.269560465545155,41.262871951204694,29702.47704860198,86500.0,AVOID,57,58,1,-1.1885904467116148
7,117,OSM Parking way-1256890554,Faridabad Sector 15,24.065899415962477,26.385801052476612,95.5,54.36204467430363,38.22589526415731,41.5364740866954,41.20541620444159,12158.42511730381,69500.0,AVOID,58,60,2,-0.8239948742354457
7,56,OSM Parking way-1200970626,Lajpat Nagar,22.513651791748092,28.928983771283665,54.29745407787697,77.19014217434427,57.914263844217736,38.34932989865461,40.30582329321093,15594.692034311876,97000.0,DEVELOP,59,59,0,-2.0907972016002603
7,90,MSIL Material Gate,Udyog Vihar,25.52511700522063,53.75040013898237,49.558894027478075,34.57822030610591,62.17076716016151,37.31188219991369,39.797770695938475,55968.29620242446,167500.0,DEVELOP,60,56,-4,-3.2435466644351294
7,53,OSM Parking way-202800243,Lajpat Nagar,10.928245787562936,34.478674902772056,59.950391180519006,77.1038961377848,76.64034119048684,35.36130710369462,39.489210512373845,20485.98660682517,87500.0,DEVELOP,61,53,-8,-4.463126225906649
7,68,OSM Parking way-1093273472,DLF Cyber City,19.64328715538016,65.15639295947265,31.637505269296476,32.147520582148374,87.26315085816056,33.84038592418147,39.18266241757938,89145.1909939636,104500.0,DEVELOP,62,52,-10,-5.656648475343644
7,38,OSM Parking way-1376710968,Rajouri Garden,27.63066499858505,27.378041491421737,61.519444229572464,47.559071163291485,62.91393001345895,36.54405734071996,39.18104460799386,13314.538828237944,41000.0,DEVELOP,63,64,1,-1.7515320753855192
7,30,Salcon Rasvilas Parking,Saket,23.67819169957536,40.679256475484195,43.58566722930849,53.91506114011808,62.919702520605206,35.81359692260108,38.52420748240149,24300.62435580259,78000.0,DEVELOP,64,62,-2,-2.8121287798469297
7,105,OSM Parking way-1193997714,Botanical Garden Noida,26.439007956666774,28.985492750874144,61.25860607689176,37.1573436292285,68.31315236263535,34.594549098621755,37.96640942502312,16442.985012948022,92500.0,DEVELOP,65,66,1,-2.2210314600087884
7,37,OSM Parking node-1374470937,Rajouri Garden,30.172422403772455,27.62593645740602,51.6264812666095,49.98551033716466,50.82231278437623,36.48439443728479,37.91818627199394,14331.92336498405,111000.0,AVOID,66,70,4,-0.9051702217118632
7,23,OSM Parking way-239641077,Saket,21.41325868691867,44.25002914105078,49.258743846622544,21.994727219013505,95.5337164186994,31.225922180914484,37.65670160469298,31078.237134922125,57500.0,AVOID,67,57,-10,-4.847861409295639
7,67,OSM Parking way-692610367,DLF Cyber City,24.21811184775808,49.826256715156674,31.65232008411129,26.89925014852233,82.3301874087658,31.594701796699567,36.66825035790619,43629.20781173503,88500.0,AVOID,68,65,-3,-4.186011021420313
7,59,OSM Parking node-449455817,Vasant Kunj,11.71356603935138,25.46773964261345,95.5,49.76074692355947,45.860714300236246,35.07565153644129,36.154157812820785,13085.621481854008,90500.0,AVOID,69,71,2,-2.3950660932073475
7,28,OSM Parking way-633000303,Saket,21.83876080985671,44.196458932607214,51.91594690487843,30.49717729493028,59.52161218705908,33.263071933817145,35.88892595914134,30966.569649795463,90000.0,DEVELOP,70,69,-1,-3.0020274749976466
7,82,OSM Parking way-1443588429,Golf Course Road,25.30700322170148,0.428958634056955,90.30764593414185,56.61990020209141,35.41625991631867,35.830805484363296,35.789350927558836,3219.0434059771064,50500.0,AVOID,71,82,11,0.7384393946513654
7,97,Multi Level Car Parking (MLCP) Noida,Noida Sector 18,36.68862829547686,9.588285650853733,68.15763064935987,39.88008892471354,29.719237556570285,36.443073760525,35.77069014012953,5067.696440529932,87500.0,AVOID,72,90,18,1.7034866691764847
7,95,"Final vehicle parking area ""B""",Udyog Vihar,16.85816663470208,43.935765579896746,45.04619035068226,60.24902034965482,42.58015658736323,34.805223749900826,35.58271703364707,35896.8737417902,142000.0,AVOID,73,72,-1,-2.6399794448927807
7,108,OSM Parking way-402582932,Botanical Garden Noida,25.278178550031093,17.70280689349491,67.98622512451081,53.796981884824575,34.607531522813126,35.46590427790192,35.38006700239304,8312.375483448302,70500.0,AVOID,74,81,7,-0.0876990658122878
7,35,OSM Parking node-850627124,Dwarka Sector 21,22.007786541890344,14.820563506361198,95.5,33.828092816990605,39.08499103414344,34.629379156196634,35.074940343991315,6123.237523100019,53500.0,AVOID,75,80,5,-0.4944990728361915
7,63,OSM Parking way-1106809494,DLF Cyber City,23.599507669134184,44.61482385624745,31.875234265283055,41.344277552879475,56.5958354511188,32.606327346252826,35.00527815673942,32924.77840177144,63500.0,AVOID,76,74,-2,-2.700582198454896
7,74,OSM Parking way-24501706,Sector 29 Gurugram,9.05183917805066,36.57342944107793,44.25233389597516,63.337322275495,76.18584118438761,30.082077761284857,34.69245410359513,24346.573655995493,185000.0,AVOID,77,68,-9,-4.732779613468217
7,109,OSM Parking way-1258173789,Botanical Garden Noida,27.593005354546374,1.326086273786584,78.12996618862427,53.7518820032186,33.62726535275868,34.538551805946994,34.44742316062816,2384.5594943801843,46500.0,AVOID,78,93,15,1.0116329541273714
7,66,OSM Parking way-1418601779,DLF Cyber City,23.875226421292343,26.416177312361047,42.856190350682255,45.927542035036105,59.78494602188401,31.27876209871878,34.129380491035306,13139.475367656223,86000.0,AVOID,79,79,0,-1.9225335245830169
7,54,OSM Parking way-1297324904,Lajpat Nagar,20.1614937583494,15.491353789214893,55.3064812666095,70.50607434098588,39.17130885241102,33.37194622480227,33.95188248756315,6867.739932799399,103000.0,AVOID,80,85,5,-0.716983756246357
7,27,Religare Parking,Saket,21.887290372596624,34.200311201333115,26.21006781994849,49.178596240159024,69.68631822488238,29.892531109245994,33.871909820809634,20551.986463561643,68500.0,AVOID,81,76,-5,-3.005602434051113
7,39,OSM Parking way-1272464500,Rajouri Garden,25.482981171698967,18.62817242330722,56.883724513852336,43.76093983774523,47.957379855489094,32.239474006756296,33.81126459162957,7820.151838108464,77000.0,AVOID,82,86,4,-0.7809794967699162
7,87,OSM Parking way-152002367,Udyog Vihar,17.80288719632449,44.62607568169932,45.31558657396468,30.741511567400245,60.6528263795424,30.505483040082662,33.52021737402864,37595.81035091011,225500.0,AVOID,83,75,-8,-3.48365638342964
7,65,OSM Parking way-692610360,DLF Cyber City,22.750122265420863,40.15719431866945,29.193766115374338,31.96400436634139,71.3309315138676,29.2279481579551,33.43824649354635,27383.21652463877,89000.0,AVOID,84,77,-7,-3.299394065084762
7,93,OSM Parking way-120114009,Udyog Vihar,12.251399701886328,29.51380390140998,54.40886814765789,41.90853470406294,81.76039888912834,28.056590098660724,33.426970977707484,15234.741137798464,88000.0,AVOID,85,73,-12,-4.338570169338283
7,60,OSM Parking way-962692147,Vasant Kunj,24.529582123238217,16.84169432179732,54.52605616274318,55.460505131732546,36.47230221239118,32.975728786473454,33.32538612906523,7754.932784408335,83500.0,AVOID,86,92,6,-0.2127416143855995
7,77,Metro Car Parking,Sector 29 Gurugram,22.127558290806483,24.778395328058384,43.62900056264183,56.417886533314,43.4671768327146,32.015261607030716,33.160453129599105,11969.848199662223,99500.0,AVOID,87,89,2,-1.1995227789579983
7,107,car parking,Botanical Garden Noida,17.00181508727649,22.272940737020456,64.32322146150715,48.89962309877447,48.21477170611508,31.376378740396586,33.060218036968436,9715.802349052354,49500.0,AVOID,88,83,-5,-1.8242041134291256
7,61,IIMC parking,Vasant Kunj,10.588518801482122,23.966028400391075,55.39796092464794,59.7654038664388,64.45335388093505,29.225686577037862,32.74845330742758,11706.763126680433,82000.0,AVOID,89,78,-11,-3.3621172339180916
7,116,OSM Parking way-153527302,Faridabad Sector 15,12.937429050286596,8.028513229315182,80.01823825254705,52.80175804401343,57.42638015231791,29.67074856717972,32.44631172569354,4768.92682664665,80000.0,AVOID,90,88,-2,-1.979001764052988
7,106,parking zone,Botanical Garden Noida,21.380852214304184,33.41436565939003,56.23067686586691,31.440753468880352,37.68002728385373,31.539920630901964,32.15393129619714,19191.00828703697,73000.0,AVOID,91,91,0,-1.416634425731765
7,73,OSM Parking way-475681096,Sector 29 Gurugram,18.851693330550553,23.155209250973897,35.85279197023593,56.27949781847038,61.1792732166891,28.87951405635661,32.10948997238986,10999.390671690748,45000.0,AVOID,92,87,-5,-2.3315547903280915
7,112,OSM Parking node-571595195,Indirapuram,15.657275079193091,33.171774649935074,26.474162319083533,58.53133289582301,59.56939979587936,28.49787693766693,31.605029223488177,17991.857628925503,108500.0,AVOID,93,84,-9,-3.071331214371412
7,79,OSM Parking node-728709435,Sector 29 Gurugram,18.09508815759409,1.0708934639795629,76.46400667031757,54.1527946456101,35.19049436228566,30.049704614691887,30.563783589451265,2078.1745156899983,69000.0,AVOID,94,104,10,-0.0035605755538519
7,111,OSM Parking node-571595174,Indirapuram,23.31553333816699,13.95923032501005,27.474162319083533,56.988192272459074,56.74770160978803,27.54156954333355,30.462182749979,6864.531424469882,96000.0,AVOID,95,100,5,-1.2037932629232024
7,78,OSM Parking node-297255245,Sector 29 Gurugram,25.8152880345841,11.683483786508384,45.66837347625217,54.259022581753534,25.565407854984898,30.724357088706856,30.20846216533466,5624.043804979545,97000.0,AVOID,96,106,10,0.7190842213837456
7,25,OSM Parking way-150520028,Saket,21.59447768327202,32.75487937347806,29.282795620549603,34.1693362147754,54.97040311792236,27.45176302589241,30.20362703509541,18168.611788102833,99000.0,AVOID,97,95,-2,-2.226816356242822
7,119,OSM Parking node-1574481003,Faridabad Sector 15,12.346909029777004,1.774125489614497,72.89823825254705,52.91320708903416,58.7833836858006,26.85033945674542,30.04364387965094,3478.4096292317504,54500.0,AVOID,98,97,-1,-1.7931845557930544
7,110,OSM Parking way-554394266,Indirapuram,6.49567113669864,23.975184278004747,50.62479275400193,57.75976258414104,57.538163849503725,26.2788762344465,29.404804995952222,11462.663699696002,63500.0,AVOID,99,94,-5,-3.4261002927055593
7,98,GIP & WOW parking lot,Noida Sector 18,14.731177972754272,31.031056320745353,65.27181975194758,28.95022746916594,29.68007140156059,29.14665504046423,29.199996676573868,16561.98393113154,70000.0,AVOID,100,102,2,-1.5624385888398713
7,70,DLF Downtown Multi Level Car Parking (MLCP),DLF Cyber City,17.848266175062925,0.0034204169960744,59.290650999700034,56.13756899167925,47.42637019025507,27.171359502368087,29.196860571156787,2519.083633831317,70000.0,AVOID,101,105,4,-0.5866629128562622
7,81,OSM Parking way-1305530431,Sector 29 Gurugram,18.62379888369688,10.58534567486597,37.605667229308494,54.72954421222184,57.269443303664005,26.018744894090553,29.143814735047897,5509.031546931883,88000.0,AVOID,102,103,1,-1.5303595605568103
7,24,OSM Parking way-239641076,Saket,17.04509325929383,26.49649925161716,49.67541051328921,18.281073889122712,65.71108167671683,24.789788682669723,28.88191798207443,12551.207827960216,94500.0,AVOID,103,98,-5,-2.905869720487317
7,69,OSM Parking way-1093273543,DLF Cyber City,16.794398900990622,30.35713348362711,35.24743614904437,31.813483028316917,60.13383665469864,25.38702681525096,28.861707799195727,14057.793026630136,87000.0,AVOID,104,99,-5,-2.845108616817221
7,96,OSM Parking way-120113983,Udyog Vihar,7.111111360970765,20.2608945747626,40.87615485796877,55.48836276982711,71.78681218055324,23.723667892789116,28.52998232156553,9964.263705304558,118500.0,AVOID,105,96,-9,-3.8912742016687183
7,94,OSM Parking way-151993565,Udyog Vihar,7.244084615644571,18.936051710505858,53.413227387719296,53.56466848246816,54.8239961696885,25.257253965430127,28.213928185855963,8755.919414231563,85000.0,AVOID,106,101,-5,-2.9635939324452636
7,103,OSM Parking way-1327222658,Noida Sector 62,9.190454510067312,6.279063814512093,95.5,33.83163204125022,33.69710856208805,27.03526597012986,27.70145022932568,4456.552102270596,71500.0,AVOID,107,108,1,-1.0797631678232769
7,57,OSM Parking way-982896113,Vasant Kunj,16.274543962717903,22.02249980105208,51.68859135956651,40.24799219602926,29.012784986154767,27.44978342070771,27.60608357725242,9808.484097777444,88500.0,AVOID,108,110,2,-0.924309843088551
7,114,OSM Parking way-554394259,Indirapuram,13.34487764797246,8.998322466201481,50.73859135956651,58.60147565143046,40.636382876637136,26.15402844897647,27.60226389174254,5317.757222173016,103000.0,AVOID,109,109,0,-1.1472475023446869
7,62,OSM Parking way-251320382,DLF Cyber City,17.423016147345816,20.71165317829262,29.522293088812468,38.3473429827754,50.29345085856717,23.657758339261147,26.32132759119175,9282.244448045029,51000.0,AVOID,110,111,1,-1.807953587108404
7,64,OSM Parking way-151988184,DLF Cyber City,21.07447805618154,20.22966692415536,28.014542306333514,31.739883367615302,46.04969829181118,23.82098717599557,26.04385828757713,9469.776803867142,67000.0,AVOID,111,113,2,-1.206520455180172
7,71,OSM Parking way-1093273545,DLF Cyber City,8.68197645150202,34.52727122481465,28.747778979852185,43.60119649587587,45.7325306079298,23.58954571880327,25.80384420771593,21798.884411222112,127000.0,AVOID,112,107,-5,-3.144792446487017
7,88,OSM Parking way-226082166,Udyog Vihar,15.568522271940893,33.67975380956634,32.815626422145804,15.182178524290087,49.89443242671785,22.403367125172235,25.1524736553268,20457.48614281103,134500.0,AVOID,113,112,-1,-2.6218570846201175
7,113,OSM Parking way-1327221069,Indirapuram,17.66821784508599,5.2530576492875705,30.429955413527612,52.12118602853661,32.34135658898968,22.77841098244616,23.73470554310051,4259.964936101332,93500.0,AVOID,114,117,3,-0.1128989274052614
7,92,OSM Parking way-120114001,Udyog Vihar,11.539990697102194,5.3376771660013045,56.07553481432455,39.45282016925374,34.96107049480956,22.23642773286431,23.508892009058833,4211.0796331018955,49500.0,AVOID,115,116,1,-0.8609383133303297
7,76,OSM Parking way-1451095896,Sector 29 Gurugram,17.08232284653186,0.0,41.734299402178095,54.3420558106597,16.63435447865882,23.604869356153795,22.907817868404297,1661.6861188665791,49500.0,AVOID,116,118,2,0.8765145607202491
7,58,OSM Parking way-982729144,Vasant Kunj,4.447429757450675,0.0,67.52192469289984,39.06899336618765,47.60197411490121,19.74178845760377,22.527807023333516,471.35343665528234,48000.0,AVOID,117,115,-2,-1.9353557299999904
7,115,OSM Parking way-608015611,Indirapuram,6.017744974061693,0.0,27.096622080194276,50.67573100939569,80.30625841184387,15.63661217007019,22.10357679424756,2898.6653618089704,39000.0,AVOID,118,114,-4,-3.4135384231860257
7,89,OSM Parking way-226082173,Udyog Vihar,16.88892719013028,13.872468976324736,22.310501902293108,12.485738784136878,42.29969768188897,16.388334193646173,18.979470542470455,6700.633833969501,49500.0,AVOID,119,120,1,-1.1197156138976538
7,91,OSM Parking way-1093273473,Udyog Vihar,9.341563715276743,0.0917908003155096,33.11898675077796,20.368847816507095,66.3,13.08684314585173,18.40815883126656,3215.416856363436,40000.0,AVOID,120,119,-1,-2.385433168488099
10,18,OSM Parking node-786590777,Nehru Place,83.90716413798003,100.0,34.07190525391261,74.58768499336001,66.18293051359517,81.20041262742988,79.69866441604641,316883.7957659745,126500.0,ACQUIRE_NOW,1,2,1,3.300137060522232
10,52,MCD Parking,Lajpat Nagar,81.91400215185098,86.48257295479064,56.62981459994283,82.66676549587018,74.72827985670894,79.85590736295379,79.3431446123293,181556.3856748798,82000.0,ACQUIRE_NOW,2,1,-1,1.0445717351980477
10,1,OSM Parking node-928559154,Connaught Place,87.6022292064125,100.0,28.01778309409893,62.87070786512365,71.1426197378961,79.059688316851,78.2679814589555,234519.90329243283,91500.0,ACQUIRE_NOW,3,3,0,2.682646092463955
10,6,OSM Parking node-928558934,Connaught Place,83.67415560065014,100.0,17.59272727272732,61.80513866298516,77.88515327345254,76.27167890054099,76.43302633783215,433614.4575657261,74500.0,ACQUIRE_NOW,4,5,1,2.7383267762623547
10,17,OSM Parking way-1265773838,Nehru Place,76.44915879637628,87.58029690123006,32.27897596098332,72.30151038624352,88.0234572017582,73.34335941316812,74.81136919202713,139122.93178494094,67500.0,ACQUIRE_NOW,5,4,-1,1.0909557954589817
10,41,OSM Parking way-1386106209,Karol Bagh,67.39266635560617,91.21914592782628,51.497771538194435,54.36605991934002,80.75025628931456,73.16196262320214,73.92079198981338,220387.98157561605,134000.0,ACQUIRE_NOW,6,7,1,2.9060924391476135
10,8,OSM Parking node-5634145022,Connaught Place,74.9933366812722,91.63909450855954,25.96424242424247,62.020112208047934,64.51906535519836,72.05773148280203,71.30386487004166,137873.33212430988,56500.0,ACQUIRE_NOW,7,9,2,3.020577240396804
10,13,OSM Parking way-1298783157,Nehru Place,68.80186296150517,91.4900410356602,21.37887495088231,68.57702341312249,70.23145267206922,70.94419306796203,70.87291902837275,285442.06833523687,92000.0,ACQUIRE_NOW,8,10,2,3.331747225595052
10,3,Palika Parking,Connaught Place,78.02095273354942,83.38445672630186,24.088405797101448,62.8740276089353,84.3985868102288,68.89148694237349,70.44219692915902,86502.49574398641,42500.0,ACQUIRE_NOW,9,8,-1,0.4856438950788941
10,21,OSM Parking way-1426212235,Nehru Place,67.34304679112077,90.50425450611614,26.41112439882522,56.14644313165036,78.12427441620278,68.94882921137994,69.86637373186223,264785.1162113236,124500.0,ACQUIRE_NOW,10,12,2,2.9351197759952043
10,22,Lotus Temple Parking,Nehru Place,61.85590767747229,89.44524978451253,46.48204131829587,59.48366683043432,57.808329707684614,71.16015296845445,69.82497064237747,202491.21459961584,78000.0,ACQUIRE_NOW,11,17,6,4.340780214545433
10,15,Eros,Nehru Place,70.82627236247953,85.8083951709644,28.955238587245947,71.01710969630943,59.720197980750854,70.53829420379442,69.45648458149006,193956.29220412657,116000.0,ACQUIRE_NOW,12,13,1,2.802622140359176
10,19,Metro Station Parking,Nehru Place,71.57963704087973,83.83689945480735,32.25334662104744,72.34747552739961,54.16586021396071,70.60090056929549,68.95739653376202,125634.70087570108,112000.0,PURSUE,13,14,1,2.7092782034351046
10,16,OSM Parking way-1265773840,Nehru Place,73.36267224708465,80.57166224945628,30.06455928808151,71.72260840059158,63.663853569874725,69.0769716694449,68.53565985948788,124440.42510630476,131000.0,ACQUIRE_NOW,14,11,-3,1.5662894342162446
10,51,OSM Parking way-1384231629,Lajpat Nagar,81.4210944538978,45.81112619712815,88.87147265290734,70.93730452378318,87.70854330244416,65.08887327348266,67.35084027637882,25313.81410698316,83000.0,ACQUIRE_NOW,15,6,-9,-5.655867680942762
10,7,OSM Parking way-1237304338,Connaught Place,74.62298693517744,81.78076318837473,21.799076479076525,55.14158020008884,61.3,65.75333462695578,65.30800116426019,79012.65418334173,33000.0,ACQUIRE_NOW,16,18,2,1.739815784738468
10,46,OSM Parking way-80414532,Karol Bagh,73.34336231043629,66.05070904288549,53.509676300099194,56.80454263565519,71.41597683108814,64.04009879956068,64.77768660271343,85451.00422336349,148000.0,ACQUIRE_NOW,17,16,-1,-0.9975287161652062
10,2,OSM Parking node-928559077,Connaught Place,62.22919402828535,82.43731184478648,19.733908660910732,67.05174913398554,63.33002850369816,64.93179134756234,64.77161506317591,173865.47424258152,108000.0,ACQUIRE_NOW,18,21,3,2.9761759487045225
10,4,OSM Parking way-1306327527,Connaught Place,72.22443068411252,84.90680011836301,20.29421678416003,58.59294983570482,45.0845707977376,66.9340901968305,64.7491382569212,94507.31471581737,77500.0,PURSUE,19,22,3,3.2593484094563223
10,55,OSM Parking way-1270655678,Lajpat Nagar,81.4428900553814,60.93600304732823,50.42611089623913,77.96635650337944,48.18893967056068,66.57983259994484,64.74074330700643,66077.76045629973,146500.0,PURSUE,20,15,-5,-1.4133355319669365
10,45,OSM Parking way-80414548,Karol Bagh,51.322172403868464,84.76070857102447,29.42910349792475,64.50439793426938,64.53721399730821,64.73193680445844,64.71246452374342,251315.65026736568,230500.0,ACQUIRE_NOW,21,24,3,4.355028345401422
10,43,OSM Parking way-1386957470,Karol Bagh,70.59934188555627,62.728659918897634,57.869676300099194,61.46122511876633,50.14611520210789,63.45663061944459,62.12557907771093,67391.79808474384,91000.0,PURSUE,22,19,-3,-0.1579409608263589
10,14,OSM Parking way-1265773839,Nehru Place,63.79760397381464,69.98611035273552,30.027522251044473,69.65785804330568,62.06638982975038,61.89641331112185,61.9134109629847,95893.56018260412,137000.0,ACQUIRE_NOW,23,23,0,1.014836664041347
10,12,OSM Parking way-454517227,Nehru Place,77.92370930311955,61.60895283653291,34.84624091824828,62.26608887182572,59.31684300195582,60.88352495972019,60.72685676394376,53571.65638602931,65000.0,ACQUIRE_NOW,24,20,-4,-1.516870154929805
10,83,OSM Parking way-1433732982,Golf Course Road,30.51963874667961,70.57725284506041,66.60394223043812,64.71322370954908,57.56722054380665,60.036004198175746,59.78912583273884,94153.25677622668,140000.0,ACQUIRE_NOW,25,30,5,4.656263024900774
10,9,OSM Parking node-928559229,Connaught Place,75.13225479354617,61.00457499218652,20.82945249597423,55.903605412831226,58.66362728873311,56.59804404656074,56.80460237077798,52002.78517351368,93000.0,ACQUIRE_NOW,26,26,0,-1.2957205949632922
10,85,OSM Parking way-1435149349,Golf Course Road,35.051889157763185,45.878214929819826,92.59394223043812,59.09654564699649,86.60169184290031,53.46137442788418,56.77540616938579,29519.002410028148,58500.0,ACQUIRE_NOW,27,27,0,-0.9535412684483616
10,42,OSM Parking way-1386957479,Karol Bagh,70.11332988616556,46.80802908175695,47.869676300099194,58.59877760163739,69.48091309421672,54.12905077244043,55.66423700461806,29554.42335537625,57000.0,ACQUIRE_NOW,28,25,-3,-3.4641742810638334
10,44,OSM Parking way-1386957481,Karol Bagh,58.62939942242583,60.52672423538395,53.9996763000992,59.4541155925863,26.36983060427027,58.83848706949064,55.59162142296861,44053.97741394524,112000.0,PURSUE,29,31,2,1.8975771628515048
10,40,Shamshan Ghat Parking,Rajouri Garden,38.85182823582255,51.672932538521366,86.17665783809252,58.1645738301028,48.79596142038685,55.65635934755817,54.97031955484104,47071.42713214486,92000.0,PURSUE,30,32,2,1.4259589861766102
10,5,OSM Parking way-1306327526,Connaught Place,80.16765723811618,54.5801607485699,18.270407260350503,59.19932571793815,54.49763695803328,54.98450632643833,54.935819389597825,39515.1258743894,61500.0,PURSUE,31,28,-3,-2.554623459427795
10,118,Sector -12 Court Parking,Faridabad Sector 15,28.84687932542555,60.61207983923609,54.59289555920646,65.67874523688232,56.66022880215343,53.39439324465873,53.7209768004082,78078.56994045262,179500.0,PURSUE,32,36,4,3.37411260323519
10,10,Gurudwara Bangla Sahib Parking Gate No 2,Connaught Place,62.56865235869486,37.22577344025786,56.58687472255453,86.01751018313519,41.88091309421672,54.216330648550645,52.98278889311725,19787.028072433874,57000.0,PURSUE,33,29,-4,-2.7670448745416323
10,75,OSM Parking way-1217765675,Sector 29 Gurugram,10.191878853787792,60.51412575359576,58.558169127100655,66.2158075442423,74.0730124871408,49.95569174766367,52.36742382161138,79142.91452312631,161500.0,ACQUIRE_NOW,34,42,8,4.354280353303537
10,101,OSM Parking way-71656926,Noida Sector 62,23.11180041973354,51.18961356725912,81.11581424157968,48.79475862921605,70.3343327247665,49.538657157188574,51.61822471394637,49849.64943429537,142500.0,ACQUIRE_NOW,35,38,3,1.8505453568771983
10,84,OSM Parking way-1313204367,Golf Course Road,9.921633146519287,53.2367944889881,85.92727556377146,70.42120685564808,46.579811574697175,51.92368531979114,51.38929794528175,59277.14115638957,270000.0,PURSUE,36,45,9,4.664365279961437
10,11,Parliament Visitor Parking,Connaught Place,38.15855652609858,47.26435183808807,18.48591511936339,87.63531890117801,82.55434874539,47.172930159484615,50.71107201807515,34230.64299751469,50500.0,ACQUIRE_NOW,37,34,-3,-0.8539203141661531
10,34,OSM Parking way-1305711567,Dwarka Sector 21,34.57087286074559,37.47085482499262,95.5,65.02928814724912,46.41876324039474,51.09101080470392,50.62378604827301,23663.969130316385,104500.0,PURSUE,38,35,-3,-0.1573972243454022
10,104,OSM Parking node-7151184473,Noida Sector 62,36.64172294836256,47.92065845134002,46.06222736081141,66.03043054699755,61.32761097534694,48.1227851737554,49.44326775391456,42658.704539493345,143500.0,ACQUIRE_NOW,39,40,1,0.4575459240974098
10,72,OSM Parking way-224348146,Sector 29 Gurugram,27.191762276720752,55.36118926596424,46.005410513289206,61.89807964112135,56.27866837715963,48.631501872101595,49.3962185226074,57931.74125314318,141000.0,PURSUE,40,46,6,2.7710687433645944
10,50,OSM Parking way-1289814788,Karol Bagh,65.44111873863201,31.380554320735317,61.1833800038029,72.5098689419321,36.704984894259816,50.77159201986753,49.36493130730676,12970.836761895762,98000.0,PURSUE,41,33,-8,-3.672277970465892
10,120,OSM Parking way-153527300,Faridabad Sector 15,16.83775923998316,48.19174275285552,73.7962288925398,57.64979150241513,66.774946021884,47.06794667598009,49.03864661057048,34977.59549798011,86000.0,ACQUIRE_NOW,42,44,2,2.2062381878358153
10,68,OSM Parking way-1093273472,DLF Cyber City,19.64328715538016,65.15639295947265,31.637505269296476,32.147520582148374,87.26315085816056,43.95440943620203,48.28528357839788,89145.1909939636,104500.0,DEVELOP,43,52,9,3.4459726854748567
10,99,OSM Parking way-1514695589,Noida Sector 18,29.114297667594037,43.46065704622947,67.10219555232379,54.79792345565807,63.813681368502806,46.102378003564304,47.87350834005815,32083.56932597485,100000.0,DEVELOP,44,43,-1,0.4169847217498699
10,20,OSM Parking way-454514534,Nehru Place,61.60374118078423,44.219467994149035,21.966679954380776,59.67927532757821,51.58392367026792,46.95047636234479,47.4138210931371,26518.41957855657,46000.0,PURSUE,45,39,-6,-2.106650102469459
10,102,OSM Parking way-71656927,Noida Sector 62,26.656075744264648,45.40754733531048,73.15661984849525,40.817474870605984,64.71128620396613,45.100386989824784,47.06147691123892,29273.710603584168,60000.0,DEVELOP,46,47,1,0.909960215671802
10,26,OSM Parking way-633000310,Saket,24.423494121859584,52.693506829129014,54.72912150805304,31.851923713947265,79.71574018126888,43.276953710359514,46.92083235745045,53621.93362651155,143500.0,DEVELOP,47,49,2,1.4758896031199455
10,86,OSM Parking way-144272815,Golf Course Road,29.796456478329706,36.185121107142926,67.01516435966221,56.97370669422071,77.37625206865285,43.36852266289505,46.76929560347084,17176.436010730722,46000.0,DEVELOP,48,41,-7,-1.4206900851941668
10,33,OSM Parking way-1534261317,Dwarka Sector 21,21.33977291629675,33.80985183515807,95.5,67.20854741699077,40.69383876909565,46.88686381096799,46.26756130678075,20742.190488121603,92500.0,PURSUE,49,50,1,0.9028085451892452
10,31,DLF South Court Parking,Saket,28.146348386171013,43.36054241439907,43.58566722930849,61.32608847391759,73.1184393716988,43.01138888719749,46.022093935647625,34048.13523179583,80000.0,DEVELOP,50,48,-2,0.0335245549578218
10,90,MSIL Material Gate,Udyog Vihar,25.52511700522063,53.75040013898237,49.558894027478075,34.57822030610591,62.17076716016151,43.58416734074963,45.44282732269082,55968.29620242446,167500.0,DEVELOP,51,56,5,2.401509962317214
10,53,OSM Parking way-202800243,Lajpat Nagar,10.928245787562936,34.478674902772056,59.950391180519006,77.1038961377848,76.64034119048684,40.59473579596331,44.19929633541567,20485.98660682517,87500.0,DEVELOP,52,53,1,0.2469595971351736
10,49,OSM Parking way-463710736,Karol Bagh,78.16209407470151,21.53582895809929,51.25189852232142,53.20511886631607,38.74368710177162,44.35033667386182,43.789671716652805,9808.514630353162,99000.0,AVOID,53,37,-16,-6.52301941884383
10,29,OSM Parking way-1385319902,Saket,35.405725312697015,44.38058423748591,40.29564911309307,47.73233386300454,50.202675322140585,42.26397355994268,43.05784373616247,29702.47704860198,86500.0,AVOID,54,58,4,0.6063813382461589
10,36,OSM Parking way-1436470011,Rajouri Garden,35.37456543487069,35.45969792632512,49.95981459994284,49.23332310480009,62.30619335347432,40.15306990357291,42.36838224856306,20738.482628815913,71500.0,DEVELOP,55,54,-1,-1.3338115222120166
10,23,OSM Parking way-239641077,Saket,21.41325868691867,44.25002914105078,49.258743846622544,21.994727219013505,95.5337164186994,36.300760059610504,42.2240556955194,31078.237134922125,57500.0,DEVELOP,56,57,1,-0.280507318469219
10,30,Salcon Rasvilas Parking,Saket,23.67819169957536,40.679256475484195,43.58566722930849,53.91506114011808,62.919702520605206,39.59161131724749,41.924420437583265,24300.62435580259,78000.0,DEVELOP,57,62,5,0.588084175334842
10,67,OSM Parking way-692610367,DLF Cyber City,24.21811184775808,49.826256715156674,31.65232008411129,26.89925014852233,82.3301874087658,37.285400656121475,41.78987933138591,43629.20781173503,88500.0,DEVELOP,58,65,7,0.9356179520594096
10,117,OSM Parking way-1256890554,Faridabad Sector 15,24.065899415962477,26.385801052476612,95.5,54.36204467430363,38.22589526415731,42.052007783698535,41.66939653174442,12158.42511730381,69500.0,AVOID,59,60,1,-0.3600145469326179
10,56,OSM Parking way-1200970626,Lajpat Nagar,22.513651791748092,28.928983771283665,54.29745407787697,77.19014217434427,57.914263844217736,39.7749592274403,41.58888968911805,15594.692034311876,97000.0,DEVELOP,60,59,-1,-0.80773080569314
10,47,OSM Parking way-1460536295,Karol Bagh,48.038766208971275,27.340568782346335,52.34467135698334,66.12700039220792,30.15251369275372,42.57192390790165,41.32998288638686,12946.36558895132,83000.0,AVOID,61,55,-6,-2.2104169881828497
10,95,"Final vehicle parking area ""B""",Udyog Vihar,16.85816663470208,43.935765579896746,45.04619035068226,60.24902034965482,42.58015658736323,40.822467959944085,40.998236822686,35896.8737417902,142000.0,AVOID,62,72,10,2.775540344146144
10,80,OSM Parking way-24636762,Sector 29 Gurugram,34.24145384534328,32.12991045953274,56.366228892539795,55.80897618800208,43.26246172738104,40.58503968329226,40.852781887701134,16427.00016732295,81500.0,AVOID,63,61,-2,-0.7677819019734713
10,48,OSM Parking way-80418116,Karol Bagh,79.75488973442346,27.603488272881577,32.63869164780797,47.993261041395,14.781117824773414,43.4301846215753,40.56527794189511,10037.362378033253,83500.0,AVOID,64,51,-13,-4.574021623748777
10,28,OSM Parking way-633000303,Saket,21.83876080985671,44.196458932607214,51.91594690487843,30.49717729493028,59.52161218705908,38.23144929442838,40.36046558369145,30966.569649795463,90000.0,DEVELOP,65,69,4,1.4695121495524646
10,74,OSM Parking way-24501706,Sector 29 Gurugram,9.05183917805066,36.57342944107793,44.25233389597516,63.337322275495,76.18584118438761,36.19798670862425,40.19677215620059,24346.573655995493,185000.0,DEVELOP,66,68,2,0.7715384391372382
10,32,MGF Metropolitan Parking,Saket,42.34861714318533,33.80421877484818,37.56342689087085,57.66894390490051,37.10377643504532,40.306962842157816,39.986644201446566,19668.233922221803,124500.0,AVOID,67,63,-4,-1.019417719843581
10,63,OSM Parking way-1106809494,DLF Cyber City,23.599507669134184,44.61482385624745,31.875234265283055,41.344277552879475,56.5958354511188,37.276397610055774,39.20834139416208,32924.77840177144,63500.0,AVOID,68,74,6,1.5024810389677583
10,38,OSM Parking way-1376710968,Rajouri Garden,27.63066499858505,27.378041491421737,61.519444229572464,47.559071163291485,62.91393001345895,36.48791878357256,39.1305199065612,13314.538828237944,41000.0,DEVELOP,69,64,-5,-1.8020567768181832
10,59,OSM Parking node-449455817,Vasant Kunj,11.71356603935138,25.46773964261345,95.5,49.76074692355947,45.860714300236246,38.13213455938842,38.9049925334732,13085.621481854008,90500.0,AVOID,70,71,1,0.355768627445066
10,87,OSM Parking way-152002367,Udyog Vihar,17.80288719632449,44.62607568169932,45.31558657396468,30.741511567400245,60.6528263795424,36.466191592388185,38.88485507110361,37595.81035091011,225500.0,DEVELOP,71,75,4,1.8809813136453288
10,105,OSM Parking way-1193997714,Botanical Garden Noida,26.439007956666774,28.985492750874144,61.25860607689176,37.1573436292285,68.31315236263535,35.16043460844562,38.47570638386459,16442.985012948022,92500.0,DEVELOP,72,66,-6,-1.7117345011673135
10,100,OSM Parking way-71596234,Noida Sector 18,33.53673843601762,18.72712304675006,84.62147265290734,59.82142169674553,24.397549942464003,39.84959006483498,38.30438605259788,8554.52162891349,102500.0,AVOID,73,67,-6,-1.7644828837124535
10,37,OSM Parking node-1374470937,Rajouri Garden,30.172422403772455,27.62593645740602,51.6264812666095,49.98551033716466,50.82231278437623,35.91850867142558,37.40888908272065,14331.92336498405,111000.0,AVOID,74,70,-4,-1.4144674109851536
10,65,OSM Parking way-692610360,DLF Cyber City,22.750122265420863,40.15719431866945,29.193766115374338,31.96400436634139,71.3309315138676,33.09618639201034,36.919660904196064,27383.21652463877,89000.0,DEVELOP,75,77,2,0.1820203455649505
10,93,OSM Parking way-120114009,Udyog Vihar,12.251399701886328,29.51380390140998,54.40886814765789,41.90853470406294,81.76039888912834,31.89267992077709,36.879451817612214,15234.741137798464,88000.0,AVOID,76,73,-3,-0.8860893294335526
10,27,Religare Parking,Saket,21.887290372596624,34.200311201333115,26.21006781994849,49.178596240159024,69.68631822488238,32.62875796007633,36.334513986556935,20551.986463561643,68500.0,AVOID,77,76,-1,-0.5429982683038119
10,61,IIMC parking,Vasant Kunj,10.588518801482122,23.966028400391075,55.39796092464794,59.7654038664388,64.45335388093505,32.198466487906515,35.42395522720937,11706.763126680433,82000.0,AVOID,78,78,0,-0.6866153141363043
10,112,OSM Parking node-571595195,Indirapuram,15.657275079193091,33.171774649935074,26.474162319083533,58.53133289582301,59.56939979587936,32.38998795338737,35.10792913763657,17991.857628925503,108500.0,AVOID,79,84,5,0.4315686997769816
10,66,OSM Parking way-1418601779,DLF Cyber City,23.875226421292343,26.416177312361047,42.856190350682255,45.927542035036105,59.78494602188401,31.8434178522896,34.637570669249044,13139.475367656223,86000.0,AVOID,80,79,-1,-1.4143433463692787
10,106,parking zone,Botanical Garden Noida,21.380852214304184,33.41436565939003,56.23067686586691,31.440753468880352,37.68002728385373,34.21403472980993,34.56063398521432,19191.00828703697,73000.0,AVOID,81,91,10,0.9900682632854084
10,107,car parking,Botanical Garden Noida,17.00181508727649,22.272940737020456,64.32322146150715,48.89962309877447,48.21477170611508,32.54773999589524,34.114443166917226,9715.802349052354,49500.0,AVOID,82,83,1,-0.7699789834803354
10,108,OSM Parking way-402582932,Botanical Garden Noida,25.278178550031093,17.70280689349491,67.98622512451081,53.796981884824575,34.607531522813126,33.78248835422721,33.8649926710858,8312.375483448302,70500.0,AVOID,83,81,-2,-1.6027733971195277
10,77,Metro Car Parking,Sector 29 Gurugram,22.127558290806483,24.778395328058384,43.62900056264183,56.417886533314,43.4671768327146,32.6043365041978,33.69062053704948,11969.848199662223,99500.0,AVOID,84,89,5,-0.6693553715076206
10,35,OSM Parking node-850627124,Dwarka Sector 21,22.007786541890344,14.820563506361198,95.5,33.828092816990605,39.08499103414344,33.032218481634594,33.637495736885484,6123.237523100019,53500.0,AVOID,85,80,-5,-1.931943679942023
10,54,OSM Parking way-1297324904,Lajpat Nagar,20.1614937583494,15.491353789214893,55.3064812666095,70.50607434098588,39.17130885241102,32.33413734277238,33.017854493736245,6867.739932799399,103000.0,AVOID,86,85,-1,-1.651011750073259
10,73,OSM Parking way-475681096,Sector 29 Gurugram,18.851693330550553,23.155209250973897,35.85279197023593,56.27949781847038,61.1792732166891,29.835850927561797,32.97019315647453,10999.390671690748,45000.0,AVOID,87,87,0,-1.4708516062434214
10,110,OSM Parking way-554394266,Indirapuram,6.49567113669864,23.975184278004747,50.62479275400193,57.75976258414104,57.538163849503725,30.16321248807008,32.900707624213446,11462.663699696002,63500.0,AVOID,88,94,6,0.0698023355556642
10,98,GIP & WOW parking lot,Noida Sector 18,14.731177972754272,31.031056320745353,65.27181975194758,28.95022746916594,29.68007140156059,32.76885022890669,32.45997234617209,16561.98393113154,70000.0,AVOID,89,102,13,1.697537080758348
10,39,OSM Parking way-1272464500,Rajouri Garden,25.482981171698967,18.62817242330722,56.883724513852336,43.76093983774523,47.957379855489094,30.71618317378035,32.44030284195122,7820.151838108464,77000.0,AVOID,90,86,-4,-2.151941246448267
10,25,OSM Parking way-150520028,Saket,21.59447768327202,32.75487937347806,29.282795620549603,34.1693362147754,54.97040311792236,29.931852290382647,32.43570737313662,18168.611788102833,99000.0,AVOID,91,95,4,0.005263981798393
10,60,OSM Parking way-962692147,Vasant Kunj,24.529582123238217,16.84169432179732,54.52605616274318,55.460505131732546,36.47230221239118,31.267309275042145,31.787808568777052,7754.932784408335,83500.0,AVOID,92,92,0,-1.750319174673777
10,69,OSM Parking way-1093273543,DLF Cyber City,16.794398900990622,30.35713348362711,35.24743614904437,31.813483028316917,60.13383665469864,28.400967833614622,31.574254715723026,14057.793026630136,87000.0,AVOID,93,99,6,-0.1325617002899228
10,116,OSM Parking way-153527302,Faridabad Sector 15,12.937429050286596,8.028513229315182,80.01823825254705,52.80175804401343,57.42638015231791,28.579878384741622,31.464528561499257,4768.92682664665,80000.0,AVOID,94,88,-6,-2.960784928247275
10,96,OSM Parking way-120113983,Udyog Vihar,7.111111360970765,20.2608945747626,40.87615485796877,55.48836276982711,71.78681218055324,26.645841940298418,31.1599389643239,9964.263705304558,118500.0,AVOID,95,96,1,-1.2613175589103491
10,71,OSM Parking way-1093273545,DLF Cyber City,8.68197645150202,34.52727122481465,28.747778979852185,43.60119649587587,45.7325306079298,29.332944557317187,30.97290316237845,21798.884411222112,127000.0,AVOID,96,107,11,2.024266508175508
10,82,OSM Parking way-1443588429,Golf Course Road,25.30700322170148,0.428958634056955,90.30764593414185,56.61990020209141,35.41625991631867,30.302351131553404,30.813742010029937,3219.0434059771064,50500.0,AVOID,97,82,-15,-4.237169522877537
10,24,OSM Parking way-239641076,Saket,17.04509325929383,26.49649925161716,49.67541051328921,18.281073889122712,65.71108167671683,26.89010112540824,30.772199180539097,12551.207827960216,94500.0,AVOID,98,98,0,-1.0155885220226537
10,94,OSM Parking way-151993565,Udyog Vihar,7.244084615644571,18.936051710505858,53.413227387719296,53.56466848246816,54.8239961696885,27.855468875399303,30.552321604828222,8755.919414231563,85000.0,AVOID,99,101,2,-0.6252005134730041
10,97,Multi Level Car Parking (MLCP) Noida,Noida Sector 18,36.68862829547686,9.588285650853733,68.15763064935987,39.88008892471354,29.719237556570285,30.420775395053195,30.350621611204907,5067.696440529932,87500.0,AVOID,100,90,-10,-3.716581859748139
10,109,OSM Parking way-1258173789,Botanical Garden Noida,27.593005354546374,1.326086273786584,78.12996618862427,53.7518820032186,33.62726535275868,28.701458676889267,29.19403934447621,2384.5594943801843,46500.0,AVOID,101,93,-8,-4.241750862024581
10,88,OSM Parking way-226082166,Udyog Vihar,15.568522271940893,33.67975380956634,32.815626422145804,15.182178524290087,49.89443242671785,26.428085244644556,28.774719962851886,20457.48614281103,134500.0,AVOID,102,112,10,1.0003892229049711
10,57,OSM Parking way-982896113,Vasant Kunj,16.274543962717903,22.02249980105208,51.68859135956651,40.24799219602926,29.012784986154767,28.72710694033753,28.755674744919254,9808.484097777444,88500.0,AVOID,103,110,7,0.2252813245782832
10,111,OSM Parking node-571595174,Indirapuram,23.31553333816699,13.95923032501005,27.474162319083533,56.988192272459074,56.74770160978803,25.462391095965344,28.590922147347612,6864.531424469882,96000.0,AVOID,104,100,-4,-3.0750538655545903
10,119,OSM Parking node-1574481003,Faridabad Sector 15,12.346909029777004,1.774125489614497,72.89823825254705,52.91320708903416,58.7833836858006,24.500832003375976,27.92908717161844,3478.4096292317504,54500.0,AVOID,105,97,-8,-3.9077412638255566
10,81,OSM Parking way-1305530431,Sector 29 Gurugram,18.62379888369688,10.58534567486597,37.605667229308494,54.72954421222184,57.269443303664005,24.23242195879479,27.53612409328171,5509.031546931883,88000.0,AVOID,106,103,-3,-3.1380502023229937
10,78,OSM Parking node-297255245,Sector 29 Gurugram,25.8152880345841,11.683483786508384,45.66837347625217,54.259022581753534,25.565407854984898,27.58395614469003,27.382101315719517,5624.043804979545,97000.0,AVOID,107,106,-1,-2.1072766282313964
10,79,OSM Parking node-728709435,Sector 29 Gurugram,18.09508815759409,1.0708934639795629,76.46400667031757,54.1527946456101,35.19049436228566,26.266550238333103,27.15894465072836,2078.1745156899983,69000.0,AVOID,108,104,-4,-3.4083995142767556
10,103,OSM Parking way-1327222658,Noida Sector 62,9.190454510067312,6.279063814512093,95.5,33.83163204125022,33.69710856208805,26.38829026000648,27.119172090214636,4456.552102270596,71500.0,AVOID,109,108,-1,-1.66204130693432
10,62,OSM Parking way-251320382,DLF Cyber City,17.423016147345816,20.71165317829262,29.522293088812468,38.3473429827754,50.29345085856717,24.38856656836044,26.979054997381112,9282.244448045029,51000.0,AVOID,110,111,1,-1.1502261809190415
10,114,OSM Parking way-554394259,Indirapuram,13.34487764797246,8.998322466201481,50.73859135956651,58.60147565143046,40.636382876637136,25.188127297471816,26.732952855388348,5317.757222173016,103000.0,AVOID,111,109,-2,-2.016558538698878
10,64,OSM Parking way-151988184,DLF Cyber City,21.07447805618154,20.22966692415536,28.014542306333514,31.739883367615302,46.04969829181118,23.633251368878636,25.874896061171892,9469.776803867142,67000.0,AVOID,112,113,1,-1.3754826815854102
10,70,DLF Downtown Multi Level Car Parking (MLCP),DLF Cyber City,17.848266175062925,0.0034204169960744,59.290650999700034,56.13756899167925,47.42637019025507,23.205838222797677,25.627891419543417,2519.083633831317,70000.0,AVOID,113,105,-8,-4.155632064469632
10,92,OSM Parking way-120114001,Udyog Vihar,11.539990697102194,5.3376771660013045,56.07553481432455,39.45282016925374,34.96107049480956,20.858135837064115,22.268429302838666,4211.0796331018955,49500.0,AVOID,114,116,2,-2.101401019550501
10,58,OSM Parking way-982729144,Vasant Kunj,4.447429757450675,0.0,67.52192469289984,39.06899336618765,47.60197411490121,18.75347073372584,21.63832107184338,471.35343665528234,48000.0,AVOID,115,115,0,-2.8248416814901276
10,113,OSM Parking way-1327221069,Indirapuram,17.66821784508599,5.2530576492875705,30.429955413527612,52.12118602853661,32.34135658898968,20.019486494490955,21.25167350394083,4259.964936101332,93500.0,AVOID,116,117,1,-2.5959309665649464
10,115,OSM Parking way-608015611,Indirapuram,6.017744974061693,0.0,27.096622080194276,50.67573100939569,80.30625841184387,14.299335509167593,20.90002779943522,2898.6653618089704,39000.0,AVOID,117,114,-3,-4.617087417998363
10,76,OSM Parking way-1451095896,Sector 29 Gurugram,17.08232284653186,0.0,41.734299402178095,54.3420558106597,16.63435447865882,19.80879761248005,19.491353299097923,1661.6861188665791,49500.0,AVOID,118,118,0,-2.539950008586125
10,89,OSM Parking way-226082173,Udyog Vihar,16.88892719013028,13.872468976324736,22.310501902293108,12.485738784136878,42.29969768188897,15.71801014613383,18.376178899709345,6700.633833969501,49500.0,AVOID,119,120,1,-1.7230072566587644
10,91,OSM Parking way-1093273473,Udyog Vihar,9.341563715276743,0.0917908003155096,33.11898675077796,20.368847816507095,66.3,11.031338053638123,16.55820424827431,3215.416856363436,40000.0,AVOID,120,119,-1,-4.235387751480346
9,52,MCD Parking,Lajpat Nagar,81.91400215185098,86.48257295479064,56.62981459994283,82.66676549587018,74.72827985670894,78.22600285772377,77.35157210747006,181556.3856748798,82000.0,ACQUIRE_NOW,1,1,0,-0.9470007696611872
9,51,OSM Parking way-1384231629,Lajpat Nagar,81.4210944538978,45.81112619712815,88.87147265290734,70.93730452378318,87.70854330244416,71.31842057253822,75.4159512550147,25313.81410698316,83000.0,ACQUIRE_NOW,2,6,4,2.4092432976931235
9,17,OSM Parking way-1265773838,Nehru Place,76.44915879637628,87.58029690123006,32.27897596098332,72.30151038624352,88.0234572017582,69.75389604189881,74.32128633186366,139122.93178494094,67500.0,ACQUIRE_NOW,3,4,1,0.6008729352955129
9,18,OSM Parking node-786590777,Nehru Place,83.90716413798003,100.0,34.07190525391261,74.58768499336001,66.18293051359517,76.3676394287812,73.8214621999847,316883.7957659745,126500.0,ACQUIRE_NOW,4,2,-2,-2.5770651555394863
9,1,OSM Parking node-928559154,Connaught Place,87.6022292064125,100.0,28.01778309409893,62.87070786512365,71.1426197378961,74.04510792731536,73.31948587996054,234519.90329243283,91500.0,ACQUIRE_NOW,5,3,-2,-2.2658494865310104
9,6,OSM Parking node-928558934,Connaught Place,83.67415560065014,100.0,17.59272727272732,61.80513866298516,77.88515327345254,70.43762505402587,72.29950710888254,433614.4575657261,74500.0,ACQUIRE_NOW,6,5,-1,-1.3951924526872546
9,41,OSM Parking way-1386106209,Karol Bagh,67.39266635560617,91.21914592782628,51.497771538194435,54.36605991934002,80.75025628931456,67.96209399079595,71.1591345654256,220387.98157561605,134000.0,ACQUIRE_NOW,7,7,0,0.1444350147598356
9,3,Palika Parking,Connaught Place,78.02095273354942,83.38445672630186,24.088405797101448,62.8740276089353,84.3985868102288,65.63532605273765,70.32614124211045,86502.49574398641,42500.0,ACQUIRE_NOW,8,8,0,0.3695882080303221
9,21,OSM Parking way-1426212235,Nehru Place,67.34304679112077,90.50425450611614,26.41112439882522,56.14644313165036,78.12427441620278,63.09366363809968,66.85131633262546,264785.1162113236,124500.0,ACQUIRE_NOW,9,12,3,-0.0799376232415625
9,13,OSM Parking way-1298783157,Nehru Place,68.80186296150517,91.4900410356602,21.37887495088231,68.57702341312249,70.23145267206922,65.32247826947874,66.54972187012635,285442.06833523687,92000.0,ACQUIRE_NOW,10,10,0,-0.9914499326513492
9,8,OSM Parking node-5634145022,Connaught Place,74.9933366812722,91.63909450855954,25.96424242424247,62.020112208047934,64.51906535519836,67.03174168916469,66.4035726056731,137873.33212430988,56500.0,ACQUIRE_NOW,11,9,-2,-1.8797150239717553
9,46,OSM Parking way-80414532,Karol Bagh,73.34336231043629,66.05070904288549,53.509676300099194,56.80454263565519,71.41597683108814,64.12415363539911,65.94710943432136,85451.00422336349,148000.0,ACQUIRE_NOW,12,16,4,0.1718941154427256
9,16,OSM Parking way-1265773840,Nehru Place,73.36267224708465,80.57166224945628,30.06455928808151,71.72260840059158,63.663853569874725,66.29743421995117,65.63903905743206,124440.42510630476,131000.0,ACQUIRE_NOW,13,11,-2,-1.3303313678395767
9,15,Eros,Nehru Place,70.82627236247953,85.8083951709644,28.955238587245947,71.01710969630943,59.720197980750854,66.4854658231281,64.79414886253379,193956.29220412657,116000.0,ACQUIRE_NOW,14,13,-1,-1.8597135785970949
9,19,Metro Station Parking,Nehru Place,71.57963704087973,83.83689945480735,32.25334662104744,72.34747552739961,54.16586021396071,67.13654996459795,63.89387752693864,125634.70087570108,112000.0,PURSUE,15,14,-1,-2.3542408033882793
9,55,OSM Parking way-1270655678,Lajpat Nagar,81.4428900553814,60.93600304732823,50.42611089623913,77.96635650337944,48.18893967056068,69.07572431100503,63.854028150893946,66077.76045629973,146500.0,PURSUE,16,15,-1,-2.3000506880794163
9,22,Lotus Temple Parking,Nehru Place,61.85590767747229,89.44524978451253,46.48204131829587,59.48366683043432,57.808329707684614,65.66384413144014,63.699965525501256,202491.21459961584,78000.0,ACQUIRE_NOW,17,17,0,-1.7842249023307772
9,85,OSM Parking way-1435149349,Golf Course Road,35.051889157763185,45.878214929819826,92.59394223043812,59.09654564699649,86.60169184290031,54.25625127602661,62.34261141774503,29519.002410028148,58500.0,ACQUIRE_NOW,18,27,9,4.613663979910875
9,7,OSM Parking way-1237304338,Connaught Place,74.62298693517744,81.78076318837473,21.799076479076525,55.14158020008884,61.3,62.07066383112549,61.877997873344114,79012.65418334173,33000.0,ACQUIRE_NOW,19,18,-1,-1.6901875061776082
9,12,OSM Parking way-454517227,Nehru Place,77.92370930311955,61.60895283653291,34.84624091824828,62.26608887182572,59.31684300195582,61.82608981546343,61.19877811208653,53571.65638602931,65000.0,ACQUIRE_NOW,20,20,0,-1.0449488067870334
9,2,OSM Parking node-928559077,Connaught Place,62.22919402828535,82.43731184478648,19.733908660910732,67.05174913398554,63.33002850369816,60.083479393684094,60.89511667118761,173865.47424258152,108000.0,ACQUIRE_NOW,21,21,0,-0.900322443283784
9,43,OSM Parking way-1386957470,Karol Bagh,70.59934188555627,62.728659918897634,57.869676300099194,61.46122511876633,50.14611520210789,64.12693689066455,60.63173146852539,67391.79808474384,91000.0,PURSUE,22,19,-3,-1.6517885700119024
9,14,OSM Parking way-1265773839,Nehru Place,63.79760397381464,69.98611035273552,30.027522251044473,69.65785804330568,62.06638982975038,59.865906810871046,60.41602756559088,95893.56018260412,137000.0,ACQUIRE_NOW,23,23,0,-0.4825467333524713
9,42,OSM Parking way-1386957479,Karol Bagh,70.11332988616556,46.80802908175695,47.869676300099194,58.59877760163739,69.48091309421672,57.14694183087104,60.23043464670745,29554.42335537625,57000.0,ACQUIRE_NOW,24,25,1,1.1020233610255588
9,45,OSM Parking way-80414548,Karol Bagh,51.322172403868464,84.76070857102447,29.42910349792475,64.50439793426938,64.53721399730821,58.496946706668176,60.007013529328184,251315.65026736568,230500.0,ACQUIRE_NOW,25,24,-1,-0.3504226490138151
9,4,OSM Parking way-1306327527,Connaught Place,72.22443068411252,84.90680011836301,20.29421678416003,58.59294983570482,45.0845707977376,62.49405691690729,58.14168538711487,94507.31471581737,77500.0,PURSUE,26,22,-4,-3.348104460350008
9,9,OSM Parking node-928559229,Connaught Place,75.13225479354617,61.00457499218652,20.82945249597423,55.903605412831226,58.66362728873311,56.658583177526225,57.15984420532794,52002.78517351368,93000.0,ACQUIRE_NOW,27,26,-1,-0.9404787604133276
9,5,OSM Parking way-1306327526,Connaught Place,80.16765723811618,54.5801607485699,18.270407260350503,59.19932571793815,54.49763695803328,56.771208541315104,56.20281564549465,39515.1258743894,61500.0,PURSUE,28,28,0,-1.2876272035309668
9,83,OSM Parking way-1433732982,Golf Course Road,30.51963874667961,70.57725284506041,66.60394223043812,64.71322370954908,57.56722054380665,55.257246862240095,55.834740282631735,94153.25677622668,140000.0,ACQUIRE_NOW,29,30,1,0.7018774747936689
9,11,Parliament Visitor Parking,Connaught Place,38.15855652609858,47.26435183808807,18.48591511936339,87.63531890117801,82.55434874539,46.54759280296462,55.549281788570966,34230.64299751469,50500.0,DEVELOP,30,34,4,3.9842894563296625
9,10,Gurudwara Bangla Sahib Parking Gate No 2,Connaught Place,62.56865235869486,37.22577344025786,56.58687472255453,86.01751018313519,41.88091309421672,59.30396735143833,54.948203787132925,19787.028072433874,57000.0,PURSUE,31,29,-2,-0.8016299805259592
9,40,Shamshan Ghat Parking,Rajouri Garden,38.85182823582255,51.672932538521366,86.17665783809252,58.1645738301028,48.79596142038685,55.59830442251894,53.89771867198592,47071.42713214486,92000.0,PURSUE,32,32,0,0.3533581033214901
9,101,OSM Parking way-71656926,Noida Sector 62,23.11180041973354,51.18961356725912,81.11581424157968,48.79475862921605,70.3343327247665,47.336611665339426,53.08604193019619,49849.64943429537,142500.0,ACQUIRE_NOW,33,38,5,3.3183625731270183
9,86,OSM Parking way-144272815,Golf Course Road,29.796456478329706,36.185121107142926,67.01516435966221,56.97370669422071,77.37625206865285,44.37929199879127,52.628532016256656,17176.436010730722,46000.0,DEVELOP,34,41,7,4.438546327591652
9,75,OSM Parking way-1217765675,Sector 29 Gurugram,10.191878853787792,60.51412575359576,58.558169127100655,66.2158075442423,74.0730124871408,44.48918848649006,51.88514448665274,79142.91452312631,161500.0,DEVELOP,35,42,7,3.872001018344896
9,50,OSM Parking way-1289814788,Karol Bagh,65.44111873863201,31.380554320735317,61.1833800038029,72.5098689419321,36.704984894259816,56.92050385422042,51.86662411423027,12970.836761895762,98000.0,PURSUE,36,33,-3,-1.170585163542384
9,34,OSM Parking way-1305711567,Dwarka Sector 21,34.57087286074559,37.47085482499262,95.5,65.02928814724912,46.41876324039474,53.62170986969639,51.82097321237097,23663.969130316385,104500.0,PURSUE,37,35,-2,1.0397899397525665
9,118,Sector -12 Court Parking,Faridabad Sector 15,28.84687932542555,60.61207983923609,54.59289555920646,65.67874523688232,56.66022880215343,49.833175891489226,51.53993911915528,78078.56994045262,179500.0,PURSUE,38,36,-2,1.1930749219822658
9,104,OSM Parking node-7151184473,Noida Sector 62,36.64172294836256,47.92065845134002,46.06222736081141,66.03043054699755,61.32761097534694,47.41128148470665,50.89036385736672,42658.704539493345,143500.0,ACQUIRE_NOW,39,40,1,1.9046420275495703
9,44,OSM Parking way-1386957481,Karol Bagh,58.62939942242583,60.52672423538395,53.9996763000992,59.4541155925863,26.36983060427027,58.3743513154481,50.37322113765365,44053.97741394524,112000.0,PURSUE,40,31,-9,-3.320823122463459
9,120,OSM Parking way-153527300,Faridabad Sector 15,16.83775923998316,48.19174275285552,73.7962288925398,57.64979150241513,66.774946021884,44.75292189308018,50.25842792528113,34977.59549798011,86000.0,DEVELOP,41,44,3,3.426019502546467
9,99,OSM Parking way-1514695589,Noida Sector 18,29.114297667594037,43.46065704622947,67.10219555232379,54.79792345565807,63.813681368502806,45.67429823645558,50.20914401946739,32083.56932597485,100000.0,DEVELOP,42,43,1,2.7526204011591062
9,31,DLF South Court Parking,Saket,28.146348386171013,43.36054241439907,43.58566722930849,61.32608847391759,73.1184393716988,41.92727857987531,49.72506877783118,34048.13523179583,80000.0,DEVELOP,43,48,5,3.736499397141379
9,26,OSM Parking way-633000310,Saket,24.423494121859584,52.693506829129014,54.72912150805304,31.851923713947265,79.71574018126888,39.50897557278766,49.56066672490797,53621.93362651155,143500.0,DEVELOP,44,49,5,4.115723970577463
9,20,OSM Parking way-454514534,Nehru Place,61.60374118078423,44.219467994149035,21.966679954380776,59.67927532757821,51.58392367026792,48.65562958175962,49.38770310388669,26518.41957855657,46000.0,PURSUE,45,39,-6,-0.1327680917198677
9,53,OSM Parking way-202800243,Lajpat Nagar,10.928245787562936,34.478674902772056,59.950391180519006,77.1038961377848,76.64034119048684,40.24791936692096,49.346024822812424,20485.98660682517,87500.0,DEVELOP,46,53,7,5.393688084531931
9,68,OSM Parking way-1093273472,DLF Cyber City,19.64328715538016,65.15639295947265,31.637505269296476,32.147520582148374,87.26315085816056,36.67980567794173,49.32564197299643,89145.1909939636,104500.0,DEVELOP,47,52,5,4.486331080073413
9,49,OSM Parking way-463710736,Karol Bagh,78.16209407470151,21.53582895809929,51.25189852232142,53.20511886631607,38.74368710177162,52.68832255812115,49.20216369403377,9808.514630353162,99000.0,PURSUE,48,37,-11,-1.110527441462864
9,102,OSM Parking way-71656927,Noida Sector 62,26.656075744264648,45.40754733531048,73.15661984849525,40.817474870605984,64.71128620396613,43.78885681465792,49.01946416198497,29273.710603584168,60000.0,DEVELOP,49,47,-2,2.867947466417853
9,23,OSM Parking way-239641077,Saket,21.41325868691867,44.25002914105078,49.258743846622544,21.994727219013505,95.5337164186994,33.18845487971364,48.77477026446008,31078.237134922125,57500.0,DEVELOP,50,57,7,6.270207250471465
9,84,OSM Parking way-1313204367,Golf Course Road,9.921633146519287,53.2367944889881,85.92727556377146,70.42120685564808,46.579811574697175,48.77338606312049,48.22499244101466,59277.14115638957,270000.0,PURSUE,51,45,-6,1.5000597756943534
9,72,OSM Parking way-224348146,Sector 29 Gurugram,27.191762276720752,55.36118926596424,46.005410513289206,61.89807964112135,56.27866837715963,45.40760259404616,48.125369039824534,57931.74125314318,141000.0,AVOID,52,46,-6,1.50021926058173
9,33,OSM Parking way-1534261317,Dwarka Sector 21,21.33977291629675,33.80985183515807,95.5,67.20854741699077,40.69383876909565,48.67092761153922,46.676655400928325,20742.190488121603,92500.0,PURSUE,53,50,-3,1.3119026393368216
9,36,OSM Parking way-1436470011,Rajouri Garden,35.37456543487069,35.45969792632512,49.95981459994284,49.23332310480009,62.30619335347432,41.08606879959218,46.39109993806272,20738.482628815913,71500.0,DEVELOP,54,54,0,2.688906167287641
9,56,OSM Parking way-1200970626,Lajpat Nagar,22.513651791748092,28.928983771283665,54.29745407787697,77.19014217434427,57.914263844217736,41.51646552003592,45.61591510108138,15594.692034311876,97000.0,DEVELOP,55,59,4,3.2192946062701893
9,67,OSM Parking way-692610367,DLF Cyber City,24.21811184775808,49.826256715156674,31.65232008411129,26.89925014852233,82.3301874087658,33.07001978648786,45.38506169205735,43629.20781173503,88500.0,DEVELOP,56,65,9,4.530800312730847
9,90,MSIL Material Gate,Udyog Vihar,25.52511700522063,53.75040013898237,49.558894027478075,34.57822030610591,62.17076716016151,39.6692352388523,45.2946182191796,55968.29620242446,167500.0,DEVELOP,57,56,-1,2.253300858806
9,74,OSM Parking way-24501706,Sector 29 Gurugram,9.05183917805066,36.57342944107793,44.25233389597516,63.337322275495,76.18584118438761,34.28812547793169,44.762554404545675,24346.573655995493,185000.0,DEVELOP,58,68,10,5.337320687482325
9,38,OSM Parking way-1376710968,Rajouri Garden,27.63066499858505,27.378041491421737,61.519444229572464,47.559071163291485,62.91393001345895,38.32673580914694,44.473534360224946,13314.538828237944,41000.0,DEVELOP,59,64,5,3.540957676845565
9,30,Salcon Rasvilas Parking,Saket,23.67819169957536,40.679256475484195,43.58566722930849,53.91506114011808,62.919702520605206,38.24067796720622,44.41043410555597,24300.62435580259,78000.0,DEVELOP,60,62,2,3.074097843307541
9,105,OSM Parking way-1193997714,Botanical Garden Noida,26.439007956666774,28.985492750874144,61.25860607689176,37.1573436292285,68.31315236263535,36.22565732701275,44.2475310859184,16442.985012948022,92500.0,DEVELOP,61,66,5,4.060090200886492
9,93,OSM Parking way-120114009,Udyog Vihar,12.251399701886328,29.51380390140998,54.40886814765789,41.90853470406294,81.76039888912834,31.2176281780156,43.85332085579378,15234.741137798464,88000.0,AVOID,62,73,11,6.087779708748016
9,29,OSM Parking way-1385319902,Saket,35.405725312697015,44.38058423748591,40.29564911309307,47.73233386300454,50.202675322140585,41.242327496114775,43.48241445262123,29702.47704860198,86500.0,AVOID,63,58,-5,1.030952054704919
9,117,OSM Parking way-1256890554,Faridabad Sector 15,24.065899415962477,26.385801052476612,95.5,54.36204467430363,38.22589526415731,45.03058902084198,43.329415581670816,12158.42511730381,69500.0,AVOID,64,60,-4,1.3000045029937797
9,47,OSM Parking way-1460536295,Karol Bagh,48.038766208971275,27.340568782346335,52.34467135698334,66.12700039220792,30.15251369275372,46.99807476145437,42.78668449427921,12946.36558895132,83000.0,PURSUE,65,55,-10,-0.753715380290501
9,80,OSM Parking way-24636762,Sector 29 Gurugram,34.24145384534328,32.12991045953274,56.366228892539795,55.80897618800208,43.26246172738104,42.4168350870982,42.62824174716891,16427.00016732295,81500.0,AVOID,66,61,-5,1.0076779574943018
9,28,OSM Parking way-633000303,Saket,21.83876080985671,44.196458932607214,51.91594690487843,30.49717729493028,59.52161218705908,35.54793415860924,41.5413536657217,30966.569649795463,90000.0,DEVELOP,67,69,2,2.650400231582715
9,59,OSM Parking node-449455817,Vasant Kunj,11.71356603935138,25.46773964261345,95.5,49.76074692355947,45.860714300236246,39.74806863585928,41.27623005195352,13085.621481854008,90500.0,AVOID,68,71,3,2.7270061459253867
9,48,OSM Parking way-80418116,Karol Bagh,79.75488973442346,27.603488272881577,32.63869164780797,47.993261041395,14.781117824773414,50.07228398875017,41.24949244775598,10037.362378033253,83500.0,PURSUE,69,51,-18,-3.889807117887905
9,27,Religare Parking,Saket,21.887290372596624,34.200311201333115,26.21006781994849,49.178596240159024,69.68631822488238,31.49357925657587,41.0417639986525,20551.986463561643,68500.0,AVOID,70,76,6,4.164251743791752
9,37,OSM Parking node-1374470937,Rajouri Garden,30.172422403772455,27.62593645740602,51.6264812666095,49.98551033716466,50.82231278437623,37.746788843987254,41.0156698290845,14331.92336498405,111000.0,AVOID,71,70,-1,2.192313335378699
9,32,MGF Metropolitan Parking,Saket,42.34861714318533,33.80421877484818,37.56342689087085,57.66894390490051,37.10377643504532,42.1771382135089,40.908797768893,19668.233922221803,124500.0,AVOID,72,63,-9,-0.0972641523971447
9,61,IIMC parking,Vasant Kunj,10.588518801482122,23.966028400391075,55.39796092464794,59.7654038664388,64.45335388093505,32.953120132149,40.82817856934552,11706.763126680433,82000.0,DEVELOP,73,78,5,4.7176080279998445
9,65,OSM Parking way-692610360,DLF Cyber City,22.750122265420863,40.15719431866945,29.193766115374338,31.96400436634139,71.3309315138676,30.52351333646195,40.725367880813366,27383.21652463877,89000.0,AVOID,74,77,3,3.987727322182252
9,63,OSM Parking way-1106809494,DLF Cyber City,23.599507669134184,44.61482385624745,31.875234265283055,41.344277552879475,56.5958354511188,34.407691281676556,39.954727324037115,32924.77840177144,63500.0,AVOID,75,74,-1,2.2488669688427976
9,87,OSM Parking way-152002367,Udyog Vihar,17.80288719632449,44.62607568169932,45.31558657396468,30.741511567400245,60.6528263795424,33.0460022088343,39.94770825151132,37595.81035091011,225500.0,DEVELOP,76,75,-1,2.9438344940530428
9,100,OSM Parking way-71596234,Noida Sector 18,33.53673843601762,18.72712304675006,84.62147265290734,59.82142169674553,24.397549942464003,45.0613911610698,39.89543085641835,8554.52162891349,102500.0,AVOID,77,67,-10,-0.1734380798919801
9,66,OSM Parking way-1418601779,DLF Cyber City,23.875226421292343,26.416177312361047,42.856190350682255,45.927542035036105,59.78494602188401,32.75946923420406,39.51583843112405,13139.475367656223,86000.0,AVOID,78,79,1,3.46392441550573
9,95,"Final vehicle parking area ""B""",Udyog Vihar,16.85816663470208,43.935765579896746,45.04619035068226,60.24902034965482,42.58015658736323,38.394635172940575,39.44101552654624,35896.8737417902,142000.0,AVOID,79,72,-7,1.2183190480063857
9,116,OSM Parking way-153527302,Faridabad Sector 15,12.937429050286596,8.028513229315182,80.01823825254705,52.80175804401343,57.42638015231791,33.01741247055835,39.119654390998235,4768.92682664665,80000.0,AVOID,80,88,8,4.6943409012517066
9,73,OSM Parking way-475681096,Sector 29 Gurugram,18.851693330550553,23.155209250973897,35.85279197023593,56.27949781847038,61.1792732166891,30.885078201517818,38.458626955310635,10999.390671690748,45000.0,AVOID,81,87,6,4.017582192592684
9,96,OSM Parking way-120113983,Udyog Vihar,7.111111360970765,20.2608945747626,40.87615485796877,55.48836276982711,71.78681218055324,27.04617919915279,38.2313374445029,9964.263705304558,118500.0,AVOID,82,96,14,5.81008092126865
9,112,OSM Parking node-571595195,Indirapuram,15.657275079193091,33.171774649935074,26.474162319083533,58.53133289582301,59.56939979587936,31.065997309361695,38.19184793099112,17991.857628925503,108500.0,AVOID,83,84,1,3.5154874931315305
9,107,car parking,Botanical Garden Noida,17.00181508727649,22.272940737020456,64.32322146150715,48.89962309877447,48.21477170611508,34.25129147102061,37.742161529794224,9715.802349052354,49500.0,AVOID,84,83,-1,2.857739379396662
9,35,OSM Parking node-850627124,Dwarka Sector 21,22.007786541890344,14.820563506361198,95.5,33.828092816990605,39.08499103414344,37.153697679057885,37.636521017829274,6123.237523100019,53500.0,AVOID,85,80,-5,2.0670816010017674
9,82,OSM Parking way-1443588429,Golf Course Road,25.30700322170148,0.428958634056955,90.30764593414185,56.61990020209141,35.41625991631867,37.935565936895664,37.30573943175141,3219.0434059771064,50500.0,AVOID,86,82,-4,2.254827898843942
9,39,OSM Parking way-1272464500,Rajouri Garden,25.482981171698967,18.62817242330722,56.883724513852336,43.76093983774523,47.957379855489094,33.59077257376776,37.182424394198094,7820.151838108464,77000.0,AVOID,87,86,-1,2.5901803057986044
9,110,OSM Parking way-554394266,Indirapuram,6.49567113669864,23.975184278004747,50.62479275400193,57.75976258414104,57.538163849503725,30.235517253996075,37.06117890287299,11462.663699696002,63500.0,AVOID,88,94,6,4.230273614215207
9,119,OSM Parking node-1574481003,Faridabad Sector 15,12.346909029777004,1.774125489614497,72.89823825254705,52.91320708903416,58.7833836858006,29.751025542139104,37.00911507805448,3478.4096292317504,54500.0,AVOID,89,97,8,5.172286642610484
9,54,OSM Parking way-1297324904,Lajpat Nagar,20.1614937583494,15.491353789214893,55.3064812666095,70.50607434098588,39.17130885241102,36.01403671809285,36.803354751672394,6867.739932799399,103000.0,AVOID,90,85,-5,2.1344885078628906
9,108,OSM Parking way-402582932,Botanical Garden Noida,25.278178550031093,17.70280689349491,67.98622512451081,53.796981884824575,34.607531522813126,37.50344942347608,36.77946994831034,8312.375483448302,70500.0,AVOID,91,81,-10,1.3117038801050145
9,77,Metro Car Parking,Sector 29 Gurugram,22.127558290806483,24.778395328058384,43.62900056264183,56.417886533314,43.4671768327146,33.99280227027557,36.36139591088532,11969.848199662223,99500.0,AVOID,92,89,-3,2.001420002328217
9,24,OSM Parking way-239641076,Saket,17.04509325929383,26.49649925161716,49.67541051328921,18.281073889122712,65.71108167671683,26.338727767344903,36.18181624468788,12551.207827960216,94500.0,AVOID,93,98,5,4.394028542126129
9,111,OSM Parking node-571595174,Indirapuram,23.31553333816699,13.95923032501005,27.474162319083533,56.988192272459074,56.74770160978803,28.386776784366862,35.47700799072216,6864.531424469882,96000.0,AVOID,94,100,6,3.8110319778199546
9,69,OSM Parking way-1093273543,DLF Cyber City,16.794398900990622,30.35713348362711,35.24743614904437,31.813483028316917,60.13383665469864,27.10555239810303,35.36262346225193,14057.793026630136,87000.0,AVOID,95,99,4,3.655807046238984
9,109,OSM Parking way-1258173789,Botanical Garden Noida,27.593005354546374,1.326086273786584,78.12996618862427,53.7518820032186,33.62726535275868,35.92766109622712,35.35256216036001,2384.5594943801843,46500.0,AVOID,96,93,-3,1.916771953859218
9,94,OSM Parking way-151993565,Udyog Vihar,7.244084615644571,18.936051710505858,53.413227387719296,53.56466848246816,54.8239961696885,28.85988783538724,35.35091491896256,8755.919414231563,85000.0,AVOID,97,101,4,4.173392800661333
9,25,OSM Parking way-150520028,Saket,21.59447768327202,32.75487937347806,29.282795620549603,34.1693362147754,54.97040311792236,28.623220094416492,35.21001585029296,18168.611788102833,99000.0,AVOID,98,95,-3,2.779572458954732
9,60,OSM Parking way-962692147,Vasant Kunj,24.529582123238217,16.84169432179732,54.52605616274318,55.460505131732546,36.47230221239118,34.664958119120506,35.116794142438174,7754.932784408335,83500.0,AVOID,99,92,-7,1.5786663989873446
9,81,OSM Parking way-1305530431,Sector 29 Gurugram,18.62379888369688,10.58534567486597,37.605667229308494,54.72954421222184,57.269443303664005,27.497734096169285,34.94066139804296,5509.031546931883,88000.0,AVOID,100,103,3,4.266487102438255
9,97,Multi Level Car Parking (MLCP) Noida,Noida Sector 18,36.68862829547686,9.588285650853733,68.15763064935987,39.88008892471354,29.719237556570285,36.39396285353463,34.72528152929355,5067.696440529932,87500.0,AVOID,101,90,-11,0.6580780583405001
9,106,parking zone,Botanical Garden Noida,21.380852214304184,33.41436565939003,56.23067686586691,31.440753468880352,37.68002728385373,33.57173431422152,34.59880755662957,19191.00828703697,73000.0,AVOID,102,91,-11,1.0282418347006654
9,70,DLF Downtown Multi Level Car Parking (MLCP),DLF Cyber City,17.848266175062925,0.0034204169960744,59.290650999700034,56.13756899167925,47.42637019025507,29.03597816782912,33.63357617343561,2519.083633831317,70000.0,AVOID,103,105,2,3.850052689422558
9,115,OSM Parking way-608015611,Indirapuram,6.017744974061693,0.0,27.096622080194276,50.67573100939569,80.30625841184387,17.56038560927189,33.24685380991488,2898.6653618089704,39000.0,AVOID,104,114,10,7.729738592481297
9,79,OSM Parking node-728709435,Sector 29 Gurugram,18.09508815759409,1.0708934639795629,76.46400667031757,54.1527946456101,35.19049436228566,32.44062790611145,33.128094520155,2078.1745156899983,69000.0,AVOID,105,104,-1,2.560750355149885
9,114,OSM Parking way-554394259,Indirapuram,13.34487764797246,8.998322466201481,50.73859135956651,58.60147565143046,40.636382876637136,28.715858609177275,31.69598967604224,5317.757222173016,103000.0,AVOID,106,109,3,2.946478281955013
9,98,GIP & WOW parking lot,Noida Sector 18,14.731177972754272,31.031056320745353,65.27181975194758,28.95022746916594,29.68007140156059,32.029750454006226,31.442330690894813,16561.98393113154,70000.0,AVOID,107,102,-5,0.6798954254810745
9,103,OSM Parking way-1327222658,Noida Sector 62,9.190454510067312,6.279063814512093,95.5,33.83163204125022,33.69710856208805,30.60422826214237,31.37744833712879,4456.552102270596,71500.0,AVOID,108,108,0,2.5962349399798335
9,71,OSM Parking way-1093273545,DLF Cyber City,8.68197645150202,34.52727122481465,28.747778979852185,43.60119649587587,45.7325306079298,26.57105957226352,31.361427331180092,21798.884411222112,127000.0,AVOID,109,107,-2,2.412790676977149
9,62,OSM Parking way-251320382,DLF Cyber City,17.423016147345816,20.71165317829262,29.522293088812468,38.3473429827754,50.29345085856717,24.90470677764421,31.25189279787495,9282.244448045029,51000.0,AVOID,110,111,1,3.1226116195747977
9,88,OSM Parking way-226082166,Udyog Vihar,15.568522271940893,33.67975380956634,32.815626422145804,15.182178524290087,49.89443242671785,23.770336095818504,30.30136017854334,20457.48614281103,134500.0,AVOID,111,112,1,2.5270294385964256
9,78,OSM Parking node-297255245,Sector 29 Gurugram,25.8152880345841,11.683483786508384,45.66837347625217,54.259022581753534,25.565407854984898,31.70617089953141,30.170980138394786,5624.043804979545,97000.0,AVOID,112,106,-6,0.6816021944438688
9,64,OSM Parking way-151988184,DLF Cyber City,21.07447805618154,20.22966692415536,28.014542306333514,31.739883367615302,46.04969829181118,24.370288999958373,29.790141322921578,9469.776803867142,67000.0,AVOID,113,113,0,2.539762580164272
9,57,OSM Parking way-982896113,Vasant Kunj,16.274543962717903,22.02249980105208,51.68859135956651,40.24799219602926,29.012784986154767,29.684831312305676,29.51681973076795,9808.484097777444,88500.0,AVOID,114,110,-4,0.986426310426978
9,58,OSM Parking way-982729144,Vasant Kunj,4.447429757450675,0.0,67.52192469289984,39.06899336618765,47.60197411490121,22.80066019763439,29.000988676951096,471.35343665528234,48000.0,AVOID,115,115,0,4.537825923617589
9,92,OSM Parking way-120114001,Udyog Vihar,11.539990697102194,5.3376771660013045,56.07553481432455,39.45282016925374,34.96107049480956,24.375715140016737,27.02205397871494,4211.0796331018955,49500.0,AVOID,116,116,0,2.652223656325777
9,91,OSM Parking way-1093273473,Udyog Vihar,9.341563715276743,0.0917908003155096,33.11898675077796,20.368847816507095,66.3,13.835899031966727,26.951924273975045,3215.416856363436,40000.0,AVOID,117,119,2,6.158332274220388
9,113,OSM Parking way-1327221069,Indirapuram,17.66821784508599,5.2530576492875705,30.429955413527612,52.12118602853661,32.34135658898968,23.800449609918193,25.935676354686063,4259.964936101332,93500.0,AVOID,118,117,-1,2.088071884180291
9,76,OSM Parking way-1451095896,Sector 29 Gurugram,17.08232284653186,0.0,41.734299402178095,54.3420558106597,16.63435447865882,24.90937865807818,22.84062261322334,1661.6861188665791,49500.0,AVOID,119,118,-1,0.8093193055392902
9,89,OSM Parking way-226082173,Udyog Vihar,16.88892719013028,13.872468976324736,22.310501902293108,12.485738784136878,42.29969768188897,16.288215594349353,22.791086116234258,6700.633833969501,49500.0,AVOID,120,120,0,2.6918999598661486
11,52,MCD Parking,Lajpat Nagar,81.91400215185098,86.48257295479064,56.62981459994283,82.66676549587018,74.72827985670894,80.28003086785436,79.44726821618255,181556.3856748798,82000.0,ACQUIRE_NOW,1,1,0,1.1486953390513008
11,18,OSM Parking node-786590777,Nehru Place,83.90716413798003,100.0,34.07190525391261,74.58768499336001,66.18293051359517,78.54151418575798,76.68772663493355,316883.7957659745,126500.0,ACQUIRE_NOW,2,2,0,0.2891992794093738
11,17,OSM Parking way-1265773838,Nehru Place,76.44915879637628,87.58029690123006,32.27897596098332,72.30151038624352,88.0234572017582,72.40788210742525,74.7502183715752,139122.93178494094,67500.0,ACQUIRE_NOW,3,4,1,1.0298049750070533
11,1,OSM Parking node-928559154,Connaught Place,87.6022292064125,100.0,28.01778309409893,62.87070786512365,71.1426197378961,74.78064467123544,74.23494093123453,234519.90329243283,91500.0,ACQUIRE_NOW,4,3,-1,-1.350394435257016
11,6,OSM Parking node-928558934,Connaught Place,83.67415560065014,100.0,17.59272727272732,61.80513866298516,77.88515327345254,72.02276850156566,72.9021262173487,433614.4575657261,74500.0,ACQUIRE_NOW,5,5,0,-0.7925733442210969
11,51,OSM Parking way-1384231629,Lajpat Nagar,81.4210944538978,45.81112619712815,88.87147265290734,70.93730452378318,87.70854330244416,70.21863232391267,72.8421189706924,25313.81410698316,83000.0,ACQUIRE_NOW,6,6,0,-0.1645889866291838
11,3,Palika Parking,Connaught Place,78.02095273354942,83.38445672630186,24.088405797101448,62.8740276089353,84.3985868102288,67.59197457769231,70.11296641257279,86502.49574398641,42500.0,ACQUIRE_NOW,7,8,1,0.1564133784926582
11,13,OSM Parking way-1298783157,Nehru Place,68.80186296150517,91.4900410356602,21.37887495088231,68.57702341312249,70.23145267206922,68.48172760768625,68.74418636734369,285442.06833523687,92000.0,ACQUIRE_NOW,8,10,2,1.20301456456599
11,41,OSM Parking way-1386106209,Karol Bagh,67.39266635560617,91.21914592782628,51.497771538194435,54.36605991934002,80.75025628931456,66.53128341657441,68.66412934748543,220387.98157561605,134000.0,ACQUIRE_NOW,9,7,-2,-2.3505702031803395
11,16,OSM Parking way-1265773840,Nehru Place,73.36267224708465,80.57166224945628,30.06455928808151,71.72260840059158,63.663853569874725,69.38616348311534,68.52781699612925,124440.42510630476,131000.0,ACQUIRE_NOW,10,11,1,1.5584465708576118
11,55,OSM Parking way-1270655678,Lajpat Nagar,81.4428900553814,60.93600304732823,50.42611089623913,77.96635650337944,48.18893967056068,71.74169548699852,68.20878211453284,66077.76045629973,146500.0,PURSUE,11,15,4,2.0547032755594756
11,15,Eros,Nehru Place,70.82627236247953,85.8083951709644,28.955238587245947,71.01710969630943,59.720197980750854,69.4928281087414,68.02693358954282,193956.29220412657,116000.0,ACQUIRE_NOW,12,13,1,1.3730711484119382
11,8,OSM Parking node-5634145022,Connaught Place,74.9933366812722,91.63909450855954,25.96424242424247,62.020112208047934,64.51906535519836,68.56307173749245,67.95647078014834,137873.33212430988,56500.0,ACQUIRE_NOW,13,9,-4,-0.3268168494965238
11,19,Metro Station Parking,Nehru Place,71.57963704087973,83.83689945480735,32.25334662104744,72.34747552739961,54.16586021396071,70.1080782017718,67.71674550360014,125634.70087570108,112000.0,PURSUE,14,14,0,1.4686271732732197
11,21,OSM Parking way-1426212235,Nehru Place,67.34304679112077,90.50425450611614,26.41112439882522,56.14644313165036,78.12427441620278,64.02547997456594,66.14029914081146,264785.1162113236,124500.0,ACQUIRE_NOW,15,12,-3,-0.7909548150555565
11,46,OSM Parking way-80414532,Karol Bagh,73.34336231043629,66.05070904288549,53.509676300099194,56.80454263565519,71.41597683108814,63.4568385963443,64.65070933155587,85451.00422336349,148000.0,ACQUIRE_NOW,16,16,0,-1.1245059873227632
11,22,Lotus Temple Parking,Nehru Place,61.85590767747229,89.44524978451253,46.48204131829587,59.48366683043432,57.808329707684614,65.70156594968289,64.51758051338315,202491.21459961584,78000.0,ACQUIRE_NOW,17,17,0,-0.9666099144488812
11,2,OSM Parking node-928559077,Connaught Place,62.22919402828535,82.43731184478648,19.733908660910732,67.05174913398554,63.33002850369816,63.686678214488666,63.63318075787009,173865.47424258152,108000.0,ACQUIRE_NOW,18,21,3,1.8377416433987008
11,14,OSM Parking way-1265773839,Nehru Place,63.79760397381464,69.98611035273552,30.027522251044473,69.65785804330568,62.06638982975038,63.34909729658461,63.15669117655947,95893.56018260412,137000.0,ACQUIRE_NOW,19,23,4,2.258116877616118
11,7,OSM Parking way-1237304338,Connaught Place,74.62298693517744,81.78076318837473,21.799076479076525,55.14158020008884,61.3,63.21680126988661,62.929281079403616,79012.65418334173,33000.0,ACQUIRE_NOW,20,18,-2,-0.6389043001181065
11,12,OSM Parking way-454517227,Nehru Place,77.92370930311955,61.60895283653291,34.84624091824828,62.26608887182572,59.31684300195582,63.49078664289296,62.864695096752385,53571.65638602931,65000.0,ACQUIRE_NOW,21,20,-1,0.6209681778788223
11,43,OSM Parking way-1386957470,Karol Bagh,70.59934188555627,62.728659918897634,57.869676300099194,61.46122511876633,50.14611520210789,64.02459131859813,61.94281990112459,67391.79808474384,91000.0,PURSUE,22,19,-3,-0.3407001374127034
11,45,OSM Parking way-80414548,Karol Bagh,51.322172403868464,84.76070857102447,29.42910349792475,64.50439793426938,64.53721399730821,61.26695828852389,61.75749664484153,251315.65026736568,230500.0,ACQUIRE_NOW,23,24,1,1.4000604664995322
11,4,OSM Parking way-1306327527,Connaught Place,72.22443068411252,84.90680011836301,20.29421678416003,58.59294983570482,45.0845707977376,64.28796979273905,61.407459943488824,94507.31471581737,77500.0,PURSUE,24,22,-2,-0.0823299039760527
11,10,Gurudwara Bangla Sahib Parking Gate No 2,Connaught Place,62.56865235869486,37.22577344025786,56.58687472255453,86.01751018313519,41.88091309421672,64.17795094696623,60.8333952690538,19787.028072433874,57000.0,PURSUE,25,29,4,5.083561501394918
11,42,OSM Parking way-1386957479,Karol Bagh,70.11332988616556,46.80802908175695,47.869676300099194,58.59877760163739,69.48091309421672,57.94886964516932,59.67867616252642,29554.42335537625,57000.0,ACQUIRE_NOW,26,25,-1,0.5502648768445297
11,11,Parliament Visitor Parking,Connaught Place,38.15855652609858,47.26435183808807,18.48591511936339,87.63531890117801,82.55434874539,55.44905491933177,59.514848993240506,34230.64299751469,50500.0,ACQUIRE_NOW,27,34,7,7.949856660999203
11,5,OSM Parking way-1306327526,Connaught Place,80.16765723811618,54.5801607485699,18.270407260350503,59.19932571793815,54.49763695803328,59.46445282430532,58.71943044436451,39515.1258743894,61500.0,PURSUE,28,28,0,1.228987595338893
11,9,OSM Parking node-928559229,Connaught Place,75.13225479354617,61.00457499218652,20.82945249597423,55.903605412831226,58.66362728873311,58.63294772973016,58.63754966358061,52002.78517351368,93000.0,ACQUIRE_NOW,29,26,-3,0.537226697839337
11,85,OSM Parking way-1435149349,Golf Course Road,35.051889157763185,45.878214929819826,92.59394223043812,59.09654564699649,86.60169184290031,52.85526257946767,57.91722696898257,29519.002410028148,58500.0,ACQUIRE_NOW,30,27,-3,0.1882795311484102
11,83,OSM Parking way-1433732982,Golf Course Road,30.51963874667961,70.57725284506041,66.60394223043812,64.71322370954908,57.56722054380665,56.258495990106496,56.45480467316152,94153.25677622668,140000.0,ACQUIRE_NOW,31,30,-1,1.3219418653234527
11,50,OSM Parking way-1289814788,Karol Bagh,65.44111873863201,31.380554320735317,61.1833800038029,72.5098689419321,36.704984894259816,59.420810860899984,56.01343696590395,12970.836761895762,98000.0,PURSUE,32,33,1,2.976227688131303
11,44,OSM Parking way-1386957481,Karol Bagh,58.62939942242583,60.52672423538395,53.9996763000992,59.4541155925863,26.36983060427027,58.82223177702242,53.95437160110959,44053.97741394524,112000.0,PURSUE,33,31,-2,0.2603273409924895
11,40,Shamshan Ghat Parking,Rajouri Garden,38.85182823582255,51.672932538521366,86.17665783809252,58.1645738301028,48.79596142038685,54.25244882294118,53.43397571255803,47071.42713214486,92000.0,PURSUE,34,32,-2,-0.1103848561063998
11,118,Sector -12 Court Parking,Faridabad Sector 15,28.84687932542555,60.61207983923609,54.59289555920646,65.67874523688232,56.66022880215343,52.34946932492818,52.996083246511965,78078.56994045262,179500.0,PURSUE,35,36,1,2.649219049338953
11,104,OSM Parking node-7151184473,Noida Sector 62,36.64172294836256,47.92065845134002,46.06222736081141,66.03043054699755,61.32761097534694,50.77636979710477,52.359055973841095,42658.704539493345,143500.0,ACQUIRE_NOW,36,40,4,3.373334144023943
11,34,OSM Parking way-1305711567,Dwarka Sector 21,34.57087286074559,37.47085482499262,95.5,65.02928814724912,46.41876324039474,53.17138308748195,52.15849011041887,23663.969130316385,104500.0,PURSUE,37,35,-2,1.377306837800461
11,20,OSM Parking way-454514534,Nehru Place,61.60374118078423,44.219467994149035,21.966679954380776,59.67927532757821,51.58392367026792,52.170917044396944,52.08286803827759,26518.41957855657,46000.0,PURSUE,38,39,1,2.5623968426710277
11,75,OSM Parking way-1217765675,Sector 29 Gurugram,10.191878853787792,60.51412575359576,58.558169127100655,66.2158075442423,74.0730124871408,47.49571063546925,51.482305913219975,79142.91452312631,161500.0,ACQUIRE_NOW,39,42,3,3.469162444912129
11,49,OSM Parking way-463710736,Karol Bagh,78.16209407470151,21.53582895809929,51.25189852232142,53.20511886631607,38.74368710177162,52.86401743814376,50.74596788768794,9808.514630353162,99000.0,PURSUE,40,37,-3,0.4332767521913041
11,53,OSM Parking way-202800243,Lajpat Nagar,10.928245787562936,34.478674902772056,59.950391180519006,77.1038961377848,76.64034119048684,45.592946337449995,50.25005556540552,20485.98660682517,87500.0,DEVELOP,41,53,12,6.297718827125024
11,86,OSM Parking way-144272815,Golf Course Road,29.796456478329706,36.185121107142926,67.01516435966221,56.97370669422071,77.37625206865285,45.270313864992296,50.086204595541375,17176.436010730722,46000.0,DEVELOP,42,41,-1,1.8962189068763704
11,84,OSM Parking way-1313204367,Golf Course Road,9.921633146519287,53.2367944889881,85.92727556377146,70.42120685564808,46.579811574697175,50.40806682058708,49.83382853370359,59277.14115638957,270000.0,PURSUE,43,45,2,3.1088958683832786
11,72,OSM Parking way-224348146,Sector 29 Gurugram,27.191762276720752,55.36118926596424,46.005410513289206,61.89807964112135,56.27866837715963,48.28252160710396,49.481943622612306,57931.74125314318,141000.0,PURSUE,44,46,2,2.856793843369502
11,31,DLF South Court Parking,Saket,28.146348386171013,43.36054241439907,43.58566722930849,61.32608847391759,73.1184393716988,45.25304569944552,49.43285475028351,34048.13523179583,80000.0,DEVELOP,45,48,3,3.4442853695937075
11,101,OSM Parking way-71656926,Noida Sector 62,23.11180041973354,51.18961356725912,81.11581424157968,48.79475862921605,70.3343327247665,45.606919801538815,49.31603174002296,49849.64943429537,142500.0,DEVELOP,46,38,-8,-0.4516476170462056
11,99,OSM Parking way-1514695589,Noida Sector 18,29.114297667594037,43.46065704622947,67.10219555232379,54.79792345565807,63.813681368502806,46.02388519773436,48.69235462334962,32083.56932597485,100000.0,DEVELOP,47,43,-4,1.2358310050413408
11,56,OSM Parking way-1200970626,Lajpat Nagar,22.513651791748092,28.928983771283665,54.29745407787697,77.19014217434427,57.914263844217736,47.059997367393805,48.68813733891739,15594.692034311876,97000.0,ACQUIRE_NOW,48,59,11,6.291516844106205
11,120,OSM Parking way-153527300,Faridabad Sector 15,16.83775923998316,48.19174275285552,73.7962288925398,57.64979150241513,66.774946021884,45.320410235935775,48.538590603828005,34977.59549798011,86000.0,DEVELOP,49,44,-5,1.7061821810933395
11,33,OSM Parking way-1534261317,Dwarka Sector 21,21.33977291629675,33.80985183515807,95.5,67.20854741699077,40.69383876909565,49.187620966121216,47.91355363656738,20742.190488121603,92500.0,PURSUE,50,50,0,2.548800874975875
11,47,OSM Parking way-1460536295,Karol Bagh,48.038766208971275,27.340568782346335,52.34467135698334,66.12700039220792,30.15251369275372,50.0592618377327,47.07324961598585,12946.36558895132,83000.0,PURSUE,51,55,4,3.5328497414161433
11,48,OSM Parking way-80418116,Karol Bagh,79.75488973442346,27.603488272881577,32.63869164780797,47.993261041395,14.781117824773414,50.73090301809586,45.33843523909749,10037.362378033253,83500.0,PURSUE,52,51,-1,0.199135673453604
11,36,OSM Parking way-1436470011,Rajouri Garden,35.37456543487069,35.45969792632512,49.95981459994284,49.23332310480009,62.30619335347432,42.0018345122553,45.04748833843815,20738.482628815913,71500.0,DEVELOP,53,54,1,1.3452945676630748
11,102,OSM Parking way-71656927,Noida Sector 62,26.656075744264648,45.40754733531048,73.15661984849525,40.817474870605984,64.71128620396613,41.53697982254068,45.013125779754496,29273.710603584168,60000.0,DEVELOP,54,47,-7,-1.1383909158126215
11,74,OSM Parking way-24501706,Sector 29 Gurugram,9.05183917805066,36.57342944107793,44.25233389597516,63.337322275495,76.18584118438761,38.828324417616784,44.43195193263241,24346.573655995493,185000.0,DEVELOP,55,68,13,5.006718215569059
11,30,Salcon Rasvilas Parking,Saket,23.67819169957536,40.679256475484195,43.58566722930849,53.91506114011808,62.919702520605206,40.69233445289053,44.026439663047725,24300.62435580259,78000.0,DEVELOP,56,62,6,2.690103400799302
11,32,MGF Metropolitan Parking,Saket,42.34861714318533,33.80421877484818,37.56342689087085,57.66894390490051,37.10377643504532,45.18238106038024,43.970590366580005,19668.233922221803,124500.0,AVOID,57,63,6,2.964528445289858
11,80,OSM Parking way-24636762,Sector 29 Gurugram,34.24145384534328,32.12991045953274,56.366228892539795,55.80897618800208,43.26246172738104,43.95960152811408,43.85503055800413,16427.00016732295,81500.0,AVOID,58,61,3,2.2344667683295185
11,68,OSM Parking way-1093273472,DLF Cyber City,19.64328715538016,65.15639295947265,31.637505269296476,32.147520582148374,87.26315085816056,36.17659656742792,43.839579711037814,89145.1909939636,104500.0,DEVELOP,59,52,-7,-0.9997311818852096
11,26,OSM Parking way-633000310,Saket,24.423494121859584,52.693506829129014,54.72912150805304,31.851923713947265,79.71574018126888,37.26242842503551,43.63042518847051,53621.93362651155,143500.0,DEVELOP,60,49,-11,-1.814517565859994
11,29,OSM Parking way-1385319902,Saket,35.405725312697015,44.38058423748591,40.29564911309307,47.73233386300454,50.202675322140585,42.44330970103778,43.607214544203195,29702.47704860198,86500.0,AVOID,61,58,-3,1.1557521462868865
11,117,OSM Parking way-1256890554,Faridabad Sector 15,24.065899415962477,26.385801052476612,95.5,54.36204467430363,38.22589526415731,43.70852760797299,42.886132756400634,12158.42511730381,69500.0,AVOID,62,60,-2,0.8567216777235984
11,38,OSM Parking way-1376710968,Rajouri Garden,27.63066499858505,27.378041491421737,61.519444229572464,47.559071163291485,62.91393001345895,38.59169449397095,42.24002982189415,13314.538828237944,41000.0,DEVELOP,63,64,1,1.3074531385147663
11,100,OSM Parking way-71596234,Noida Sector 18,33.53673843601762,18.72712304675006,84.62147265290734,59.82142169674553,24.397549942464003,45.33903881490448,42.19781548403841,8554.52162891349,102500.0,AVOID,64,67,3,2.128946547728077
11,95,"Final vehicle parking area ""B""",Udyog Vihar,16.85816663470208,43.935765579896746,45.04619035068226,60.24902034965482,42.58015658736323,41.860023428964176,41.96804340272403,35896.8737417902,142000.0,AVOID,65,72,7,3.745346924184176
11,90,MSIL Material Gate,Udyog Vihar,25.52511700522063,53.75040013898237,49.558894027478075,34.57822030610591,62.17076716016151,38.18907620433084,41.78632984770544,55968.29620242446,167500.0,DEVELOP,66,56,-10,-1.2549875126681656
11,37,OSM Parking node-1374470937,Rajouri Garden,30.172422403772455,27.62593645740602,51.6264812666095,49.98551033716466,50.82231278437623,39.09011072968784,40.8499410378911,14331.92336498405,111000.0,AVOID,67,70,3,2.0265845441852974
11,54,OSM Parking way-1297324904,Lajpat Nagar,20.1614937583494,15.491353789214893,55.3064812666095,70.50607434098588,39.17130885241102,40.96601720751417,40.6968109542487,6867.739932799399,103000.0,AVOID,68,85,17,6.027944710439193
11,61,IIMC parking,Vasant Kunj,10.588518801482122,23.966028400391075,55.39796092464794,59.7654038664388,64.45335388093505,36.3644148621708,40.57775571498544,11706.763126680433,82000.0,DEVELOP,69,78,9,4.467185173639763
11,27,Religare Parking,Saket,21.887290372596624,34.200311201333115,26.21006781994849,49.178596240159024,69.68631822488238,34.9252593970098,40.13941822119069,20551.986463561643,68500.0,DEVELOP,70,76,6,3.261905966329941
11,23,OSM Parking way-239641077,Saket,21.41325868691867,44.25002914105078,49.258743846622544,21.994727219013505,95.5337164186994,30.26778005918368,40.057670513111034,31078.237134922125,57500.0,AVOID,71,57,-14,-2.4468925008775813
11,105,OSM Parking way-1193997714,Botanical Garden Noida,26.439007956666774,28.985492750874144,61.25860607689176,37.1573436292285,68.31315236263535,34.91754615976382,39.926887090194555,16442.985012948022,92500.0,DEVELOP,72,66,-6,-0.2605537948373495
11,112,OSM Parking node-571595195,Indirapuram,15.657275079193091,33.171774649935074,26.474162319083533,58.53133289582301,59.56939979587936,36.18292917698888,39.69089976982245,17991.857628925503,108500.0,DEVELOP,73,84,11,5.014539331962865
11,67,OSM Parking way-692610367,DLF Cyber City,24.21811184775808,49.826256715156674,31.65232008411129,26.89925014852233,82.3301874087658,32.06445453875139,39.60431446925355,43629.20781173503,88500.0,AVOID,74,65,-9,-1.24994691007295
11,59,OSM Parking node-449455817,Vasant Kunj,11.71356603935138,25.46773964261345,95.5,49.76074692355947,45.860714300236246,38.23548648873928,39.37927066046382,13085.621481854008,90500.0,AVOID,75,71,-4,0.8300467544356849
11,93,OSM Parking way-120114009,Udyog Vihar,12.251399701886328,29.51380390140998,54.40886814765789,41.90853470406294,81.76039888912834,31.740068154986172,39.2431177651075,15234.741137798464,88000.0,AVOID,76,73,-3,1.4775766180617325
11,73,OSM Parking way-475681096,Sector 29 Gurugram,18.851693330550553,23.155209250973897,35.85279197023593,56.27949781847038,61.1792732166891,35.07422791223191,38.98998470790049,10999.390671690748,45000.0,DEVELOP,77,87,10,4.548939945182539
11,63,OSM Parking way-1106809494,DLF Cyber City,23.599507669134184,44.61482385624745,31.875234265283055,41.344277552879475,56.5958354511188,35.78076280108845,38.903023698593,32924.77840177144,63500.0,AVOID,78,74,-4,1.1971633433986852
11,77,Metro Car Parking,Sector 29 Gurugram,22.127558290806483,24.778395328058384,43.62900056264183,56.417886533314,43.4671768327146,37.383334887731394,38.29591117947887,11969.848199662223,99500.0,AVOID,79,89,10,3.935935270921767
11,66,OSM Parking way-1418601779,DLF Cyber City,23.875226421292343,26.416177312361047,42.856190350682255,45.927542035036105,59.78494602188401,34.48932201573454,38.283665616656954,13139.475367656223,86000.0,DEVELOP,80,79,-1,2.2317516010386313
11,108,OSM Parking way-402582932,Botanical Garden Noida,25.278178550031093,17.70280689349491,67.98622512451081,53.796981884824575,34.607531522813126,38.585674228359075,37.98895282252718,8312.375483448302,70500.0,AVOID,81,81,0,2.521186754321853
11,82,OSM Parking way-1443588429,Golf Course Road,25.30700322170148,0.428958634056955,90.30764593414185,56.61990020209141,35.41625991631867,38.152090807386315,37.74171617372617,3219.0434059771064,50500.0,AVOID,82,82,0,2.6908046408186976
11,28,OSM Parking way-633000303,Saket,21.83876080985671,44.196458932607214,51.91594690487843,30.49717729493028,59.52161218705908,33.69379984465006,37.567971696011405,30966.569649795463,90000.0,DEVELOP,83,69,-14,-1.3229817381275808
11,110,OSM Parking way-554394266,Indirapuram,6.49567113669864,23.975184278004747,50.62479275400193,57.75976258414104,57.538163849503725,33.89336787108014,37.44008726784367,11462.663699696002,63500.0,AVOID,84,94,10,4.609181979185891
11,96,OSM Parking way-120113983,Udyog Vihar,7.111111360970765,20.2608945747626,40.87615485796877,55.48836276982711,71.78681218055324,31.251860084635553,37.332102899023205,9964.263705304558,118500.0,AVOID,85,96,11,4.910846375788957
11,116,OSM Parking way-153527302,Faridabad Sector 15,12.937429050286596,8.028513229315182,80.01823825254705,52.80175804401343,57.42638015231791,33.74401311399226,37.29636816974111,4768.92682664665,80000.0,AVOID,86,88,2,2.871054679994579
11,60,OSM Parking way-962692147,Vasant Kunj,24.529582123238217,16.84169432179732,54.52605616274318,55.460505131732546,36.47230221239118,37.16646064819188,37.062336882821775,7754.932784408335,83500.0,AVOID,87,92,5,3.524209139370946
11,107,car parking,Botanical Garden Noida,17.00181508727649,22.272940737020456,64.32322146150715,48.89962309877447,48.21477170611508,35.06735411177208,37.03946675092353,9715.802349052354,49500.0,AVOID,88,83,-5,2.1550446005259687
11,111,OSM Parking node-571595174,Indirapuram,23.31553333816699,13.95923032501005,27.474162319083533,56.988192272459074,56.74770160978803,33.48776860375275,36.97675855465803,6864.531424469882,96000.0,AVOID,89,100,11,5.310782541755831
11,65,OSM Parking way-692610360,DLF Cyber City,22.750122265420863,40.15719431866945,29.193766115374338,31.96400436634139,71.3309315138676,30.8559380606223,36.927187078609094,27383.21652463877,89000.0,AVOID,90,77,-13,0.1895465199779806
11,87,OSM Parking way-152002367,Udyog Vihar,17.80288719632449,44.62607568169932,45.31558657396468,30.741511567400245,60.6528263795424,31.91758713298533,36.22787301996889,37595.81035091011,225500.0,AVOID,91,75,-16,-0.7760007374893902
11,109,OSM Parking way-1258173789,Botanical Garden Noida,27.593005354546374,1.326086273786584,78.12996618862427,53.7518820032186,33.62726535275868,36.59062330967284,36.146119616135714,2384.5594943801843,46500.0,AVOID,92,93,1,2.710329409634923
11,39,OSM Parking way-1272464500,Rajouri Garden,25.482981171698967,18.62817242330722,56.883724513852336,43.76093983774523,47.957379855489094,34.01533432975881,36.10664115861835,7820.151838108464,77000.0,AVOID,93,86,-7,1.5143970702188625
11,81,OSM Parking way-1305530431,Sector 29 Gurugram,18.62379888369688,10.58534567486597,37.605667229308494,54.72954421222184,57.269443303664005,31.70876334411155,35.54286533804442,5509.031546931883,88000.0,AVOID,94,103,9,4.868691042439714
11,119,OSM Parking node-1574481003,Faridabad Sector 15,12.346909029777004,1.774125489614497,72.89823825254705,52.91320708903416,58.7833836858006,31.300398008626,35.42284586020219,3478.4096292317504,54500.0,AVOID,95,97,2,3.586017424758193
11,94,OSM Parking way-151993565,Udyog Vihar,7.244084615644571,18.936051710505858,53.413227387719296,53.56466848246816,54.8239961696885,31.77524091708787,35.232554204977966,8755.919414231563,85000.0,AVOID,96,101,5,4.055032086676739
11,70,DLF Downtown Multi Level Car Parking (MLCP),DLF Cyber City,17.848266175062925,0.0034204169960744,59.290650999700034,56.13756899167925,47.42637019025507,32.038925205457325,34.34704195317698,2519.083633831317,70000.0,AVOID,97,105,8,4.5635184691639346
11,97,Multi Level Car Parking (MLCP) Noida,Noida Sector 18,36.68862829547686,9.588285650853733,68.15763064935987,39.88008892471354,29.719237556570285,35.14071052516472,34.327489579875554,5067.696440529932,87500.0,AVOID,98,90,-8,0.2602861089225072
11,35,OSM Parking node-850627124,Dwarka Sector 21,22.007786541890344,14.820563506361198,95.5,33.828092816990605,39.08499103414344,33.134690802167064,34.02723583696352,6123.237523100019,53500.0,AVOID,99,80,-19,-1.5422035798639868
11,79,OSM Parking node-728709435,Sector 29 Gurugram,18.09508815759409,1.0708934639795629,76.46400667031757,54.1527946456101,35.19049436228566,33.68257622695203,33.908763947252076,2078.1745156899983,69000.0,AVOID,100,104,4,3.341419782246959
11,114,OSM Parking way-554394259,Indirapuram,13.34487764797246,8.998322466201481,50.73859135956651,58.60147565143046,40.636382876637136,32.69433616072847,33.88564316811477,5317.757222173016,103000.0,AVOID,101,109,8,5.136131774027543
11,78,OSM Parking node-297255245,Sector 29 Gurugram,25.8152880345841,11.683483786508384,45.66837347625217,54.259022581753534,25.565407854984898,34.86477986835174,33.46987406634671,5624.043804979545,97000.0,AVOID,102,106,4,3.980496122395799
11,25,OSM Parking way-150520028,Saket,21.59447768327202,32.75487937347806,29.282795620549603,34.1693362147754,54.97040311792236,29.563147908236704,33.374236189689555,18168.611788102833,99000.0,AVOID,103,95,-8,0.9437927983513248
11,106,parking zone,Botanical Garden Noida,21.380852214304184,33.41436565939003,56.23067686586691,31.440753468880352,37.68002728385373,31.862799897299823,32.73538400528291,19191.00828703697,73000.0,AVOID,104,91,-13,-0.835181716645998
11,69,OSM Parking way-1093273543,DLF Cyber City,16.794398900990622,30.35713348362711,35.24743614904437,31.813483028316917,60.13383665469864,27.457429347497165,32.35889044357739,14057.793026630136,87000.0,AVOID,105,99,-6,0.6520740275644386
11,71,OSM Parking way-1093273545,DLF Cyber City,8.68197645150202,34.52727122481465,28.747778979852185,43.60119649587587,45.7325306079298,29.448335534807544,31.89096479577588,21798.884411222112,127000.0,AVOID,106,107,1,2.9423281415729363
11,115,OSM Parking way-608015611,Indirapuram,6.017744974061693,0.0,27.096622080194276,50.67573100939569,80.30625841184387,22.84331500512183,31.462756516130145,2898.6653618089704,39000.0,AVOID,107,114,7,5.945641298696557
11,62,OSM Parking way-251320382,DLF Cyber City,17.423016147345816,20.71165317829262,29.522293088812468,38.3473429827754,50.29345085856717,27.00531397201041,30.49853450499392,9282.244448045029,51000.0,AVOID,108,111,3,2.369253326693766
11,57,OSM Parking way-982896113,Vasant Kunj,16.274543962717903,22.02249980105208,51.68859135956651,40.24799219602926,29.012784986154767,30.254579700770964,30.068310493578537,9808.484097777444,88500.0,AVOID,109,110,1,1.5379170732375655
11,24,OSM Parking way-239641076,Saket,17.04509325929383,26.49649925161716,49.67541051328921,18.281073889122712,65.71108167671683,23.54404280377956,29.869098634720142,12551.207827960216,94500.0,AVOID,110,98,-12,-1.9186890678416049
11,98,GIP & WOW parking lot,Noida Sector 18,14.731177972754272,31.031056320745353,65.27181975194758,28.95022746916594,29.68007140156059,29.530889380331978,29.553266683516267,16561.98393113154,70000.0,AVOID,111,102,-9,-1.2091685818974724
11,113,OSM Parking way-1327221069,Indirapuram,17.66821784508599,5.2530576492875705,30.429955413527612,52.12118602853661,32.34135658898968,28.40825569534442,28.998220829391208,4259.964936101332,93500.0,AVOID,112,117,5,5.150616358885433
11,64,OSM Parking way-151988184,DLF Cyber City,21.07447805618154,20.22966692415536,28.014542306333514,31.739883367615302,46.04969829181118,25.456437811522825,28.545426883566076,9469.776803867142,67000.0,AVOID,113,113,0,1.295048140808774
11,103,OSM Parking way-1327222658,Noida Sector 62,9.190454510067312,6.279063814512093,95.5,33.83163204125022,33.69710856208805,27.356371767993313,28.30748228710752,4456.552102270596,71500.0,AVOID,114,108,-6,-0.4737311100414345
11,76,OSM Parking way-1451095896,Sector 29 Gurugram,17.08232284653186,0.0,41.734299402178095,54.3420558106597,16.63435447865882,29.11367928829257,27.241780566847503,1661.6861188665791,49500.0,AVOID,115,118,3,5.210477259163458
11,58,OSM Parking way-982729144,Vasant Kunj,4.447429757450675,0.0,67.52192469289984,39.06899336618765,47.60197411490121,23.04087990412817,26.725044035744126,471.35343665528234,48000.0,AVOID,116,115,-1,2.26188128241062
11,92,OSM Parking way-120114001,Udyog Vihar,11.539990697102194,5.3376771660013045,56.07553481432455,39.45282016925374,34.96107049480956,25.17168545845222,26.64009321390582,4211.0796331018955,49500.0,AVOID,117,116,-1,2.2702628915166585
11,88,OSM Parking way-226082166,Udyog Vihar,15.568522271940893,33.67975380956634,32.815626422145804,15.182178524290087,49.89443242671785,21.722702975764825,25.948462393407777,20457.48614281103,134500.0,AVOID,118,112,-6,-1.8258683465391383
11,91,OSM Parking way-1093273473,Udyog Vihar,9.341563715276743,0.0917908003155096,33.11898675077796,20.368847816507095,66.3,13.854473069308485,21.721302108912212,3215.416856363436,40000.0,AVOID,119,119,0,0.9277101091575553
11,89,OSM Parking way-226082173,Udyog Vihar,16.88892719013028,13.872468976324736,22.310501902293108,12.485738784136878,42.29969768188897,15.262938139138695,19.31845207055124,6700.633833969501,49500.0,AVOID,120,120,0,-0.7807340858168708
8,52,MCD Parking,Lajpat Nagar,81.91400215185098,86.48257295479064,56.62981459994283,82.66676549587018,74.72827985670894,76.92328880061365,76.48428701183272,181556.3856748798,82000.0,ACQUIRE_NOW,1,1,0,-1.8142858652985296
8,51,OSM Parking way-1384231629,Lajpat Nagar,81.4210944538978,45.81112619712815,88.87147265290734,70.93730452378318,87.70854330244416,71.7602494569291,74.94990822603212,25313.81410698316,83000.0,ACQUIRE_NOW,2,6,4,1.943200268710541
8,18,OSM Parking node-786590777,Nehru Place,83.90716413798003,100.0,34.07190525391261,74.58768499336001,66.18293051359517,73.14168859631316,71.74993697976957,316883.7957659745,126500.0,ACQUIRE_NOW,3,2,-1,-4.648590375754608
8,17,OSM Parking way-1265773838,Nehru Place,76.44915879637628,87.58029690123006,32.27897596098332,72.30151038624352,88.0234572017582,67.1524855112083,71.32667984931828,139122.93178494094,67500.0,ACQUIRE_NOW,4,4,0,-2.393733547249866
8,1,OSM Parking node-928559154,Connaught Place,87.6022292064125,100.0,28.01778309409893,62.87070786512365,71.1426197378961,69.62268004140877,69.92666798070624,234519.90329243283,91500.0,ACQUIRE_NOW,5,3,-2,-5.658667385785307
8,41,OSM Parking way-1386106209,Karol Bagh,67.39266635560617,91.21914592782628,51.497771538194435,54.36605991934002,80.75025628931456,66.11891093524171,69.04518000605628,220387.98157561605,134000.0,ACQUIRE_NOW,6,7,1,-1.9695195446094829
8,6,OSM Parking node-928558934,Connaught Place,83.67415560065014,100.0,17.59272727272732,61.80513866298516,77.88515327345254,65.76800538409064,68.19143496196303,433614.4575657261,74500.0,ACQUIRE_NOW,7,5,-2,-5.503264599606766
8,3,Palika Parking,Connaught Place,78.02095273354942,83.38445672630186,24.088405797101448,62.8740276089353,84.3985868102288,62.09196071647201,66.55328593522337,86502.49574398641,42500.0,ACQUIRE_NOW,8,8,0,-3.403267098856759
8,46,OSM Parking way-80414532,Karol Bagh,73.34336231043629,66.05070904288549,53.509676300099194,56.80454263565519,71.41597683108814,62.42707257226904,64.22485342403286,85451.00422336349,148000.0,ACQUIRE_NOW,9,16,7,-1.5503618948457785
8,13,OSM Parking way-1298783157,Nehru Place,68.80186296150517,91.4900410356602,21.37887495088231,68.57702341312249,70.23145267206922,62.56195059029254,64.09585100664788,285442.06833523687,92000.0,ACQUIRE_NOW,10,10,0,-3.4453207961298205
8,16,OSM Parking way-1265773840,Nehru Place,73.36267224708465,80.57166224945628,30.06455928808151,71.72260840059158,63.663853569874725,63.93037554630351,63.87707115101775,124440.42510630476,131000.0,ACQUIRE_NOW,11,11,0,-3.0922992742538824
8,85,OSM Parking way-1435149349,Golf Course Road,35.051889157763185,45.878214929819826,92.59394223043812,59.09654564699649,86.60169184290031,58.15514799125442,63.8444567615836,29519.002410028148,58500.0,ACQUIRE_NOW,12,27,15,6.115509323749443
8,8,OSM Parking node-5634145022,Connaught Place,74.9933366812722,91.63909450855954,25.96424242424247,62.020112208047934,64.51906535519836,63.65419645553054,63.8271702354641,137873.33212430988,56500.0,ACQUIRE_NOW,13,9,-4,-4.456117394180758
8,55,OSM Parking way-1270655678,Lajpat Nagar,81.4428900553814,60.93600304732823,50.42611089623913,77.96635650337944,48.18893967056068,67.69284012558205,63.79206003457777,66077.76045629973,146500.0,PURSUE,14,15,1,-2.362018804395589
8,21,OSM Parking way-1426212235,Nehru Place,67.34304679112077,90.50425450611614,26.41112439882522,56.14644313165036,78.12427441620278,60.101217206928126,63.70582864878306,264785.1162113236,124500.0,ACQUIRE_NOW,15,12,-3,-3.2254253070839596
8,15,Eros,Nehru Place,70.82627236247953,85.8083951709644,28.955238587245947,71.01710969630943,59.720197980750854,64.15175395424983,63.265442759550034,193956.29220412657,116000.0,ACQUIRE_NOW,16,13,-3,-3.3884196815808494
8,22,Lotus Temple Parking,Nehru Place,61.85590767747229,89.44524978451253,46.48204131829587,59.48366683043432,57.808329707684614,64.31671640267875,63.01503906367993,202491.21459961584,78000.0,ACQUIRE_NOW,17,17,0,-2.469151364152104
8,19,Metro Station Parking,Nehru Place,71.57963704087973,83.83689945480735,32.25334662104744,72.34747552739961,54.16586021396071,65.00433966103353,62.83664377161897,125634.70087570108,112000.0,PURSUE,18,14,-4,-3.411474558707951
8,43,OSM Parking way-1386957470,Karol Bagh,70.59934188555627,62.728659918897634,57.869676300099194,61.46122511876633,50.14611520210789,63.16472580582986,60.56100368508547,67391.79808474384,91000.0,PURSUE,19,19,0,-1.722516353451823
8,12,OSM Parking way-454517227,Nehru Place,77.92370930311955,61.60895283653291,34.84624091824828,62.26608887182572,59.31684300195582,59.16124798243161,59.19236698633645,53571.65638602931,65000.0,ACQUIRE_NOW,20,20,0,-3.0513599325371104
8,14,OSM Parking way-1265773839,Nehru Place,63.79760397381464,69.98611035273552,30.027522251044473,69.65785804330568,62.06638982975038,58.36727365522508,59.10709689013014,95893.56018260412,137000.0,ACQUIRE_NOW,21,23,2,-1.7914774088132148
8,2,OSM Parking node-928559077,Connaught Place,62.22919402828535,82.43731184478648,19.733908660910732,67.05174913398554,63.33002850369816,57.86304091699202,58.95643843433325,173865.47424258152,108000.0,ACQUIRE_NOW,22,21,-1,-2.8390006801381418
8,7,OSM Parking way-1237304338,Connaught Place,74.62298693517744,81.78076318837473,21.799076479076525,55.14158020008884,61.3,58.336101700679386,58.92888136054351,79012.65418334173,33000.0,ACQUIRE_NOW,23,18,-5,-4.6393040189782155
8,45,OSM Parking way-80414548,Karol Bagh,51.322172403868464,84.76070857102447,29.42910349792475,64.50439793426938,64.53721399730821,57.504095601771766,58.91071928087906,251315.65026736568,230500.0,ACQUIRE_NOW,24,24,0,-1.4467168974629416
8,42,OSM Parking way-1386957479,Karol Bagh,70.11332988616556,46.80802908175695,47.869676300099194,58.59877760163739,69.48091309421672,55.847453217414774,58.57414519277516,29554.42335537625,57000.0,ACQUIRE_NOW,25,25,0,-0.5542660929067296
8,83,OSM Parking way-1433732982,Golf Course Road,30.51963874667961,70.57725284506041,66.60394223043812,64.71322370954908,57.56722054380665,58.103514382931806,57.996255615106776,94153.25677622668,140000.0,ACQUIRE_NOW,26,30,4,2.86339280726871
8,10,Gurudwara Bangla Sahib Parking Gate No 2,Connaught Place,62.56865235869486,37.22577344025786,56.58687472255453,86.01751018313519,41.88091309421672,60.599702676160625,56.855944759771845,19787.028072433874,57000.0,PURSUE,27,29,2,1.10611099211296
8,40,Shamshan Ghat Parking,Rajouri Garden,38.85182823582255,51.672932538521366,86.17665783809252,58.1645738301028,48.79596142038685,58.71649811063481,56.73239077258522,47071.42713214486,92000.0,PURSUE,28,32,4,3.188030203920789
8,4,OSM Parking way-1306327527,Connaught Place,72.22443068411252,84.90680011836301,20.29421678416003,58.59294983570482,45.0845707977376,59.00459935558509,56.220593644015594,94507.31471581737,77500.0,PURSUE,29,22,-7,-5.269196203449283
8,34,OSM Parking way-1305711567,Dwarka Sector 21,34.57087286074559,37.47085482499262,95.5,65.02928814724912,46.41876324039474,58.14275395824683,55.79795581467641,23663.969130316385,104500.0,PURSUE,30,35,5,5.016772542058007
8,101,OSM Parking way-71656926,Noida Sector 62,23.11180041973354,51.18961356725912,81.11581424157968,48.79475862921605,70.3343327247665,51.0529967144471,54.90926391651098,49849.64943429537,142500.0,ACQUIRE_NOW,31,38,7,5.14158455944181
8,11,Parliament Visitor Parking,Connaught Place,38.15855652609858,47.26435183808807,18.48591511936339,87.63531890117801,82.55434874539,47.88603559618201,54.81969822602362,34230.64299751469,50500.0,ACQUIRE_NOW,32,34,2,3.2547058937823152
8,9,OSM Parking node-928559229,Connaught Place,75.13225479354617,61.00457499218652,20.82945249597423,55.903605412831226,58.66362728873311,53.21747192363454,54.30670299665426,52002.78517351368,93000.0,ACQUIRE_NOW,33,26,-7,-3.793619969087011
8,75,OSM Parking way-1217765675,Sector 29 Gurugram,10.191878853787792,60.51412575359576,58.558169127100655,66.2158075442423,74.0730124871408,48.86999531968163,53.91059875317347,79142.91452312631,161500.0,ACQUIRE_NOW,34,42,8,5.897455284865622
8,86,OSM Parking way-144272815,Golf Course Road,29.796456478329706,36.185121107142926,67.01516435966221,56.97370669422071,77.37625206865285,47.49261215983889,53.46934014160168,17176.436010730722,46000.0,ACQUIRE_NOW,35,41,6,5.27935445293668
8,50,OSM Parking way-1289814788,Karol Bagh,65.44111873863201,31.380554320735317,61.1833800038029,72.5098689419321,36.704984894259816,57.628730501275584,53.44398137987243,12970.836761895762,98000.0,PURSUE,36,33,-3,0.4067721020997794
8,5,OSM Parking way-1306327526,Connaught Place,80.16765723811618,54.5801607485699,18.270407260350503,59.19932571793815,54.49763695803328,53.05438774124369,53.3430375846016,39515.1258743894,61500.0,PURSUE,37,28,-9,-4.147405264424016
8,118,Sector -12 Court Parking,Faridabad Sector 15,28.84687932542555,60.61207983923609,54.59289555920646,65.67874523688232,56.66022880215343,52.432649990187606,53.278165752580776,78078.56994045262,179500.0,PURSUE,38,36,-2,2.9313015554077637
8,84,OSM Parking way-1313204367,Golf Course Road,9.921633146519287,53.2367944889881,85.92727556377146,70.42120685564808,46.579811574697175,54.87672751373173,53.21734432592482,59277.14115638957,270000.0,PURSUE,39,45,6,6.49241166060451
8,120,OSM Parking way-153527300,Faridabad Sector 15,16.83775923998316,48.19174275285552,73.7962288925398,57.64979150241513,66.774946021884,49.1188805969484,52.65009368193552,34977.59549798011,86000.0,ACQUIRE_NOW,40,44,4,5.817685259200857
8,53,OSM Parking way-202800243,Lajpat Nagar,10.928245787562936,34.478674902772056,59.950391180519006,77.1038961377848,76.64034119048684,45.6153020021597,51.82030983982513,20485.98660682517,87500.0,DEVELOP,41,53,12,7.867973101544635
8,44,OSM Parking way-1386957481,Karol Bagh,58.62939942242583,60.52672423538395,53.9996763000992,59.4541155925863,26.36983060427027,58.15247888762382,51.79594923095311,44053.97741394524,112000.0,PURSUE,42,31,-11,-1.89809502916399
8,33,OSM Parking way-1534261317,Dwarka Sector 21,21.33977291629675,33.80985183515807,95.5,67.20854741699077,40.69383876909565,54.464543042111394,51.71040218750825,20742.190488121603,92500.0,PURSUE,43,50,7,6.345649425916747
8,99,OSM Parking way-1514695589,Noida Sector 18,29.114297667594037,43.46065704622947,67.10219555232379,54.79792345565807,63.813681368502806,48.61876843045135,51.65775101806164,32083.56932597485,100000.0,ACQUIRE_NOW,44,43,-1,4.201227399753357
8,104,OSM Parking node-7151184473,Noida Sector 62,36.64172294836256,47.92065845134002,46.06222736081141,66.03043054699755,61.32761097534694,49.16375982687789,51.5965300565717,42658.704539493345,143500.0,ACQUIRE_NOW,45,40,-5,2.61080822675455
8,102,OSM Parking way-71656927,Noida Sector 62,26.656075744264648,45.40754733531048,73.15661984849525,40.817474870605984,64.71128620396613,46.50942944966909,50.1498008005285,29273.710603584168,60000.0,DEVELOP,46,47,1,3.9982841049613858
8,31,DLF South Court Parking,Saket,28.146348386171013,43.36054241439907,43.58566722930849,61.32608847391759,73.1184393716988,44.10466162594904,49.90741717509899,34048.13523179583,80000.0,DEVELOP,47,48,1,3.9188477944091886
8,72,OSM Parking way-224348146,Sector 29 Gurugram,27.191762276720752,55.36118926596424,46.005410513289206,61.89807964112135,56.27866837715963,47.61411042427388,49.347022014851035,57931.74125314318,141000.0,PURSUE,48,46,-2,2.721872235608231
8,26,OSM Parking way-633000310,Saket,24.423494121859584,52.693506829129014,54.72912150805304,31.851923713947265,79.71574018126888,40.92451154324722,48.68275727085155,53621.93362651155,143500.0,DEVELOP,49,49,0,3.2378145165210483
8,49,OSM Parking way-463710736,Karol Bagh,78.16209407470151,21.53582895809929,51.25189852232142,53.20511886631607,38.74368710177162,51.03873510535957,48.579725504641985,9808.514630353162,99000.0,PURSUE,50,37,-13,-1.7329656308546504
8,56,OSM Parking way-1200970626,Lajpat Nagar,22.513651791748092,28.928983771283665,54.29745407787697,77.19014217434427,57.914263844217736,45.73255795381325,48.16889913189415,15594.692034311876,97000.0,DEVELOP,51,59,8,5.772278637082962
8,20,OSM Parking way-454514534,Nehru Place,61.60374118078423,44.219467994149035,21.966679954380776,59.67927532757821,51.58392367026792,46.867291114223065,47.81061762543204,26518.41957855657,46000.0,PURSUE,52,39,-13,-1.7098535701745234
8,117,OSM Parking way-1256890554,Faridabad Sector 15,24.065899415962477,26.385801052476612,95.5,54.36204467430363,38.22589526415731,50.07843628568568,47.70792808138,12158.42511730381,69500.0,PURSUE,53,60,7,5.678517002702968
8,68,OSM Parking way-1093273472,DLF Cyber City,19.64328715538016,65.15639295947265,31.637505269296476,32.147520582148374,87.26315085816056,37.146176491574415,47.16957136489165,89145.1909939636,104500.0,DEVELOP,54,52,-2,2.3302604719686286
8,23,OSM Parking way-239641077,Saket,21.41325868691867,44.25002914105078,49.258743846622544,21.994727219013505,95.5337164186994,34.22918972340137,46.49009506246098,31078.237134922125,57500.0,DEVELOP,55,57,2,3.985532048472365
8,36,OSM Parking way-1436470011,Rajouri Garden,35.37456543487069,35.45969792632512,49.95981459994284,49.23332310480009,62.30619335347432,42.50685026648469,46.46671888388262,20738.482628815913,71500.0,DEVELOP,56,54,-2,2.7645251131075455
8,74,OSM Parking way-24501706,Sector 29 Gurugram,9.05183917805066,36.57342944107793,44.25233389597516,63.337322275495,76.18584118438761,38.30373119764969,45.88015319499728,24346.573655995493,185000.0,DEVELOP,57,68,11,6.454919477933927
8,59,OSM Parking node-449455817,Vasant Kunj,11.71356603935138,25.46773964261345,95.5,49.76074692355947,45.860714300236246,45.61051315138107,45.66055338115211,13085.621481854008,90500.0,AVOID,58,71,13,7.111329475123981
8,38,OSM Parking way-1376710968,Rajouri Garden,27.63066499858505,27.378041491421737,61.519444229572464,47.559071163291485,62.91393001345895,41.02180547071768,45.400230379265935,13314.538828237944,41000.0,DEVELOP,59,64,5,4.467653695886554
8,90,MSIL Material Gate,Udyog Vihar,25.52511700522063,53.75040013898237,49.558894027478075,34.57822030610591,62.17076716016151,40.85315786944674,45.1166797275897,55968.29620242446,167500.0,DEVELOP,60,56,-4,2.075362367216094
8,30,Salcon Rasvilas Parking,Saket,23.67819169957536,40.679256475484195,43.58566722930849,53.91506114011808,62.919702520605206,40.46454413612153,44.95557581301827,24300.62435580259,78000.0,DEVELOP,61,62,1,3.619239550769848
8,47,OSM Parking way-1460536295,Karol Bagh,48.038766208971275,27.340568782346335,52.34467135698334,66.12700039220792,30.15251369275372,48.46275168512722,44.80070408665252,12946.36558895132,83000.0,PURSUE,62,55,-7,1.260304212082815
8,105,OSM Parking way-1193997714,Botanical Garden Noida,26.439007956666774,28.985492750874144,61.25860607689176,37.1573436292285,68.31315236263535,38.4601126034153,44.43072055525931,16442.985012948022,92500.0,DEVELOP,63,66,3,4.243279670227409
8,80,OSM Parking way-24636762,Sector 29 Gurugram,34.24145384534328,32.12991045953274,56.366228892539795,55.80897618800208,43.26246172738104,44.63664234635447,44.36180622255979,16427.00016732295,81500.0,AVOID,64,61,-3,2.741242432885187
8,100,OSM Parking way-71596234,Noida Sector 18,33.53673843601762,18.72712304675006,84.62147265290734,59.82142169674553,24.397549942464003,49.176688958105146,44.22086115497691,8554.52162891349,102500.0,PURSUE,65,67,2,4.151992218666585
8,93,OSM Parking way-120114009,Udyog Vihar,12.251399701886328,29.51380390140998,54.40886814765789,41.90853470406294,81.76039888912834,34.52065161375428,43.968601068829095,15234.741137798464,88000.0,DEVELOP,66,73,7,6.203059921783328
8,29,OSM Parking way-1385319902,Saket,35.405725312697015,44.38058423748591,40.29564911309307,47.73233386300454,50.202675322140585,41.95357313157013,43.60339356968423,29702.47704860198,86500.0,AVOID,67,58,-9,1.15193117176792
8,67,OSM Parking way-692610367,DLF Cyber City,24.21811184775808,49.826256715156674,31.65232008411129,26.89925014852233,82.3301874087658,33.14898469888709,42.98522524086283,43629.20781173503,88500.0,DEVELOP,68,65,-3,2.1309638615363298
8,61,IIMC parking,Vasant Kunj,10.588518801482122,23.966028400391075,55.39796092464794,59.7654038664388,64.45335388093505,37.42947799823998,42.83425317477899,11706.763126680433,82000.0,DEVELOP,69,78,9,6.72368263343332
8,116,OSM Parking way-153527302,Faridabad Sector 15,12.937429050286596,8.028513229315182,80.01823825254705,52.80175804401343,57.42638015231791,38.44648464404057,42.242463745696035,4768.92682664665,80000.0,AVOID,70,88,18,7.817150255949507
8,37,OSM Parking node-1374470937,Rajouri Garden,30.172422403772455,27.62593645740602,51.6264812666095,49.98551033716466,50.82231278437623,39.85258761623816,42.04653264986578,14331.92336498405,111000.0,AVOID,71,70,-1,3.2231761561599797
8,95,"Final vehicle parking area ""B""",Udyog Vihar,16.85816663470208,43.935765579896746,45.04619035068226,60.24902034965482,42.58015658736323,41.522285728733976,41.73385990045983,35896.8737417902,142000.0,AVOID,72,72,0,3.5111634219199743
8,32,MGF Metropolitan Parking,Saket,42.34861714318533,33.80421877484818,37.56342689087085,57.66894390490051,37.10377643504532,42.84630167845121,41.69779662977004,19668.233922221803,124500.0,AVOID,73,63,-10,0.6917347084798919
8,82,OSM Parking way-1443588429,Golf Course Road,25.30700322170148,0.428958634056955,90.30764593414185,56.61990020209141,35.41625991631867,43.16587699799791,41.61595358166207,3219.0434059771064,50500.0,AVOID,74,82,8,6.565042048754599
8,28,OSM Parking way-633000303,Saket,21.83876080985671,44.196458932607214,51.91594690487843,30.49717729493028,59.52161218705908,37.11208598556816,41.59399122586635,30966.569649795463,90000.0,DEVELOP,75,69,-6,2.703037791727361
8,35,OSM Parking node-850627124,Dwarka Sector 21,22.007786541890344,14.820563506361198,95.5,33.828092816990605,39.08499103414344,41.53911071631054,41.04828677987712,6123.237523100019,53500.0,AVOID,76,80,4,5.47884736304961
8,48,OSM Parking way-80418116,Karol Bagh,79.75488973442346,27.603488272881577,32.63869164780797,47.993261041395,14.781117824773414,46.997582674126996,40.55428970425629,10037.362378033253,83500.0,PURSUE,77,51,-26,-4.585009861387604
8,27,Religare Parking,Saket,21.887290372596624,34.200311201333115,26.21006781994849,49.178596240159024,69.68631822488238,32.86906640850931,40.23251677178393,20551.986463561643,68500.0,AVOID,78,76,-2,3.355004516923181
8,107,car parking,Botanical Garden Noida,17.00181508727649,22.272940737020456,64.32322146150715,48.89962309877447,48.21477170611508,38.12440009614464,40.14247441813873,9715.802349052354,49500.0,AVOID,79,83,4,5.258052267741171
8,54,OSM Parking way-1297324904,Lajpat Nagar,20.1614937583494,15.491353789214893,55.3064812666095,70.50607434098588,39.17130885241102,40.36635078878992,40.12734240151414,6867.739932799399,103000.0,AVOID,80,85,5,5.458476157704638
8,108,OSM Parking way-402582932,Botanical Garden Noida,25.278178550031093,17.70280689349491,67.98622512451081,53.796981884824575,34.607531522813126,41.191048113215345,39.8743447951349,8312.375483448302,70500.0,AVOID,81,81,0,4.406578726929574
8,87,OSM Parking way-152002367,Udyog Vihar,17.80288719632449,44.62607568169932,45.31558657396468,30.741511567400245,60.6528263795424,34.62151525484718,39.82777747978623,37595.81035091011,225500.0,DEVELOP,82,75,-7,2.823903722327948
8,66,OSM Parking way-1418601779,DLF Cyber City,23.875226421292343,26.416177312361047,42.856190350682255,45.927542035036105,59.78494602188401,34.76878402984293,39.77201642825115,13139.475367656223,86000.0,DEVELOP,83,79,-4,3.7201024126328264
8,119,OSM Parking node-1574481003,Faridabad Sector 15,12.346909029777004,1.774125489614497,72.89823825254705,52.91320708903416,58.7833836858006,34.983119965243176,39.74317270935467,3478.4096292317504,54500.0,DEVELOP,84,97,13,7.906344273910673
8,63,OSM Parking way-1106809494,DLF Cyber City,23.599507669134184,44.61482385624745,31.875234265283055,41.344277552879475,56.5958354511188,35.358460835886035,39.60593575893259,32924.77840177144,63500.0,AVOID,85,74,-11,1.9000754037382703
8,110,OSM Parking way-554394266,Indirapuram,6.49567113669864,23.975184278004747,50.62479275400193,57.75976258414104,57.538163849503725,34.71385268821159,39.278714920470016,11462.663699696002,63500.0,AVOID,86,94,8,6.447809631812234
8,96,OSM Parking way-120113983,Udyog Vihar,7.111111360970765,20.2608945747626,40.87615485796877,55.48836276982711,71.78681218055324,30.93413089088231,39.1046671488165,9964.263705304558,118500.0,AVOID,87,96,9,6.683410625582255
8,65,OSM Parking way-692610360,DLF Cyber City,22.750122265420863,40.15719431866945,29.193766115374338,31.96400436634139,71.3309315138676,31.01627176645151,39.079203715934725,27383.21652463877,89000.0,AVOID,88,77,-11,2.341563157303611
8,73,OSM Parking way-475681096,Sector 29 Gurugram,18.851693330550553,23.155209250973897,35.85279197023593,56.27949781847038,61.1792732166891,33.534798092557686,39.06369311738398,10999.390671690748,45000.0,DEVELOP,89,87,-2,4.622648354666026
8,109,OSM Parking way-1258173789,Botanical Garden Noida,27.593005354546374,1.326086273786584,78.12996618862427,53.7518820032186,33.62726535275868,40.20023495504395,38.885641034586904,2384.5594943801843,46500.0,AVOID,90,93,3,5.449850828086113
8,112,OSM Parking node-571595195,Indirapuram,15.657275079193091,33.171774649935074,26.474162319083533,58.53133289582301,59.56939979587936,33.45863623600868,38.68078894798282,17991.857628925503,108500.0,DEVELOP,91,84,-7,4.004428510123233
8,39,OSM Parking way-1272464500,Rajouri Garden,25.482981171698967,18.62817242330722,56.883724513852336,43.76093983774523,47.957379855489094,36.18895448665094,38.54263956041858,7820.151838108464,77000.0,AVOID,92,86,-6,3.950395472019089
8,77,Metro Car Parking,Sector 29 Gurugram,22.127558290806483,24.778395328058384,43.62900056264183,56.417886533314,43.4671768327146,36.738210178705174,38.08400350950706,11969.848199662223,99500.0,AVOID,93,89,-4,3.724027600949959
8,94,OSM Parking way-151993565,Udyog Vihar,7.244084615644571,18.936051710505858,53.413227387719296,53.56466848246816,54.8239961696885,33.28950804908447,37.59640567320528,8755.919414231563,85000.0,AVOID,94,101,7,6.418883554904056
8,60,OSM Parking way-962692147,Vasant Kunj,24.529582123238217,16.84169432179732,54.52605616274318,55.460505131732546,36.47230221239118,37.83945943487782,37.56602799038049,7754.932784408335,83500.0,AVOID,95,92,-3,4.027900246929661
8,79,OSM Parking node-728709435,Sector 29 Gurugram,18.09508815759409,1.0708934639795629,76.46400667031757,54.1527946456101,35.19049436228566,37.44569573437533,36.9946554599574,2078.1745156899983,69000.0,AVOID,96,104,8,6.427311294952283
8,97,Multi Level Car Parking (MLCP) Noida,Noida Sector 18,36.68862829547686,9.588285650853733,68.15763064935987,39.88008892471354,29.719237556570285,38.57865838010101,36.80677421539486,5067.696440529932,87500.0,AVOID,97,90,-7,2.7395707444418136
8,70,DLF Downtown Multi Level Car Parking (MLCP),DLF Cyber City,17.848266175062925,0.0034204169960744,59.290650999700034,56.13756899167925,47.42637019025507,33.31997664585957,36.141255354738675,2519.083633831317,70000.0,AVOID,98,105,7,6.357731870725626
8,106,parking zone,Botanical Garden Noida,21.380852214304184,33.41436565939003,56.23067686586691,31.440753468880352,37.68002728385373,35.616662052110364,36.02933509845904,19191.00828703697,73000.0,AVOID,99,91,-8,2.4587693765301353
8,81,OSM Parking way-1305530431,Sector 29 Gurugram,18.62379888369688,10.58534567486597,37.605667229308494,54.72954421222184,57.269443303664005,30.386089000023293,35.76275986075144,5509.031546931883,88000.0,AVOID,100,103,3,5.0885855651467296
8,103,OSM Parking way-1327222658,Noida Sector 62,9.190454510067312,6.279063814512093,95.5,33.83163204125022,33.69710856208805,36.20028759145741,35.69965178558354,4456.552102270596,71500.0,AVOID,101,108,7,6.918438388434584
8,111,OSM Parking node-571595174,Indirapuram,23.31553333816699,13.95923032501005,27.474162319083533,56.988192272459074,56.74770160978803,30.43427956367991,35.696963972901536,6864.531424469882,96000.0,AVOID,102,100,-2,4.030987959999333
8,24,OSM Parking way-239641076,Saket,17.04509325929383,26.49649925161716,49.67541051328921,18.281073889122712,65.71108167671683,27.87451922833073,35.44183171800795,12551.207827960216,94500.0,AVOID,103,98,-5,3.654044015446196
8,69,OSM Parking way-1093273543,DLF Cyber City,16.794398900990622,30.35713348362711,35.24743614904437,31.813483028316917,60.13383665469864,28.553112890494756,34.86925764333554,14057.793026630136,87000.0,AVOID,104,99,-5,3.1624412273225886
8,25,OSM Parking way-150520028,Saket,21.59447768327202,32.75487937347806,29.282795620549603,34.1693362147754,54.97040311792236,29.450372223018775,34.55437840199949,18168.611788102833,99000.0,AVOID,105,95,-10,2.1239350106612633
8,114,OSM Parking way-554394259,Indirapuram,13.34487764797246,8.998322466201481,50.73859135956651,58.60147565143046,40.636382876637136,32.92081678129273,34.463930000361614,5317.757222173016,103000.0,AVOID,106,109,3,5.714418606274389
8,98,GIP & WOW parking lot,Noida Sector 18,14.731177972754272,31.031056320745353,65.27181975194758,28.95022746916594,29.68007140156059,34.996070378653286,33.932870583234745,16561.98393113154,70000.0,AVOID,107,102,-5,3.1704353178210063
8,115,OSM Parking way-608015611,Indirapuram,6.017744974061693,0.0,27.096622080194276,50.67573100939569,80.30625841184387,20.947524515912914,32.81927129509911,2898.6653618089704,39000.0,AVOID,108,114,6,7.302156077665522
8,78,OSM Parking node-297255245,Sector 29 Gurugram,25.8152880345841,11.683483786508384,45.66837347625217,54.259022581753534,25.565407854984898,34.35654196977455,32.59831514681662,5624.043804979545,97000.0,AVOID,109,106,-3,3.108937202865704
8,71,OSM Parking way-1093273545,DLF Cyber City,8.68197645150202,34.52727122481465,28.747778979852185,43.60119649587587,45.7325306079298,28.889555788011183,32.258150751994904,21798.884411222112,127000.0,AVOID,110,107,-3,3.3095140977919613
8,57,OSM Parking way-982896113,Vasant Kunj,16.274543962717903,22.02249980105208,51.68859135956651,40.24799219602926,29.012784986154767,32.55840682984144,31.849282461104107,9808.484097777444,88500.0,AVOID,111,110,-1,3.3188890407631355
8,58,OSM Parking way-982729144,Vasant Kunj,4.447429757450675,0.0,67.52192469289984,39.06899336618765,47.60197411490121,27.75958695413454,31.728064386287876,471.35343665528234,48000.0,AVOID,112,115,3,7.26490163295437
8,62,OSM Parking way-251320382,DLF Cyber City,17.423016147345816,20.71165317829262,29.522293088812468,38.3473429827754,50.29345085856717,26.501076349306576,31.259551251158697,9282.244448045029,51000.0,AVOID,113,111,-2,3.1302700728585435
8,92,OSM Parking way-120114001,Udyog Vihar,11.539990697102194,5.3376771660013045,56.07553481432455,39.45282016925374,34.96107049480956,28.10150571167045,29.473418668298272,4211.0796331018955,49500.0,AVOID,114,116,2,5.10358834590911
8,88,OSM Parking way-226082166,Udyog Vihar,15.568522271940893,33.67975380956634,32.815626422145804,15.182178524290087,49.89443242671785,24.311520256985784,29.4281026909322,20457.48614281103,134500.0,AVOID,115,112,-3,1.6537719509852842
8,64,OSM Parking way-151988184,DLF Cyber City,21.07447805618154,20.22966692415536,28.014542306333514,31.739883367615302,46.04969829181118,25.264642663571433,29.421653789219384,9469.776803867142,67000.0,AVOID,116,113,-3,2.171275046462082
8,113,OSM Parking way-1327221069,Indirapuram,17.66821784508599,5.2530576492875705,30.429955413527612,52.12118602853661,32.34135658898968,26.36810423410945,27.562754705085496,4259.964936101332,93500.0,AVOID,117,117,0,3.715150234579721
8,76,OSM Parking way-1451095896,Sector 29 Gurugram,17.08232284653186,0.0,41.734299402178095,54.3420558106597,16.63435447865882,28.28966951484242,25.9586065076057,1661.6861188665791,49500.0,AVOID,118,118,0,3.9273031999216528
8,91,OSM Parking way-1093273473,Udyog Vihar,9.341563715276743,0.0917908003155096,33.11898675077796,20.368847816507095,66.3,15.730297270719324,25.844237816575458,3215.416856363436,40000.0,AVOID,119,119,0,5.050645816820801
8,89,OSM Parking way-226082173,Udyog Vihar,16.88892719013028,13.872468976324736,22.310501902293108,12.485738784136878,42.29969768188897,16.38940921322125,21.571466906954793,6700.633833969501,49500.0,AVOID,120,120,0,1.472280750586684
